{
	"format_version": "1.12.0",
	"minecraft:geometry": [
		{
			"description": {
				"identifier": "geometry.crucible",
				"texture_width": 128,
				"texture_height": 128,
				"visible_bounds_width": 2,
				"visible_bounds_height": 2.5,
				"visible_bounds_offset": [
					0,
					0.75,
					0
				]
			},
			"bones": [
				{
					"name": "fill1",
					"pivot": [
						0,
						0,
						0
					],
					"cubes": [
						{
							"origin": [
								-6,
								4,
								-6
							],
							"size": [
								12,
								0,
								12
							],
							"uv": [
								67,
								89
							]
						}
					]
				},
				{
					"name": "fill2",
					"pivot": [
						0,
						0,
						0
					],
					"cubes": [
						{
							"origin": [
								-6,
								7,
								-6
							],
							"size": [
								12,
								0,
								12
							],
							"uv": [
								67,
								89
							]
						}
					]
				},
				{
					"name": "fill3",
					"pivot": [
						0,
						0,
						0
					],
					"cubes": [
						{
							"origin": [
								-6,
								10,
								-6
							],
							"size": [
								12,
								0,
								12
							],
							"uv": [
								67,
								89
							]
						}
					]
				},
				{
					"name": "fill4",
					"pivot": [
						0,
						0,
						0
					],
					"cubes": [
						{
							"origin": [
								-6,
								13,
								-6
							],
							"size": [
								12,
								0,
								12
							],
							"uv": [
								67,
								89
							]
						}
					]
				},
				{
					"name": "fill5",
					"pivot": [
						0,
						0,
						0
					],
					"cubes": [
						{
							"origin": [
								-6,
								16,
								-6
							],
							"size": [
								12,
								0,
								12
							],
							"uv": [
								-3,
								100
							]
						}
					]
				},
				{
					"name": "bone",
					"pivot": [
						0,
						0,
						0
					],
					"cubes": [
						{
							"origin": [
								-7,
								0,
								-6
							],
							"size": [
								1,
								16,
								12
							],
							"pivot": [
								0,
								0,
								0
							],
							"rotation": [
								0,
								90,
								0
							],
							"uv": [
								0,
								2
							]
						},
						{
							"origin": [
								-6,
								0,
								-6
							],
							"size": [
								12,
								1,
								12
							],
							"uv": [
								0,
								0
							]
						},
						{
							"origin": [
								6,
								0,
								-7
							],
							"size": [
								1,
								16,
								14
							],
							"uv": [
								0,
								0
							]
						},
						{
							"origin": [
								6,
								0,
								-6
							],
							"size": [
								1,
								16,
								12
							],
							"pivot": [
								0,
								0,
								0
							],
							"rotation": [
								0,
								90,
								0
							],
							"uv": [
								0,
								2
							]
						},
						{
							"origin": [
								-7,
								0,
								-7
							],
							"size": [
								1,
								16,
								14
							],
							"uv": [
								0,
								0
							]
						}
					]
				}
			]
		}
	]
}