{
	"format_version": "1.12.0",
	"minecraft:geometry": [
		{
			"description": {
				"identifier": "geometry.vatonage.botany_pot.bamboo",
				"texture_width": 16,
				"texture_height": 16,
				"visible_bounds_width": 3,
				"visible_bounds_height": 2.5,
				"visible_bounds_offset": [0, 0.75, 0]
			},
			"bones": [
				{
					"name": "vector",
					"pivot": [0, 0, 0],
					"cubes": [
						{
							"origin": [-1, 0, -1],
							"size": [2, 11, 2],
							"uv": {
								"north": {"uv": [9, 0], "uv_size": [3, 16]},
								"east": {"uv": [6, 0], "uv_size": [3, 16]},
								"south": {"uv": [3, 0], "uv_size": [3, 16]},
								"west": {"uv": [0, 0], "uv_size": [3, 16]},
								"up": {"uv": [16, 3], "uv_size": [-3, -3]},
								"down": {"uv": [16, 7], "uv_size": [-3, -3]}
							}
						}
					]
				}
			]
		}
	]
}