{
	"format_version": "1.21.0",
	"minecraft:geometry": [
		{
			"description": {
				"identifier": "geometry.vatonage.botany_pot.chorus_flower",
				"texture_width": 16,
				"texture_height": 16,
				"visible_bounds_width": 3,
				"visible_bounds_height": 3,
				"visible_bounds_offset": [0, 0.5, 0]
			},
			"bones": [
				{
					"name": "vector",
					"pivot": [0, 0, 0]
				},
				{
					"name": "bone2",
					"parent": "vector",
					"pivot": [0, 0, -1],
					"cubes": [
						{
							"origin": [3.5, 1, -3.5],
							"size": [0.5, 7, 7],
							"uv": {
								"north": {"uv": [0, 1], "uv_size": [1, 14]},
								"east": {"uv": [1, 1], "uv_size": [14, 14]},
								"south": {"uv": [15, 1], "uv_size": [1, 14]},
								"west": {"uv": [1, 1], "uv_size": [14, 14]},
								"up": {"uv": [1, 15], "uv_size": [-1, -14]},
								"down": {"uv": [15, 1], "uv_size": [-14, -1], "uv_rotation": 270}
							}
						},
						{
							"origin": [-4, 1, -3.5],
							"size": [0.5, 7, 7],
							"uv": {
								"north": {"uv": [0, 1], "uv_size": [1, 14]},
								"east": {"uv": [1, 1], "uv_size": [14, 14]},
								"south": {"uv": [15, 1], "uv_size": [1, 14]},
								"west": {"uv": [1, 1], "uv_size": [14, 14]},
								"up": {"uv": [1, 15], "uv_size": [-1, -14]},
								"down": {"uv": [15, 1], "uv_size": [-14, -1], "uv_rotation": 270}
							}
						},
						{
							"origin": [-1.5, 1, 1.5],
							"size": [0.5, 7, 7],
							"pivot": [0, 4, 5],
							"rotation": [0, -90, 0],
							"uv": {
								"north": {"uv": [0, 1], "uv_size": [1, 14]},
								"east": {"uv": [1, 1], "uv_size": [14, 14]},
								"south": {"uv": [15, 1], "uv_size": [1, 14]},
								"west": {"uv": [1, 1], "uv_size": [14, 14]},
								"up": {"uv": [1, 15], "uv_size": [-1, -14]},
								"down": {"uv": [15, 1], "uv_size": [-14, -1], "uv_rotation": 270}
							}
						},
						{
							"origin": [1, 1, -8.5],
							"size": [0.5, 7, 7],
							"pivot": [0, 4, -5],
							"rotation": [0, -90, 0],
							"uv": {
								"north": {"uv": [0, 1], "uv_size": [1, 14]},
								"east": {"uv": [1, 1], "uv_size": [14, 14]},
								"south": {"uv": [15, 1], "uv_size": [1, 14]},
								"west": {"uv": [1, 1], "uv_size": [14, 14]},
								"up": {"uv": [1, 15], "uv_size": [-1, -14]},
								"down": {"uv": [15, 1], "uv_size": [-14, -1], "uv_rotation": 270}
							}
						},
						{
							"origin": [-0.5, 4.5, -3.5],
							"size": [0.5, 7, 7],
							"pivot": [0, 8, 0],
							"rotation": [-90, 0, 90],
							"uv": {
								"north": {"uv": [0, 1], "uv_size": [1, 14]},
								"east": {"uv": [1, 1], "uv_size": [14, 14]},
								"south": {"uv": [15, 1], "uv_size": [1, 14]},
								"west": {"uv": [1, 1], "uv_size": [14, 14]},
								"up": {"uv": [1, 15], "uv_size": [-1, -14]},
								"down": {"uv": [15, 1], "uv_size": [-14, -1], "uv_rotation": 270}
							}
						},
						{
							"origin": [-1, -3.5, -3.5],
							"size": [0.5, 7, 7],
							"pivot": [0, 0, 0],
							"rotation": [-90, 0, 90],
							"uv": {
								"north": {"uv": [0, 1], "uv_size": [1, 14]},
								"east": {"uv": [1, 1], "uv_size": [14, 14]},
								"south": {"uv": [15, 1], "uv_size": [1, 14]},
								"west": {"uv": [1, 1], "uv_size": [14, 14]},
								"up": {"uv": [1, 15], "uv_size": [-1, -14]},
								"down": {"uv": [15, 1], "uv_size": [-14, -1], "uv_rotation": 270}
							}
						}
					]
				}
			]
		}
	]
}