{
	"format_version": "1.12.0",
	"minecraft:geometry": [
		{
			"description": {
				"identifier": "geometry.vatonage.botany_pot.cactus",
				"texture_width": 32,
				"texture_height": 16,
				"visible_bounds_width": 3,
				"visible_bounds_height": 2.5,
				"visible_bounds_offset": [0, 0.75, 0]
			},
			"bones": [
				{
					"name": "vector",
					"pivot": [0, 0, 0],
					"cubes": [
						{
							"origin": [-10, 0, 2],
							"size": [8, 10, 8],
							"pivot": [0, 0, 6],
							"rotation": [0, -90, 0],
							"uv": {
								"north": {"uv": [1, 0], "uv_size": [14, 16]},
								"east": {"uv": [1, 0], "uv_size": [14, 16]},
								"south": {"uv": [1, 0], "uv_size": [14, 16]},
								"west": {"uv": [1, 0], "uv_size": [14, 16]},
								"up": {"uv": [31, 15], "uv_size": [-14, -14]},
								"down": {"uv": [0, 12], "uv_size": [0, -12]}
							}
						},
						{
							"origin": [4, 0, 4],
							"size": [0.6, 10, 0.6],
							"uv": {
								"north": {"uv": [15, 0], "uv_size": [1, 16]},
								"east": {"uv": [0, 0], "uv_size": [0, 16]},
								"south": {"uv": [0, 0], "uv_size": [0, 0]},
								"west": {"uv": [0, 0], "uv_size": [0, 0]},
								"up": {"uv": [1, 1], "uv_size": [-1, -1]},
								"down": {"uv": [1, 1], "uv_size": [-1, -1]}
							}
						},
						{
							"origin": [-4.6, 0, 4],
							"size": [0.6, 10, 0.6],
							"uv": {
								"north": {"uv": [0, 0], "uv_size": [1, 16]},
								"east": {"uv": [0, 0], "uv_size": [0, 0]},
								"south": {"uv": [0, 0], "uv_size": [0, 0]},
								"west": {"uv": [15, 0], "uv_size": [1, 16]},
								"up": {"uv": [1, 1], "uv_size": [-1, -1]},
								"down": {"uv": [1, 1], "uv_size": [-1, -1]}
							}
						},
						{
							"origin": [4, 0, -4.6],
							"size": [0.6, 10, 0.6],
							"uv": {
								"north": {"uv": [16, 0], "uv_size": [0, 16]},
								"east": {"uv": [15, 0], "uv_size": [1, 16]},
								"south": {"uv": [0, 0], "uv_size": [1, 16]},
								"west": {"uv": [0, 0], "uv_size": [0, 0]},
								"up": {"uv": [1, 1], "uv_size": [-1, -1]},
								"down": {"uv": [1, 1], "uv_size": [-1, -1]}
							}
						},
						{
							"origin": [-4.6, 0, -4.6],
							"size": [0.6, 10, 0.6],
							"uv": {
								"north": {"uv": [16, 0], "uv_size": [0, 16]},
								"east": {"uv": [16, 0], "uv_size": [0, 16]},
								"south": {"uv": [15, 0], "uv_size": [1, 16]},
								"west": {"uv": [0, 0], "uv_size": [1, 16]},
								"up": {"uv": [1, 1], "uv_size": [-1, -1]},
								"down": {"uv": [1, 1], "uv_size": [-1, -1]}
							}
						}
					]
				}
			]
		}
	]
}