
{
  "sp.custom": {
    "category": "ui",
    "sounds": [
      "ui/Spotify/Music/sp_custom"
    ]
  },
    "c.muisc": {
    "category": "ui",
    "sounds": [
      "ui/Spotify/Music/cmusic"
    ]
  },
      "random.emote": {
    "category": "ui",
    "sounds": [
      "sounds/random/emote_selection"
    ]
  },
  "ui.stonecutter.take_result": {
    "category": "ui",
    "sounds": [
      {
        "name": "sounds/ui/stonecutter/cut1",
        "volume": 1
      },
      {
        "name": "sounds/ui/stonecutter/cut1",
        "volume": 1,
        "pitch": 0.92
      },
      {
        "name": "sounds/ui/stonecutter/cut2",
        "volume": 1
      },
      {
        "name": "sounds/ui/stonecutter/cut2",
        "volume": 1,
        "pitch": 0.92
      }
    ]
  }
}