
{
  //////// Text colors ////////
  "$generic_button_text_color": [ 1.0, 1.0, 1.0 ],
    //////// (Edit this for your own experience bars textures) ////////
  "$experience_outline_text_color": [ 0.0, 0.0, 0.0 ],
  "$light_button_default_text_color": [ 1.0, 1.0, 1.0 ],
  "$light_button_hover_text_color": [ 1.0, 1.0, 1.0 ],
  "$light_button_pressed_text_color": [ 1.0, 1.0, 1.0 ],
  "$light_button_locked_text_color": [ 1.0, 1.0, 1.0 ],
      //////// (Show Hud While Open Gui) ////////
  "$show_hud_while_inventory": false,
  "$light_toggle_default_text_color": [0.75,0.78,0.78],
  "$light_toggle_hover_text_color": [0.75,0.78,0.78],
  "$light_toggle_checked_default_text_color": [0.75,0.78,0.78],
  "$light_toggle_checked_hover_text_color": [0.75,0.78,0.78],
  "$dark_button_default_text_color": [ 1.0, 1.0, 1.0 ],
  "$dark_button_hover_text_color": [ 1.0, 1.0, 1.0 ],
  "$dark_button_pressed_text_color": [ 1.0, 1.0, 1.0 ],
  "$dark_button_locked_text_color": [ 1.0, 1.0, 1.0 ],
  "$dark_toggle_default_text_color": [ 1.0, 1.0, 1.0 ],
  "$dark_toggle_hover_text_color": [ 1.0, 1.0, 1.0 ],
  "$dark_toggle_checked_default_text_color": [ 1.0, 1.0, 1.0 ],
  "$dark_toggle_checked_hover_text_color": [ 1.0, 1.0, 1.0 ],
  "$light_button_secondary_default_text_color": [ 1.0, 1.0, 1.0 ],
  "$light_button_secondary_hover_text_color": [ 0.7, 0.7, 0.7 ],
  "$light_button_secondary_pressed_text_color": [ 0.7, 0.7, 0.7 ],
  "$light_button_secondary_locked_text_color": [ 0.7, 0.7, 0.7 ],
  "$dark_button_secondary_default_text_color": [ 0.7, 0.7, 0.7, 1.0 ],
  "$dark_button_secondary_hover_text_color": [ 0.7, 0.7, 0.7 ],
  "$dark_button_secondary_pressed_text_color": [ 0.7, 0.7, 0.7 ],
  "$dark_button_secondary_locked_text_color": [ 0.7, 0.7, 0.7 ],
  //////// Color format colors ////////
  "$0_color_format": [ 0.0, 0.0, 0.0 ], // Black
  "$1_color_format": [ 0.0, 0.0, 0.667 ], // Dark Blue
  "$2_color_format": [ 0.0, 0.667, 0 ], // Dark Green
  "$3_color_format": [ 0.0, 0.667, 0.667 ], // Dark Aqua
  "$4_color_format": [ 0.667, 0.0, 0.0 ], // Dark Red
  "$5_color_format": [ 0.667, 0.0, 0.667 ], // Dark Purple
  "$6_color_format": [ 1.0, 0.667, 0.0 ], // Gold
  "$7_color_format": [ 0.667, 0.667, 0.667 ], // Gray
  "$8_color_format": [ 0.333, 0.333, 0.333 ], // Dark Gray
  "$9_color_format": [ 0.333, 0.333, 1.0 ], // Blue
  "$a_color_format": [ 0.333, 1.0, 0.333 ], // Green
  "$b_color_format": [ 0.333, 1.0, 1.0 ], // Aqua
  "$c_color_format": [ 1.0, 0.333, 0.333 ], // Red
  "$d_color_format": [ 1.0, 0.333, 1.0 ], // Light Purple
  "$e_color_format": [ 1.0, 1.0, 0.333 ], // Yellow
  "$f_color_format": [ 1.0, 1.0, 1.0 ]
}
