{
  "namespace": "chat",

  // Button Images //

  "down_arrow_image": {
    "type": "image",
    "size": [ 12, 8 ],
    "texture": "textures/ui/chat_down_arrow"
  },
  "keyboard_image": {
    "type": "image",
    "size": [ 14, 14 ],
    "texture": "textures/ui/chat_keyboard"
  },
  "gear_image": {
    "type": "image",
    "size": [ 12, 12 ],
    "texture": "textures/ui/gear"
  },
  "send": {
    "type": "label",
    "offset": [ 0, 2 ],
    "text": "Send",
    "shadow": true
  },
  "send_panel": {
    "type": "stack_panel",
    "orientation": "horizontal",
        "size": [ 25, 20 ],
    "controls": [
      {
        "send_image_panel": {
          "type": "panel",
          "size": [ "fill", "100%c" ],
          "controls": [
            { "send@chat.send": {} }
          ]
        }
      },
      {
        "gamepad_x_button": {
          "type": "stack_panel",
          "orientation": "horizontal",
          "size": [ 23, "100%" ],
          "controls": [
            {
              "side_padding": {
                "type": "panel",
                "size": [ 2, "100%" ]
              }
            },
            {
              "gamepad_x_button_image": {
                "type": "panel",
                "controls": [
                  {
                    "icon@common.gamepad_helper_x": {
                      "$icon_description_bind_type": "none"
                    }
                  }
                ]
              }
            }
          ],
          "bindings": [
            {
              "binding_name": "#gamepad_helper_visible",
              "binding_name_override": "#visible"
            }
          ]
        }
      }
    ]
  },

  "keyboard_image_panel": {
    "type": "panel",
    "controls": [
      {
        "keyboard_image@chat.keyboard_image": {
          "bindings": [
            {
              "binding_name": "(not #keyboard_being_used)",
              "binding_name_override": "#visible"
            }
          ]
        }
      },
      {
        "down_arrow_image@chat.down_arrow_image": {
          "bindings": [
            {
              "binding_name": "#keyboard_being_used",
              "binding_name_override": "#visible"
            }
          ]
        }
      }
    ]
  },

  // Buttons //

  "small_button@common_buttons.light_content_button": {
    "size": [ 20, 20 ],
    "$pressed_button_name": "button.send",
    "anchor_from": "top_right",
    "anchor_to": "top_right"
  },

  "keyboard_button@chat.small_button": {
    "$button_content": "chat.keyboard_image_panel",
    "$pressed_button_name": "button.keyboard_toggle",
    "$focus_id": "keyboard_button_focus_id",
    "$button_tts_header": "accessibility.chat.tts.keyboard",
    "bindings": [
      {
        "binding_name": "#keyboard_button_focus_override_up",
        "binding_name_override": "#focus_change_up"
      },
      {
        "binding_name": "#keyboard_button_focus_override_down",
        "binding_name_override": "#focus_change_down"
      }
    ]
  },

  "chat_settings_button@common_buttons.light_text_button": {
    "$button_text": "Chat Settings",
    "size": [ 65, 20 ],
    "anchor_from": "top_right",
    "anchor_to": "top_right",
    "offset": [ -3, 3 ],
    "$default_button_texture|default": "ui/BadTiger_Assets/img/BG_DARK",
    "$hover_button_texture|default": "ui/BadTiger_Assets/img/BG_DARK",
    "$pressed_button_texture|default": "ui/BadTiger_Assets/img/BG_DARK",
    "$pressed_button_name": "button.open_chat_settings"
  },
  "send_button@cb_buttons.custom_content_button_white": {
    "$pressed_button_name": "button.send",
     "$anchor": "bottom_right",
     "$button_content": "chat.send",
    "bindings": [
      {
        "binding_name": "#send_button_visible",
        "binding_name_override": "#visible"
      }
    ]
  },
  "back_button@cb_buttons.custom_content_button_white": {
     "$button_content": "content.exit",
    "anchor_from": "top_right",
    "offset": [ 2,2 ],
    "$default_button_texture|default": "ui/BadTiger_Assets/img/BG_DARK",
    "$hover_button_texture|default": "ui/BadTiger_Assets/img/BG_DARK",
    "$pressed_button_texture|default": "ui/BadTiger_Assets/img/BG_DARK",
    "size": [ 60, 20 ],
    "anchor_to": "top_right",
    "$pressed_button_name": "button.menu_exit"
  },
  "host_main_button@chat.small_button": {
    "$pressed_button_name": "button.host_toggle",
    "anchor_from": "bottom_right",
    "anchor_to": "bottom_right",
    "$text_offset": [ 0, -1 ],
    "$button_text": "/",
    "$font_type": "smooth",
    "$focus_id": "host_main_button_focus_id",
    "$button_type_panel": "host_options.host_image_panel",
    "bindings": [
      {
        "binding_name": "#cheats_on",
        "binding_name_override": "#visible"
      },
      {
        "binding_name": "#host_main_button_focus_override_up",
        "binding_name_override": "#focus_change_up"
      },
      {
        "binding_name": "#host_main_button_focus_override_down",
        "binding_name_override": "#focus_change_down"
      }
    ]
  },
  // Messages Panel //

  "messages_text": {
    "type": "panel",
    "size": [ "100%", "100%c" ],
    "controls": [
        {
        "text": {
          "type": "label",
          "color": "$chat_text_color",
          "localize": false,
          "size": [ "100%", "default" ],
          "shadow": false,
          "text": "#text",
          "font_type": "$chat_font_type",
          "font_scale_factor": "$chat_font_scale_factor",
          "line_padding": "$chat_line_spacing"
        }
      }
    ],
    "bindings": [
      {
        "binding_name": "#chat_visible",
        "binding_name_override": "#visible"
      }
    ]
  },

  "message_tts_wrapper@common.tts_label_focus_wrapper": {
    "$tts_label_panel": "chat.messages_text",
    "$focus_border_visible_binding": "#host_options_menu_not_open_and_tts_enabled"
  },

  "messages_stack_panel": {
    "type": "stack_panel",
    "orientation": "vertical",
    "$scrolling_content_anchor_from": "bottom_left",
    "$scrolling_content_anchor_to": "bottom_left",
    "factory": {
      "name": "messages_factory",
      "max_children_size": 100,
      "control_ids": {
        "chat_screen_messages": "chat_screen_messages@chat.message_tts_wrapper"
      }
    }
  },
  "messages_scrolling_panel@common.scrolling_panel": {
    "type": "panel",
    "size": [ 200, 200 ],
    "anchor_from": "bottom_left",
    "anchor_to": "bottom_left",
    "offset": [ 1, -30 ],
    "$scrolling_content": "chat.messages_stack_panel",
    "$scroll_size": [ 200,200 ],
    "$jump_to_bottom_on_update": true,
    "$show_background": false,
    "$always_handle_scrolling": true
  },

  // Chat Text Edit //
      "black": {
      "type": "image",
      "texture": "ui/BadTiger_Assets/img/screen_background",
      "size": [ 200, 200 ],
      "anchor_from": "bottom_left",
      "anchor_to": "bottom_left",
      "offset": [ 1, -30 ]
      },
  "text_edit_box@common.text_edit_box": {
    "anchor_from": "top_left",
    "anchor_to": "top_left",
    "size": [ "fill", 20 ],
    "max_length": 512,

    "always_listening": true,

    "$text_box_name": "#message_text_box",
    "$text_edit_box_content_binding_name": "#message_text_box_content",

    // This one thinks it's so important, it gets selected first
    "default_focus_precedence": 1,
    "$focus_id": "text_edit_box_focus_id",
    "$focus_override_right": "keyboard_button_focus_id",
    "$focus_override_left": "chat_settings_button_focus_id",
    // focus override up and down are controlled with bindings
    "$text_box_tts_header": "accessibility.chat.tts.textboxTitle",
    "$text_box_tts_name": "",

    "bindings": [
      {
        "binding_type": "$text_edit_box_enabled_binding_type",
        "binding_collection_name": "$text_edit_box_grid_collection_name",
        "binding_name": "$text_box_enabled_binding_name",
        "binding_name_override": "#enabled"
      },
      {
        "binding_name": "#text_edit_box_focus_override_up",
        "binding_name_override": "#focus_change_up"
      },
      {
        "binding_name": "#text_edit_box_focus_override_down",
        "binding_name_override": "#focus_change_down"
      }
    ],

    "button_mappings": [
      // Original Mappings - defined in common.text_edit_box //
      {
        "from_button_id": "button.menu_select",
        "to_button_id": "$text_edit_box_selected_to_button_id",
        "handle_select": true,
        "handle_deselect": true,
        "mapping_type": "pressed"
      },
      {
        "from_button_id": "button.menu_select",
        "to_button_id": "$text_edit_box_selected_to_button_id",
        "handle_select": false,
        "handle_deselect": true,
        "mapping_type": "global",
        // Deselect textbox and allow selection of another UI control with same mouse press
        "consume_event": false
      },
      {
        "from_button_id": "button.menu_ok",
        "to_button_id": "$text_edit_box_selected_to_button_id",
        "handle_select": true,
        "handle_deselect": true,
        "mapping_type": "pressed"
      },
      {
        "from_button_id": "button.menu_ok",
        "to_button_id": "$text_edit_box_selected_to_button_id",
        "handle_select": false,
        "handle_deselect": true,
        "mapping_type": "global"
      },
      {
        "from_button_id": "button.menu_cancel",
        "to_button_id": "$text_edit_box_deselected_to_button_id",
        "handle_select": false,
        "handle_deselect": true,
        "mapping_type": "global"
      },
      {
        "to_button_id": "$text_edit_box_hovered_button_id",
        "mapping_type": "pressed"
      },
      {
        "from_button_id": "$text_edit_box_clear_from_button_id",
        "to_button_id": "$text_edit_box_clear_to_button_id",
        "handle_select": false,
        "handle_deselect": false,
        "mapping_type": "focused"
      },
      // Extra Mappings //
      {
        "from_button_id": "button.menu_autocomplete",
        "to_button_id": "button.chat_autocomplete",
        "handle_select": true,
        "handle_deselect": false,
        "mapping_type": "global"
      },
      {
        "from_button_id": "button.menu_autocomplete_back",
        "to_button_id": "button.chat_autocomplete_back",
        "handle_select": true,
        "handle_deselect": false,
        "mapping_type": "global"
      },
      {
        "from_button_id": "button.menu_textedit_up",
        "to_button_id": "button.chat_previous_message",
        "handle_select": true,
        "handle_deselect": false,
        "mapping_type": "focused"
      },
      {
        "from_button_id": "button.menu_textedit_down",
        "to_button_id": "button.chat_next_message",
        "handle_select": true,
        "handle_deselect": false,
        "mapping_type": "focused"
      },

      // Controller Mappings //
      {
        "from_button_id": "button.controller_select",
        "to_button_id": "button.send",
        "mapping_type": "global",
        "handle_select": false,
        "handle_deselect": false
      },
      {
        "from_button_id": "button.controller_start",
        "to_button_id": "button.send",
        "mapping_type": "global",
        "handle_select": false,
        "handle_deselect": false
      },
      {
        "from_button_id": "button.controller_autocomplete",
        "to_button_id": "button.chat_autocomplete",
        "handle_select": false,
        "handle_deselect": false,
        "mapping_type": "global"
      },
      {
        "from_button_id": "button.controller_autocomplete_back",
        "to_button_id": "button.chat_autocomplete_back",
        "handle_select": false,
        "handle_deselect": false,
        "mapping_type": "global"
      },
      {
        "from_button_id": "button.controller_textedit_up",
        "to_button_id": "button.chat_previous_message",
        "handle_select": false,
        "handle_deselect": false,
        "mapping_type": "focused"
      },
      {
        "from_button_id": "button.controller_textedit_down",
        "to_button_id": "button.chat_next_message",
        "handle_select": false,
        "handle_deselect": false,
        "mapping_type": "focused"
      }
    ]
  },

  // Commands Background //

  "commands_background": {
    "type": "image",
    "size": [ "100%", "100%c" ],
    "texture": "textures/ui/White",
    "color": [ 0.0, 0.0, 0.0 ]
  },

  // Auto Complete //

  "auto_complete_panel_contents_with_item": {
    "type": "panel",
    "anchor_from": "top_left",
    "anchor_to": "top_left",
    // We have to manually put in the size because item renderer is weird.
    "size": [ "100%", 10 ],

    "controls": [
      {
        "auto_complete_item_renderer@common.item_renderer": {
          "size": [ 9, 9 ],
          "offset": [ 2, 0 ],
          "anchor_from": "left_middle",
          "anchor_to": "left_middle",
          "bindings": [
            {
              "binding_name": "#auto_complete_item",
              "binding_type": "collection",
              "binding_name_override": "#item_id_aux",
              "binding_collection_name": "auto_complete"
            }
          ]
        }
      },
      {
        "text": {
          "type": "label",
          "color": "$chat_text_color",
          "offset": [ 2, 0 ],
          "anchor_from": "left_middle",
          "anchor_to": "left_middle",
          "text": "#text",
          "bindings": [
            {
              "binding_type": "collection",
              "binding_name": "#auto_complete_text",
              "binding_name_override": "#text",
              "binding_collection_name": "auto_complete"
            }
          ]
        }
      }
    ]
  },
  "auto_complete_panel": {
    "type": "panel",
    "size": [ "100%", "100%" ],
    "anchor_from": "bottom_left",
    "anchor_to": "bottom_left",
    "controls": [
      {
        "panel": {
          "type": "panel",
          "size": [ "100%", "100%" ],
          "max_size": [ "100%", "100%" ],
          "min_size": [ 0, 0 ],
          "anchor_from": "bottom_left",
          "anchor_to": "bottom_left",
          "controls": [
            {
              "auto_complete_grid": {
                "type": "grid",
                "grid_item_template": "chat.auto_complete_panel_contents_with_item",
                "grid_fill_direction": "vertical",
                "collection_name": "auto_complete",
                "anchor_from": "bottom_left",
                "anchor_to": "bottom_left",
                "size": [ "100%", "100%" ],
                "bindings": [
                  {
                    "binding_name": "#get_grid_size",
                    "binding_type": "collection",
                    "binding_collection_name": "auto_complete"
                  }
                ]
              }
            }
          ]
        }
      }
    ]
  },

  // Commands Stack Panel //

  "commands_panel": {
    "type": "panel",
    "anchor_from": "bottom_left",
    "anchor_to": "bottom_left",
      "offset": [ 1, -25 ],
    "size": [ 200,200 ],
    "controls": [
      {
        "auto_complete_panel@chat.auto_complete_panel": {
          "anchor_from": "bottom_left",
          "anchor_to": "bottom_left"
        }
      }
    ]
  },

  // Chat Bottom Panel //

  "chat_bottom_panel": {
    "type": "stack_panel",
    "orientation": "horizontal",
    "anchor_from": "bottom_middle",
    "anchor_to": "bottom_middle",
    "size": [ "100%", 20 ],
    "min_size": [ "100%", 20 ],
    "controls": [
            { "host_main_button@chat.host_main_button": { "size": [ 20, 20 ], "layer": 2 } },
                  { "keyboard_button@chat.keyboard_button": {} },
                { "text_box@chat.text_edit_box": {} },
      { "send_button@chat.send_button": { "offset": [ -20, -4 ] } }
    ]
  },


  "back_content_panel": {
    "type": "panel",
    "size": [ "100%c", "100%" ],
    "anchor_from": "top_left",
    "anchor_to": "top_left",
    "controls": [
      {
        "back_button@chat.back_button": {
          "offset": [ 3, 3 ]
        }
      },
      {
        "gamepad_back_helper": {
          "type": "panel",
          "size": [ "100%c", 26 ],
          "offset": [ -4, -1 ],
          "$gamepad_helper_icon_description_text_color": "$light_glyph_default_color",
          "$gamepad_helper_icon_description_shadow": false,
          "controls": [
            {
              "gamepad_helper_button@common.gamepad_helper_b": {
                "$icon_description_bind": "#back_button_text"
              }
            }
          ],
          "bindings": [
            {
              "binding_name": "#is_using_gamepad",
              "binding_name_override": "#visible"
            }
          ]
        }
      }
    ]
  },

  ////////////////////////////
  // Main Screen            //
  ////////////////////////////

  "chat_screen@common.base_screen": {
    "close_on_player_hurt": true,
    "$screen_content": "chat.chat_screen_content",
    "$screen_bg_content": "chat.chat_background",
    "button_mappings": [
      {
        "from_button_id": "button.menu_exit",
        "to_button_id": "button.chat_menu_cancel",
        "mapping_type": "global"
      },
      {
        "from_button_id": "button.menu_cancel",
        "to_button_id": "button.chat_menu_cancel",
        "mapping_type": "global"
      }
    ]
  },

  "chat_screen_content": {
    "type": "panel",
    "controls": [
      { "messages_panel@chat.messages_scrolling_panel": {} },
      { "chat_bottom_panel@chat.chat_bottom_panel": { "layer": 2 } },
      { "chat_settings@chat.chat_settings_button": {} },
      {"black@chat.black": {}},
      {"back_content_panel@chat.back_content_panel": {}},
      { "host_main_panel@host_options.host_panel": { "layer": 4 } },
      { "popup_factory@chat_settings.popup_factory": {} }
    ]
  },

  "chat_background": {
    "type": "image",
    "size": [ "100%", "100%" ],
    "texture": "textures/ui/White",
    "color": [ 0.0, 0.0, 0.0 ],
    "alpha": 0.4
  }
}