{
  "namespace": "progress",
    "progress_screen@common.base_screen": {
    "$screen_bg_content": "content.BG_BLURRED",
    "$screen_animations": [ ],
    "$background_animations": [ ],
    "button_mappings": [
      {
        "from_button_id": "button.menu_cancel",
        "to_button_id": "button.menu_exit",
        "mapping_type": "global"
      }
    ]
},
  "bottom_cancel_button@common_buttons.light_text_button": {
    "$pressed_button_name": "button.menu_exit",
    "$button_text": "gui.cancel",
    "size": ["100%","100%"],
    "bindings": [
      {
        "binding_name": "#cancel_visible",
        "binding_name_override": "#visible"
      }
    ]
  },
  "world_convert_modal_progress_screen_content": {
    "type": "panel",
    "layer": 3,
    "controls": [
      {
        "world_modal_progress_panel@progress.world_modal_progress_panel": {}
      },
      {
        "popup_dialog_factory@progress.popup_dialog_factory": {}
      }
    ]
  },
  
  "world_save_modal_progress_screen_content": {
    "type": "panel",
    "controls": [
      {"world_modal_progress_panel@progress.world_modal_progress_panel": {}
      },
      {"save_@progress.auto_save": {
          "offset": [0,-9999]
        }
      },
      {"popup_dialog_factory@progress.popup_dialog_factory": {}
      }
    ]
  },
  
  "world_modal_progress_panel": {
      "type": "panel",
      "size": ["100%","100%"],
      "variables": [
          {"requires": "$desktop_screen",
              "$button_state_default_base": "common.button_state_default",
              "$button_state_hover_base": "common.button_state_hover",
              "$button_state_pressed_base": "common.button_state_pressed"
          },
          {"requires": "$pocket_screen",
              "$button_state_default_base": "common-classic.button_state_default",
              "$button_state_hover_base": "common-classic.button_state_hover",
              "$button_state_pressed_base": "common-classic.button_state_pressed"
          }
      ],
      "controls": [
          {"Bg@common.screen_background": {
              "$lIlIlIllIlIl.class": [190,143],
    "type": "image",
    "anchor_from": "center",
    "anchor_to": "center",
    "layer": 1,
    "size": "$lIlIlIllIlIl.class"
        }
      },
          {
 "logo": {
    "type": "image",
    "texture": "ui/BadTiger_Assets/img/logo1",
    "size": [ 80, 80 ], 
    "anchor_from": "center",
    "anchor_to": "center",
    "offset": [ 0, -25],
    "layer": 999
  }
  },
  {
                          "screen_message": {
                              "type": "panel",
                              "size": [
                                  "100%",
                                  "45%c"
                              ],
                              "controls": [
                                  {
                                                "progress_title_text@progress.progress_title_text": {     
                "alpha": 2,
                "font_scale_factor": 1.0,
                "shadow": true,
                "font_type": "smooth",
                "anchor_from": "top_middle",
                "anchor_to": "top_middle",
                "offset": [
                  0,
                  24
                ]
              }
            },
                      {
                                      "message": {
                                          "type": "label",
                                          "layer": 2,
                                          "font_type": "smooth",
                                          "text_alignment": "center",
                                          "size": ["30%","default"],
                                           "offset": [0,34],
                  "font_scale_factor": 1.0,
                "shadow": true,
                                          "text": "Logging in",
                                          "bindings": [
                                              {
                                                  "binding_name": ""
                                              }
                                          ]
                                      }
                                  }
                              ]
                          }
                      },
                      {
                          "spacer_0": {
                              "type": "panel",
                              "size": [
                                  0,
                                  5
                              ]
                          }
                      },
                      {
                          "spacer_1": {
                              "type": "panel",
                              "size": [
                                  0,
                                  5
                              ],
                              "bindings": [
                                  {
                                      "binding_name": "#cancel_visible",
                                      "binding_name_override": "#visible"
                                  }
                              ]
                          }
                      },
                      {
                          "cancel_button": {
                              "type": "panel",
                              "size": [
                                  "100%",
                                  "100%c"
                              ],
                              "controls": [
                                  {
                                      "modal_button_panel@progress.bottom_cancel_button": {
                                          "$default_button_texture|default": "ui/BadTiger_Assets/img/BG1",
    "$hover_button_texture|default": "ui/BadTiger_Assets/img/BG2",
    "$pressed_button_texture|default": "ui/BadTiger_Assets/img/BG2",
    "$locked_button_texture|default": "ui/BadTiger_Assets/img/BG2",
    "$pressed_no_hover_texture|default": "ui/BadTiger_Assets/img/BG2",
                                          "size": [
                                              165,
                                              20
                                          ],
                                          "offset" : [
             
           0,                                   
           50
            ]
                                      }
                                  }
                              ]
                          }
                      }
                  ]
              }
          }
      ]
  }
}
