{
	"format_version": "1.10.0",
	"particle_effect": {
		"description": {
			"identifier": "alchemistry_energy:glow_particle",
			"basic_render_parameters": {
				"material": "particles_add",
				"texture": "textures/particles/glow_light"
			}
		},
		"components": {
			"minecraft:emitter_rate_steady": {
				"spawn_rate": 10,
				"max_particles": 100
			},
			"minecraft:emitter_lifetime_looping": {
				"active_time": 1
			},
			"minecraft:emitter_shape_disc": {
				"radius": 0.5,
				"surface_only": true,
				"direction": "outwards"
			},
			"minecraft:particle_lifetime_expression": {
				"max_lifetime": 1
			},
			"minecraft:particle_initial_speed": 0,
			"minecraft:particle_motion_dynamic": {
				"linear_acceleration": [0, 3, 0]
			},
			"minecraft:particle_appearance_billboard": {
				"size": [0.3, "0.8 * variable.particle_age"],
				"facing_camera_mode": "lookat_y",
				"uv": {
					"texture_width": 16,
					"texture_height": 16,
					"uv": [0, 0],
					"uv_size": [16, 16]
				}
			},
			"minecraft:particle_appearance_tinting": {
				"color": {
					"interpolant": "v.particle_age / v.particle_lifetime",
					"gradient": {
						"0.0": "#FFFF0067",
						"0.31": "#FFE573FF",
						"0.52": "#D4FF6700",
						"0.79": "#386D76FF",
						"1.0": "#00FFE897"
					}
				}
			}
		}
	}
}