{
	"resource_pack_name": "Alchemistry EnergyHD",
	"texture_name": "atlas.items",
	"texture_data": {
		"alchemistry_energy_tome": {
			"textures": "textures/items/tome"
		},
		"alchemistry_energy_empty": {
			"textures": "textures/items/empty"
		},
		"alchemistry_energy_philosophers_stone": {
			"textures": "textures/items/philosophers_stone"
		},
		//Armors
		"alchemistry_energy_dm_helmet": {
			"textures": "textures/items/dark_armor/head"
		},
		"alchemistry_energy_dm_chestplate": {
			"textures": "textures/items/dark_armor/chest"
		},
		"alchemistry_energy_dm_leggings": {
			"textures": "textures/items/dark_armor/legs"
		},
		"alchemistry_energy_dm_boots": {
			"textures": "textures/items/dark_armor/feet"
		},
		"alchemistry_energy_rm_helmet": {
			"textures": "textures/items/red_armor/head"
		},
		"alchemistry_energy_rm_chestplate": {
			"textures": "textures/items/red_armor/chest"
		},
		"alchemistry_energy_rm_leggings": {
			"textures": "textures/items/red_armor/legs"
		},
		"alchemistry_energy_rm_boots": {
			"textures": "textures/items/red_armor/feet"
		},
		"alchemistry_energy_gem_helmet": {
			"textures": "textures/items/gem_armor/head"
		},
		"alchemistry_energy_gem_chestplate": {
			"textures": "textures/items/gem_armor/chest"
		},
		"alchemistry_energy_gem_leggings": {
			"textures": "textures/items/gem_armor/legs"
		},
		"alchemistry_energy_gem_boots": {
			"textures": "textures/items/gem_armor/feet"
		},
		//Weapons
		"alchemistry_energy_dm_sword": {
			"textures": "textures/items/dark_tools/sword"
		},
		"alchemistry_energy_dm_pickaxe": {
			"textures": "textures/items/dark_tools/pickaxe"
		},
		"alchemistry_energy_dm_axe": {
			"textures": "textures/items/dark_tools/axe"
		},
		"alchemistry_energy_dm_shears": {
			"textures": "textures/items/dark_tools/shears"
		},
		"alchemistry_energy_dm_shovel": {
			"textures": "textures/items/dark_tools/shovel"
		},
		"alchemistry_energy_dm_hoe": {
			"textures": "textures/items/dark_tools/hoe"
		},
		"alchemistry_energy_dm_hammer": {
			"textures": "textures/items/dark_tools/hammer"
		},
		"alchemistry_energy_rm_sword": {
			"textures": "textures/items/red_tools/sword"
		},
		"alchemistry_energy_rm_pickaxe": {
			"textures": "textures/items/red_tools/pickaxe"
		},
		"alchemistry_energy_rm_axe": {
			"textures": "textures/items/red_tools/axe"
		},
		"alchemistry_energy_rm_shears": {
			"textures": "textures/items/red_tools/shears"
		},
		"alchemistry_energy_rm_shovel": {
			"textures": "textures/items/red_tools/shovel"
		},
		"alchemistry_energy_rm_hoe": {
			"textures": "textures/items/red_tools/hoe"
		},
		"alchemistry_energy_rm_hammer": {
			"textures": "textures/items/red_tools/hammer"
		},
		"alchemistry_energy_rm_katar": {
			"textures": "textures/items/red_tools/katar"
		},
		"alchemistry_energy_rm_morning_star": {
			"textures": "textures/items/red_tools/morning_star"
		},
		//Aumelts
		"alchemistry_energy_volcanite_amulet": {
			"textures": "textures/items/rings/volcanite_amulet"
		},
		"alchemistry_energy_evertide_amulet": {
			"textures": "textures/items/rings/evertide_amulet"
		},
		"alchemistry_energy_mind_stone": {
			"textures": "textures/items/rings/mind_stone_off"
		},
		"alchemistry_energy_body_stone": {
			"textures": "textures/items/rings/body_stone_off"
		},
		"alchemistry_energy_soul_stone": {
			"textures": "textures/items/rings/soul_stone_off"
		},
		"alchemistry_energy_life_stone": {
			"textures": "textures/items/rings/life_stone_off"
		},
		//Rings
		"alchemistry_energy_time_watch": {
			"textures": "textures/items/rings/black_hole_off"
		},
		"alchemistry_energy_black_hole_ring": {
			"textures": "textures/items/rings/black_hole_off"
		},
		"alchemistry_energy_black_hole_ring_on": {
			"textures": "textures/items/rings/black_hole_on"
		},
		"alchemistry_energy_archangel_smite": {
			"textures": "textures/items/rings/archangel_smite"
		},
		"alchemistry_energy_harvest_god": {
			"textures": "textures/items/rings/harvest_god_off"
		},
		"alchemistry_energy_harvest_god_on": {
			"textures": "textures/items/rings/harvest_god_on"
		},
		"alchemistry_energy_zero_ring": {
			"textures": "textures/items/rings/zero_off"
		},
		"alchemistry_energy_zero_ring_on": {
			"textures": "textures/items/rings/zero_on"
		},
		"alchemistry_energy_ignition_ring": {
			"textures": "textures/items/rings/ignition_off"
		},
		"alchemistry_energy_ignition_ring_on": {
			"textures": "textures/items/rings/ignition_on"
		},
		"alchemistry_energy_void_ring": {
			"textures": "textures/items/rings/void_off"
		},
		"alchemistry_energy_void_ring_on": {
			"textures": "textures/items/rings/void_on"
		},
		"alchemistry_energy_swrg": {
			"textures": "textures/items/rings/swrg_off"
		},
		"alchemistry_energy_swrg_on1": {
			"textures": "textures/items/rings/swrg_on1"
		},
		"alchemistry_energy_swrg_on2": {
			"textures": "textures/items/rings/swrg_on2"
		},
		"alchemistry_energy_swrg_on3": {
			"textures": "textures/items/rings/swrg_on3"
		},
		"alchemistry_energy_arcana_ring": {
			"textures": "textures/items/rings/arcana_0"
		},
		"alchemistry_energy_arcana_ring_1": {
			"textures": "textures/items/rings/arcana_0_on"
		},
		"alchemistry_energy_arcana_ring_2": {
			"textures": "textures/items/rings/arcana_1_on"
		},
		"alchemistry_energy_arcana_ring_3": {
			"textures": "textures/items/rings/arcana_3_on"
		},
		"alchemistry_energy_iron_band": {
			"textures": "textures/items/rings/iron_band"
		},
		//Dusts
		"alchemistry_energy_convalence_dust_low": {
			"textures": {
				"path": "textures/items/dust_template",
				"tint_color": "#00ff08"
			}
		},
		"alchemistry_energy_convalence_dust_medium": {
			"textures": {
				"path": "textures/items/dust_template",
				"tint_color": "#00d9ff"
			}
		},
		"alchemistry_energy_convalence_dust_high": {
			"textures": {
				"path": "textures/items/dust_template",
				"tint_color": "#0000ff"
			}
		},
		//Gems
		"alchemistry_energy_dense_gem": {
			"textures": {
				"path": "textures/items/dense_gem_off"
			}
		},
		//Stars
		"alchemistry_energy_klein_star_1": {
			"textures": {
				"path": "textures/items/stars/klein_star_1"
			}
		},
		"alchemistry_energy_klein_star_2": {
			"textures": {
				"path": "textures/items/stars/klein_star_2"
			}
		},
		"alchemistry_energy_klein_star_3": {
			"textures": {
				"path": "textures/items/stars/klein_star_3"
			}
		},
		"alchemistry_energy_klein_star_4": {
			"textures": {
				"path": "textures/items/stars/klein_star_4"
			}
		},
		"alchemistry_energy_klein_star_5": {
			"textures": {
				"path": "textures/items/stars/klein_star_5"
			}
		},
		"alchemistry_energy_klein_star_6": {
			"textures": {
				"path": "textures/items/stars/klein_star_6"
			}
		},
		//Matter
		"alchemistry_energy_dark_matter": {
			"textures": {
				"path": "textures/items/matter/dark"
			}
		},
		"alchemistry_energy_red_matter": {
			"textures": {
				"path": "textures/items/matter/red"
			}
		},
		//Fuels
		"alchemistry_energy_aeternalis_coal": {
			"textures": {
				"path": "textures/items/coal/aeternalis"
			}
		},
		"alchemistry_energy_alchemical_coal": {
			"textures": {
				"path": "textures/items/coal/alchemical"
			}
		},
		"alchemistry_energy_mobius_coal": {
			"textures": {
				"path": "textures/items/coal/mobius"
			}
		}
	}
}