{
	"format_version": "1.12.0",
	"minecraft:geometry": [
		{
			"description": {
				"identifier": "geometry.vatonage.breeder",
				"texture_width": 16,
				"texture_height": 16,
				"visible_bounds_width": 2,
				"visible_bounds_height": 2.5,
				"visible_bounds_offset": [0, 0.75, 0]
			},
			"bones": [
				{
					"name": "bone",
					"pivot": [8, 0, -8],
					"cubes": [
						{
							"origin": [-8, 0, -8],
							"size": [16, 3, 16],
							"uv": {
								"north": {"uv": [8, 14.5], "uv_size": [8, 1.5]},
								"east": {"uv": [8, 14.5], "uv_size": [8, 1.5]},
								"south": {"uv": [8, 14.5], "uv_size": [8, 1.5]},
								"west": {"uv": [8, 14.5], "uv_size": [8, 1.5]},
								"up": {"uv": [16, 8], "uv_size": [-8, -8]},
								"down": {"uv": [8, 16], "uv_size": [-8, -8]}
							}
						},
						{
							"origin": [-8, 13, -8],
							"size": [16, 3, 16],
							"uv": {
								"north": {"uv": [8, 8], "uv_size": [8, 1.5]},
								"east": {"uv": [8, 8], "uv_size": [8, 1.5]},
								"south": {"uv": [8, 8], "uv_size": [8, 1.5]},
								"west": {"uv": [8, 8], "uv_size": [8, 1.5]},
								"up": {"uv": [8, 16], "uv_size": [-8, -8]},
								"down": {"uv": [8, 16], "uv_size": [-8, -8]}
							}
						},
						{
							"origin": [5, 3, -8],
							"size": [3, 10, 3],
							"uv": {
								"north": {"uv": [14.5, 9.5], "uv_size": [1.5, 5]},
								"east": {"uv": [14.5, 9.5], "uv_size": [1.5, 5]},
								"south": {"uv": [8, 9.5], "uv_size": [1.5, 5]},
								"west": {"uv": [8, 9.5], "uv_size": [1.5, 5]}
							}
						},
						{
							"origin": [-8, 3, -8],
							"size": [3, 10, 3],
							"uv": {
								"north": {"uv": [8, 9.5], "uv_size": [1.5, 5]},
								"east": {"uv": [14.5, 9.5], "uv_size": [1.5, 5]},
								"south": {"uv": [14.5, 9.5], "uv_size": [1.5, 5]},
								"west": {"uv": [8, 9.5], "uv_size": [1.5, 5]}
							}
						},
						{
							"origin": [-8, 3, 5],
							"size": [3, 10, 3],
							"uv": {
								"north": {"uv": [8, 9.5], "uv_size": [1.5, 5]},
								"east": {"uv": [8, 9.5], "uv_size": [1.5, 5]},
								"south": {"uv": [14.5, 9.5], "uv_size": [1.5, 5]},
								"west": {"uv": [14.5, 9.5], "uv_size": [1.5, 5]}
							}
						},
						{
							"origin": [5, 3, 5],
							"size": [3, 10, 3],
							"uv": {
								"north": {"uv": [14.5, 9.5], "uv_size": [1.5, 5]},
								"east": {"uv": [8, 9.5], "uv_size": [1.5, 5]},
								"south": {"uv": [8, 9.5], "uv_size": [1.5, 5]},
								"west": {"uv": [14.5, 9.5], "uv_size": [1.5, 5]}
							}
						}
					]
				}
			]
		}
	]
}