{
	"format_version": "1.12.0",
	"minecraft:geometry": [
		{
			"description": {
				"identifier": "geometry.vatonage.roost_chicken",
				"texture_width": 128,
				"texture_height": 128,
				"visible_bounds_width": 2,
				"visible_bounds_height": 2.5,
				"visible_bounds_offset": [0, 0.75, 0]
			},
			"bones": [
				{
					"name": "bone",
					"pivot": [8, 0, -8],
					"cubes": [
						{
							"origin": [5, 3, -8],
							"size": [3, 10, 16],
							"uv": {
								"north": {"uv": [29, 19], "uv_size": [3, 9]},
								"east": {"uv": [0, 3], "uv_size": [16, 10]},
								"south": {"uv": [0, 19], "uv_size": [3, 10]},
								"west": {"uv": [0, 19], "uv_size": [16, 10]}
							}
						},
						{
							"origin": [-5, 3, 5],
							"size": [10, 10, 3],
							"uv": {
								"north": {"uv": [3, 3], "uv_size": [10, 10]},
								"south": {"uv": [3, 19], "uv_size": [10, 10]}
							}
						},
						{
							"origin": [-8, 3, -8],
							"size": [3, 10, 16],
							"uv": {
								"north": {"uv": [16, 19], "uv_size": [3, 10]},
								"east": {"uv": [0, 19], "uv_size": [16, 10]},
								"south": {"uv": [13, 19], "uv_size": [3, 10]},
								"west": {"uv": [0, 3], "uv_size": [16, 11]}
							}
						},
						{
							"origin": [-8, 13, -8],
							"size": [16, 3, 16],
							"uv": {
								"north": {"uv": [16, 16], "uv_size": [16, 3]},
								"east": {"uv": [0, 16], "uv_size": [16, 3]},
								"south": {"uv": [0, 16], "uv_size": [16, 3]},
								"west": {"uv": [0, 16], "uv_size": [16, 3]},
								"up": {"uv": [16, 32], "uv_size": [-16, -16]},
								"down": {"uv": [16, 32], "uv_size": [-16, -16]}
							}
						},
						{
							"origin": [-8, 0, -8],
							"size": [16, 3, 16],
							"uv": {
								"north": {"uv": [16, 29], "uv_size": [16, 3]},
								"east": {"uv": [0, 29], "uv_size": [16, 3]},
								"south": {"uv": [0, 29], "uv_size": [16, 3]},
								"west": {"uv": [0, 29], "uv_size": [16, 3]},
								"up": {"uv": [32, 16], "uv_size": [-16, -16]},
								"down": {"uv": [16, 32], "uv_size": [-16, -16]}
							}
						}
					]
				},
				{
					"name": "chicken",
					"pivot": [8, 0, -8],
					"cubes": [
						{
							"origin": [-2, 6, -6],
							"size": [4, 6, 3],
							"uv": {
								"north": {"uv": [35, 3], "uv_size": [4, 6], "material_instance": "chicken"},
								"east": {"uv": [35, 3], "uv_size": [-3, 6], "material_instance": "chicken"},
								"west": {"uv": [39, 3], "uv_size": [3, 6], "material_instance": "chicken"},
								"up": {"uv": [39, 0], "uv_size": [-4, 3], "material_instance": "chicken"},
								"down": {"uv": [43, 0], "uv_size": [-4, 3], "material_instance": "chicken"}
							}
						},
						{
							"origin": [-2, 8, -8],
							"size": [4, 2, 2],
							"uv": {
								"north": {"uv": [48, 2], "uv_size": [4, 2], "material_instance": "chicken"},
								"east": {"uv": [46, 2], "uv_size": [2, 2], "material_instance": "chicken"},
								"west": {"uv": [54, 2], "uv_size": [-2, 2], "material_instance": "chicken"},
								"up": {"uv": [52, 0], "uv_size": [-4, 2], "material_instance": "chicken"},
								"down": {"uv": [56, 0], "uv_size": [-4, 2], "material_instance": "chicken"}
							}
						},
						{
							"origin": [-1, 6, -7],
							"size": [2, 2, 1],
							"uv": {
								"north": {"uv": [48, 6], "uv_size": [2, 2], "material_instance": "chicken"},
								"east": {"uv": [47, 6], "uv_size": [1, 2], "material_instance": "chicken"},
								"west": {"uv": [50, 6], "uv_size": [1, 2], "material_instance": "chicken"},
								"down": {"uv": [50, 6], "uv_size": [2, -1], "material_instance": "chicken"}
							}
						},
						{
							"origin": [-3, 3, -4],
							"size": [6, 5, 7],
							"uv": {
								"north": {"uv": [40, 23], "uv_size": [6, 6], "material_instance": "chicken"},
								"east": {"uv": [54, 23], "uv_size": [-8, 6], "material_instance": "chicken"},
								"west": {"uv": [46, 23], "uv_size": [8, 6], "material_instance": "chicken"},
								"up": {"uv": [46, 23], "uv_size": [-6, -8], "material_instance": "chicken"}
							}
						},
						{
							"origin": [3, 4, -3],
							"size": [1, 4, 6],
							"uv": {
								"north": {"uv": [62, 19], "uv_size": [1, 4], "material_instance": "chicken"},
								"west": {"uv": [63, 19], "uv_size": [6, 4], "material_instance": "chicken"},
								"up": {"uv": [63, 19], "uv_size": [-1, -6], "material_instance": "chicken"},
								"down": {"uv": [64, 19], "uv_size": [-1, -6], "material_instance": "chicken"}
							}
						},
						{
							"origin": [-4, 4, -3],
							"size": [1, 4, 6],
							"uv": {
								"north": {"uv": [62, 19], "uv_size": [1, 4], "material_instance": "chicken"},
								"east": {"uv": [56, 19], "uv_size": [6, 4], "material_instance": "chicken"},
								"up": {"uv": [63, 19], "uv_size": [-1, -6], "material_instance": "chicken"},
								"down": {"uv": [64, 19], "uv_size": [-1, -6], "material_instance": "chicken"}
							}
						}
					]
				}
			]
		}
	]
}