{
	"format_version": "1.12.0",
	"minecraft:geometry": [
		{
			"description": {
				"identifier": "geometry.vatonage.roost_default",
				"texture_width": 32,
				"texture_height": 32,
				"visible_bounds_width": 2,
				"visible_bounds_height": 2.5,
				"visible_bounds_offset": [0, 0.75, 0]
			},
			"bones": [
				{
					"name": "bone",
					"pivot": [8, 0, -8],
					"cubes": [
						{
							"origin": [5, 3, -8],
							"size": [3, 10, 16],
							"uv": {
								"north": {"uv": [29, 19], "uv_size": [3, 9]},
								"east": {"uv": [0, 3], "uv_size": [16, 10]},
								"south": {"uv": [0, 19], "uv_size": [3, 10]},
								"west": {"uv": [0, 19], "uv_size": [16, 10]}
							}
						},
						{
							"origin": [-8, 3, -8],
							"size": [3, 10, 16],
							"uv": {
								"north": {"uv": [32, 19], "uv_size": [-3, 9]},
								"east": {"uv": [16, 19], "uv_size": [-16, 10]},
								"south": {"uv": [3, 19], "uv_size": [-3, 10]},
								"west": {"uv": [16, 3], "uv_size": [-16, 10]}
							}
						},
						{
							"origin": [-5, 3, 5],
							"size": [10, 10, 3],
							"uv": {
								"north": {"uv": [3, 3], "uv_size": [10, 10]},
								"south": {"uv": [3, 19], "uv_size": [10, 10]}
							}
						},
						{
							"origin": [-8, 13, -8],
							"size": [16, 3, 16],
							"uv": {
								"north": {"uv": [16, 16], "uv_size": [16, 3]},
								"east": {"uv": [0, 16], "uv_size": [16, 3]},
								"south": {"uv": [0, 16], "uv_size": [16, 3]},
								"west": {"uv": [0, 16], "uv_size": [16, 3]},
								"up": {"uv": [16, 32], "uv_size": [-16, -16]},
								"down": {"uv": [16, 32], "uv_size": [-16, -16]}
							}
						},
						{
							"origin": [-8, 0, -8],
							"size": [16, 3, 16],
							"uv": {
								"north": {"uv": [16, 29], "uv_size": [16, 3]},
								"east": {"uv": [0, 29], "uv_size": [16, 3]},
								"south": {"uv": [0, 29], "uv_size": [16, 3]},
								"west": {"uv": [0, 29], "uv_size": [16, 3]},
								"up": {"uv": [32, 16], "uv_size": [-16, -16]},
								"down": {"uv": [16, 32], "uv_size": [-16, -16]}
							}
						}
					]
				}
			]
		}
	]
}