{
  "namespace": "chest",
  "transmutation_table": {
    "type": "panel",
    "controls": [
      {
        "container_gamepad_helpers@common.container_gamepad_helpers": {}
      },
      {
        "flying_item_renderer@common.flying_item_renderer": {
          "layer": 14
        }
      },
      {
        "selected_item_details_factory@common.selected_item_details_factory": {}
      },
      {
        "item_lock_notification_factory@common.item_lock_notification_factory": {}
      },
      {
        "root_panel@common.root_panel": {
          "layer": 1,
          "size": [
            229,
            197
          ],
          "controls": [
            {
              "bg": {
                "layer": 2,
                "type": "image",
                "texture": "textures/gui/transmutation_table"
              }
            },
            {
              "common_panel@common.common_panel": {}
            },
            {
              "chest_panel": {
                "type": "panel",
                "layer": 5,
                "offset": [
                  0,
                  -0.5
                ],
                "controls": [
                  {
                    "small_chest_panel_top_half@transmutation_table.top_half": {}
                  },
                  {
                    "inventory_panel_bottom_half_with_label@common.inventory_panel_bottom_half_with_label": {
                    }
                  },
                  {
                    "hotbar_grid@common.hotbar_grid_template": {
                    }
                  },
                  {
                    "inventory_take_progress_icon_button@common.inventory_take_progress_icon_button": {}
                  }
                ]
              }
            },
            {
              "inventory_selected_icon_button@common.inventory_selected_icon_button": {}
            },
            {
              "gamepad_cursor@common.gamepad_cursor_button": {}
            }
          ]
        }
      }
    ]
  },
  "energy_condenser_mk2": {
    "type": "panel",
    "controls": [
      {
        "container_gamepad_helpers@common.container_gamepad_helpers": {}
      },
      {
        "flying_item_renderer@common.flying_item_renderer": {
          "layer": 14
        }
      },
      {
        "selected_item_details_factory@common.selected_item_details_factory": {}
      },
      {
        "item_lock_notification_factory@common.item_lock_notification_factory": {}
      },
      {
        "root_panel@common.root_panel": {
          "layer": 1,
          "size": [252, 252],
          "controls": [
            {
              "common_panel@common.common_panel": {}
            },
            {
              "chest_panel": {
                "type": "panel",
                "layer": 5,
                "offset": [
                  0,
                  -0.5
                ],
                "controls": [
                  {
                    "small_chest_panel_top_half@energy_condenser_mk2.top_half": {}
                  },
                  {
                    "inventory_panel_bottom_half_with_label@common.inventory_panel_bottom_half_with_label": {
                    }
                  },
                  {
                    "hotbar_grid@common.hotbar_grid_template": {
                    }
                  },
                  {
                    "inventory_take_progress_icon_button@common.inventory_take_progress_icon_button": {}
                  }
                ]
              }
            },
            {
              "inventory_selected_icon_button@common.inventory_selected_icon_button": {}
            },
            {
              "gamepad_cursor@common.gamepad_cursor_button": {}
            }
          ]
        }
      }
    ]
  },
  "alchemical_chest": {
    "type": "panel",
    "controls": [
      {
        "container_gamepad_helpers@common.container_gamepad_helpers": {}
      },
      {
        "flying_item_renderer@common.flying_item_renderer": {
          "layer": 14
        }
      },
      {
        "selected_item_details_factory@common.selected_item_details_factory": {}
      },
      {
        "item_lock_notification_factory@common.item_lock_notification_factory": {}
      },
      {
        "root_panel@common.root_panel": {
          "layer": 1,
          "size": [252, 254],
          "controls": [
            {
              "common_panel@common.common_panel": {}
            },
            {
              "chest_panel": {
                "type": "panel",
                "layer": 5,
                "offset": [
                  0,
                  -0.5
                ],
                "controls": [
                  {
                    "small_chest_panel_top_half@alchemical_chest.top_half": {}
                  },
                  {
                    "inventory_panel_bottom_half_with_label@common.inventory_panel_bottom_half_with_label": {
                    }
                  },
                  {
                    "hotbar_grid@common.hotbar_grid_template": {
                    }
                  },
                  {
                    "inventory_take_progress_icon_button@common.inventory_take_progress_icon_button": {}
                  }
                ]
              }
            },
            {
              "inventory_selected_icon_button@common.inventory_selected_icon_button": {}
            },
            {
              "gamepad_cursor@common.gamepad_cursor_button": {}
            }
          ]
        }
      }
    ]
  },
  //screen 
  "small_chest_screen": {
    "$new_container_title|default": "$container_title",
    "modifications": [
      {
        "array_name": "variables",
        "operation": "insert_back",
        "value": [
          {
            "requires": "($new_container_title = 'transmutation_table')",
            "$screen_content": "chest.transmutation_table",
            "$screen_bg_content": "common.screen_background"
          },
          {
            "requires": "($new_container_title = 'transmutation_table' and $pocket_screen)",
            "$screen_content": "chest.transmutation_table",
            "$screen_bg_content": "common.screen_background"
          }
        ]
      },
      {
        "array_name": "variables",
        "operation": "insert_back",
        "value": [
          {
            "requires": "($new_container_title = 'energy_condenser_mk1')",
            "$screen_content": "chest.energy_condenser_mk2",
            "$screen_bg_content": "common.screen_background"
          },
          {
            "requires": "($new_container_title = 'energy_condenser_mk1' and $pocket_screen)",
            "$screen_content": "chest.energy_condenser_mk2",
            "$screen_bg_content": "common.screen_background"
          }
        ]
      },
      {
        "array_name": "variables",
        "operation": "insert_back",
        "value": [
          {
            "requires": "($new_container_title = 'alchemical_chest')",
            "$screen_content": "chest.alchemical_chest",
            "$screen_bg_content": "common.screen_background"
          },
          {
            "requires": "($new_container_title = 'alchemical_chest' and $pocket_screen)",
            "$screen_content": "chest.alchemical_chest",
            "$screen_bg_content": "common.screen_background"
          }
        ]
      }
    ]
  }
}