{"spark_portals:portal_collision":{"textures":"spark_portals_portal_collision"},"spark_portals:black_portal_frame":{"textures":{"up":"spark_portals-black_portal_frame","down":"spark_portals-black_portal_frame","north":"spark_portals-black_portal_frame","south":"spark_portals-black_portal_frame","east":"spark_portals-black_portal_frame","west":"spark_portals-black_portal_frame"}},"spark_portals:black_portal_frame_column":{"textures":{"up":"spark_portals-black_portal_vertical","down":"spark_portals-black_portal_vertical","north":"spark_portals-black_portal_vertical","south":"spark_portals-black_portal_vertical","east":"spark_portals-black_portal_vertical","west":"spark_portals-black_portal_vertical"}},"spark_portals:black_portal_bottom_corner_x_alt":{"textures":{"up":"spark_portals-black_portal_corner_side_top","down":"spark_portals-_black_portal_corner_side_top_r180","north":"spark_portals-black_portal_corner_side_bottom","south":"spark_portals-black_portal_corner_side_bottom","east":"spark_portals-black_portal_corner_bottom_right","west":"spark_portals-black_portal_corner_bottom_left"}},"spark_portals:black_portal_bottom_corner_z_alt":{"textures":{"up":"spark_portals-black_portal_corner_side_top","down":"spark_portals-_black_portal_corner_side_top_r90","north":"spark_portals-black_portal_corner_bottom_left","south":"spark_portals-black_portal_corner_bottom_right","east":"spark_portals-black_portal_corner_side_bottom","west":"spark_portals-black_portal_corner_side_bottom"}},"spark_portals:black_portal_top_corner_x_alt":{"textures":{"up":"spark_portals-black_portal_corner_side_top","down":"spark_portals-black_portal_corner_side_top","north":"spark_portals-_black_portal_corner_side_bottom_r180","south":"spark_portals-_black_portal_corner_side_bottom_r180","east":"spark_portals-black_portal_corner_top_right","west":"spark_portals-black_portal_corner_top_left"}},"spark_portals:black_portal_top_corner_z_alt":{"textures":{"up":"spark_portals-_black_portal_corner_side_top_r90","down":"spark_portals-black_portal_corner_side_top","north":"spark_portals-black_portal_corner_top_left","south":"spark_portals-black_portal_corner_top_right","east":"spark_portals-_black_portal_corner_side_bottom_r180","west":"spark_portals-_black_portal_corner_side_bottom_r180"}},"spark_portals:black_portal_bottom_corner_x":{"textures":{"up":"spark_portals-black_portal_corner_side_top","down":"spark_portals-black_portal_corner_side_top","north":"spark_portals-black_portal_corner_side_bottom","south":"spark_portals-black_portal_corner_side_bottom","east":"spark_portals-black_portal_corner_bottom_left","west":"spark_portals-black_portal_corner_bottom_right"}},"spark_portals:black_portal_bottom_corner_z":{"textures":{"up":"spark_portals-black_portal_corner_side_top","down":"spark_portals-_black_portal_corner_side_top_r270","north":"spark_portals-black_portal_corner_bottom_right","south":"spark_portals-black_portal_corner_bottom_left","east":"spark_portals-black_portal_corner_side_bottom","west":"spark_portals-black_portal_corner_side_bottom"}},"spark_portals:black_portal_top_corner_x":{"textures":{"up":"spark_portals-_black_portal_corner_side_top_r180","down":"spark_portals-black_portal_corner_side_top","north":"spark_portals-_black_portal_corner_side_bottom_r180","south":"spark_portals-_black_portal_corner_side_bottom_r180","east":"spark_portals-black_portal_corner_top_left","west":"spark_portals-black_portal_corner_top_right"}},"spark_portals:black_portal_top_corner_z":{"textures":{"up":"spark_portals-_black_portal_corner_side_top_r270","down":"spark_portals-_black_portal_corner_side_top_r90","north":"spark_portals-black_portal_corner_top_right","south":"spark_portals-black_portal_corner_top_left","east":"spark_portals-_black_portal_corner_side_bottom_r180","west":"spark_portals-_black_portal_corner_side_bottom_r180"}},"spark_portals:black_portal_horizontal_z":{"textures":{"up":"spark_portals-black_portal_horizontal","down":"spark_portals-black_portal_horizontal","north":"spark_portals-black_portal_horizontal","south":"spark_portals-black_portal_horizontal","east":"spark_portals-black_portal_horizontal","west":"spark_portals-black_portal_horizontal"}},"spark_portals:black_portal_horizontal_x":{"textures":{"up":"spark_portals-_black_portal_horizontal_r90","down":"spark_portals-_black_portal_horizontal_r90","north":"spark_portals-black_portal_horizontal","south":"spark_portals-black_portal_horizontal","east":"spark_portals-black_portal_horizontal","west":"spark_portals-black_portal_horizontal"}},"spark_portals:blue_portal_frame":{"textures":{"up":"spark_portals-blue_portal_frame","down":"spark_portals-blue_portal_frame","north":"spark_portals-blue_portal_frame","south":"spark_portals-blue_portal_frame","east":"spark_portals-blue_portal_frame","west":"spark_portals-blue_portal_frame"}},"spark_portals:blue_portal_frame_column":{"textures":{"up":"spark_portals-blue_portal_vertical","down":"spark_portals-blue_portal_vertical","north":"spark_portals-blue_portal_vertical","south":"spark_portals-blue_portal_vertical","east":"spark_portals-blue_portal_vertical","west":"spark_portals-blue_portal_vertical"}},"spark_portals:blue_portal_bottom_corner_x_alt":{"textures":{"up":"spark_portals-blue_portal_corner_side_top","down":"spark_portals-_blue_portal_corner_side_top_r180","north":"spark_portals-blue_portal_corner_side_bottom","south":"spark_portals-blue_portal_corner_side_bottom","east":"spark_portals-blue_portal_corner_bottom_right","west":"spark_portals-blue_portal_corner_bottom_left"}},"spark_portals:blue_portal_bottom_corner_z_alt":{"textures":{"up":"spark_portals-blue_portal_corner_side_top","down":"spark_portals-_blue_portal_corner_side_top_r90","north":"spark_portals-blue_portal_corner_bottom_left","south":"spark_portals-blue_portal_corner_bottom_right","east":"spark_portals-blue_portal_corner_side_bottom","west":"spark_portals-blue_portal_corner_side_bottom"}},"spark_portals:blue_portal_top_corner_x_alt":{"textures":{"up":"spark_portals-blue_portal_corner_side_top","down":"spark_portals-blue_portal_corner_side_top","north":"spark_portals-_blue_portal_corner_side_bottom_r180","south":"spark_portals-_blue_portal_corner_side_bottom_r180","east":"spark_portals-blue_portal_corner_top_right","west":"spark_portals-blue_portal_corner_top_left"}},"spark_portals:blue_portal_top_corner_z_alt":{"textures":{"up":"spark_portals-_blue_portal_corner_side_top_r90","down":"spark_portals-blue_portal_corner_side_top","north":"spark_portals-blue_portal_corner_top_left","south":"spark_portals-blue_portal_corner_top_right","east":"spark_portals-_blue_portal_corner_side_bottom_r180","west":"spark_portals-_blue_portal_corner_side_bottom_r180"}},"spark_portals:blue_portal_bottom_corner_x":{"textures":{"up":"spark_portals-blue_portal_corner_side_top","down":"spark_portals-blue_portal_corner_side_top","north":"spark_portals-blue_portal_corner_side_bottom","south":"spark_portals-blue_portal_corner_side_bottom","east":"spark_portals-blue_portal_corner_bottom_left","west":"spark_portals-blue_portal_corner_bottom_right"}},"spark_portals:blue_portal_bottom_corner_z":{"textures":{"up":"spark_portals-blue_portal_corner_side_top","down":"spark_portals-_blue_portal_corner_side_top_r270","north":"spark_portals-blue_portal_corner_bottom_right","south":"spark_portals-blue_portal_corner_bottom_left","east":"spark_portals-blue_portal_corner_side_bottom","west":"spark_portals-blue_portal_corner_side_bottom"}},"spark_portals:blue_portal_top_corner_x":{"textures":{"up":"spark_portals-_blue_portal_corner_side_top_r180","down":"spark_portals-blue_portal_corner_side_top","north":"spark_portals-_blue_portal_corner_side_bottom_r180","south":"spark_portals-_blue_portal_corner_side_bottom_r180","east":"spark_portals-blue_portal_corner_top_left","west":"spark_portals-blue_portal_corner_top_right"}},"spark_portals:blue_portal_top_corner_z":{"textures":{"up":"spark_portals-_blue_portal_corner_side_top_r270","down":"spark_portals-_blue_portal_corner_side_top_r90","north":"spark_portals-blue_portal_corner_top_right","south":"spark_portals-blue_portal_corner_top_left","east":"spark_portals-_blue_portal_corner_side_bottom_r180","west":"spark_portals-_blue_portal_corner_side_bottom_r180"}},"spark_portals:blue_portal_horizontal_z":{"textures":{"up":"spark_portals-blue_portal_horizontal","down":"spark_portals-blue_portal_horizontal","north":"spark_portals-blue_portal_horizontal","south":"spark_portals-blue_portal_horizontal","east":"spark_portals-blue_portal_horizontal","west":"spark_portals-blue_portal_horizontal"}},"spark_portals:blue_portal_horizontal_x":{"textures":{"up":"spark_portals-_blue_portal_horizontal_r90","down":"spark_portals-_blue_portal_horizontal_r90","north":"spark_portals-blue_portal_horizontal","south":"spark_portals-blue_portal_horizontal","east":"spark_portals-blue_portal_horizontal","west":"spark_portals-blue_portal_horizontal"}},"spark_portals:brown_portal_frame":{"textures":{"up":"spark_portals-brown_portal_frame","down":"spark_portals-brown_portal_frame","north":"spark_portals-brown_portal_frame","south":"spark_portals-brown_portal_frame","east":"spark_portals-brown_portal_frame","west":"spark_portals-brown_portal_frame"}},"spark_portals:brown_portal_frame_column":{"textures":{"up":"spark_portals-brown_portal_vertical","down":"spark_portals-brown_portal_vertical","north":"spark_portals-brown_portal_vertical","south":"spark_portals-brown_portal_vertical","east":"spark_portals-brown_portal_vertical","west":"spark_portals-brown_portal_vertical"}},"spark_portals:brown_portal_bottom_corner_x_alt":{"textures":{"up":"spark_portals-brown_portal_corner","down":"spark_portals-_brown_portal_corner_r180","north":"spark_portals-brown_portal_corner","south":"spark_portals-brown_portal_corner","east":"spark_portals-brown_portal_corner","west":"spark_portals-brown_portal_corner"}},"spark_portals:brown_portal_bottom_corner_z_alt":{"textures":{"up":"spark_portals-brown_portal_corner","down":"spark_portals-_brown_portal_corner_r90","north":"spark_portals-brown_portal_corner","south":"spark_portals-brown_portal_corner","east":"spark_portals-brown_portal_corner","west":"spark_portals-brown_portal_corner"}},"spark_portals:brown_portal_top_corner_x_alt":{"textures":{"up":"spark_portals-brown_portal_corner","down":"spark_portals-brown_portal_corner","north":"spark_portals-_brown_portal_corner_r180","south":"spark_portals-_brown_portal_corner_r180","east":"spark_portals-brown_portal_corner","west":"spark_portals-brown_portal_corner"}},"spark_portals:brown_portal_top_corner_z_alt":{"textures":{"up":"spark_portals-_brown_portal_corner_r90","down":"spark_portals-brown_portal_corner","north":"spark_portals-brown_portal_corner","south":"spark_portals-brown_portal_corner","east":"spark_portals-_brown_portal_corner_r180","west":"spark_portals-_brown_portal_corner_r180"}},"spark_portals:brown_portal_bottom_corner_x":{"textures":{"up":"spark_portals-brown_portal_corner","down":"spark_portals-brown_portal_corner","north":"spark_portals-brown_portal_corner","south":"spark_portals-brown_portal_corner","east":"spark_portals-brown_portal_corner","west":"spark_portals-brown_portal_corner"}},"spark_portals:brown_portal_bottom_corner_z":{"textures":{"up":"spark_portals-brown_portal_corner","down":"spark_portals-_brown_portal_corner_r270","north":"spark_portals-brown_portal_corner","south":"spark_portals-brown_portal_corner","east":"spark_portals-brown_portal_corner","west":"spark_portals-brown_portal_corner"}},"spark_portals:brown_portal_top_corner_x":{"textures":{"up":"spark_portals-_brown_portal_corner_r180","down":"spark_portals-brown_portal_corner","north":"spark_portals-_brown_portal_corner_r180","south":"spark_portals-_brown_portal_corner_r180","east":"spark_portals-brown_portal_corner","west":"spark_portals-brown_portal_corner"}},"spark_portals:brown_portal_top_corner_z":{"textures":{"up":"spark_portals-_brown_portal_corner_r180","down":"spark_portals-brown_portal_corner","north":"spark_portals-brown_portal_corner","south":"spark_portals-brown_portal_corner","east":"spark_portals-_brown_portal_corner_r180","west":"spark_portals-_brown_portal_corner_r180"}},"spark_portals:brown_portal_horizontal_z":{"textures":{"up":"spark_portals-brown_portal_horizontal","down":"spark_portals-brown_portal_horizontal","north":"spark_portals-brown_portal_horizontal","south":"spark_portals-brown_portal_horizontal","east":"spark_portals-brown_portal_horizontal","west":"spark_portals-brown_portal_horizontal"}},"spark_portals:brown_portal_horizontal_x":{"textures":{"up":"spark_portals-_brown_portal_horizontal_r90","down":"spark_portals-_brown_portal_horizontal_r90","north":"spark_portals-brown_portal_horizontal","south":"spark_portals-brown_portal_horizontal","east":"spark_portals-brown_portal_horizontal","west":"spark_portals-brown_portal_horizontal"}},"spark_portals:cyan_portal_frame":{"textures":{"up":"spark_portals-cyan_portal_frame","down":"spark_portals-cyan_portal_frame","north":"spark_portals-cyan_portal_frame","south":"spark_portals-cyan_portal_frame","east":"spark_portals-cyan_portal_frame","west":"spark_portals-cyan_portal_frame"}},"spark_portals:cyan_portal_frame_column":{"textures":{"up":"spark_portals-cyan_portal_vertical","down":"spark_portals-cyan_portal_vertical","north":"spark_portals-cyan_portal_vertical","south":"spark_portals-cyan_portal_vertical","east":"spark_portals-cyan_portal_vertical","west":"spark_portals-cyan_portal_vertical"}},"spark_portals:cyan_portal_bottom_corner_x_alt":{"textures":{"up":"spark_portals-cyan_portal_corner_side_top","down":"spark_portals-_cyan_portal_corner_side_top_r180","north":"spark_portals-cyan_portal_corner_side_bottom","south":"spark_portals-cyan_portal_corner_side_bottom","east":"spark_portals-cyan_portal_corner_bottom_right","west":"spark_portals-cyan_portal_corner_bottom_left"}},"spark_portals:cyan_portal_bottom_corner_z_alt":{"textures":{"up":"spark_portals-cyan_portal_corner_side_top","down":"spark_portals-_cyan_portal_corner_side_top_r90","north":"spark_portals-cyan_portal_corner_bottom_left","south":"spark_portals-cyan_portal_corner_bottom_right","east":"spark_portals-cyan_portal_corner_side_bottom","west":"spark_portals-cyan_portal_corner_side_bottom"}},"spark_portals:cyan_portal_top_corner_x_alt":{"textures":{"up":"spark_portals-cyan_portal_corner_side_top","down":"spark_portals-cyan_portal_corner_side_top","north":"spark_portals-_cyan_portal_corner_side_bottom_r180","south":"spark_portals-_cyan_portal_corner_side_bottom_r180","east":"spark_portals-cyan_portal_corner_top_right","west":"spark_portals-cyan_portal_corner_top_left"}},"spark_portals:cyan_portal_top_corner_z_alt":{"textures":{"up":"spark_portals-_cyan_portal_corner_side_top_r90","down":"spark_portals-cyan_portal_corner_side_top","north":"spark_portals-cyan_portal_corner_top_left","south":"spark_portals-cyan_portal_corner_top_right","east":"spark_portals-_cyan_portal_corner_side_bottom_r180","west":"spark_portals-_cyan_portal_corner_side_bottom_r180"}},"spark_portals:cyan_portal_bottom_corner_x":{"textures":{"up":"spark_portals-cyan_portal_corner_side_top","down":"spark_portals-cyan_portal_corner_side_top","north":"spark_portals-cyan_portal_corner_side_bottom","south":"spark_portals-cyan_portal_corner_side_bottom","east":"spark_portals-cyan_portal_corner_bottom_left","west":"spark_portals-cyan_portal_corner_bottom_right"}},"spark_portals:cyan_portal_bottom_corner_z":{"textures":{"up":"spark_portals-cyan_portal_corner_side_top","down":"spark_portals-_cyan_portal_corner_side_top_r270","north":"spark_portals-cyan_portal_corner_bottom_right","south":"spark_portals-cyan_portal_corner_bottom_left","east":"spark_portals-cyan_portal_corner_side_bottom","west":"spark_portals-cyan_portal_corner_side_bottom"}},"spark_portals:cyan_portal_top_corner_x":{"textures":{"up":"spark_portals-_cyan_portal_corner_side_top_r180","down":"spark_portals-cyan_portal_corner_side_top","north":"spark_portals-_cyan_portal_corner_side_bottom_r180","south":"spark_portals-_cyan_portal_corner_side_bottom_r180","east":"spark_portals-cyan_portal_corner_top_left","west":"spark_portals-cyan_portal_corner_top_right"}},"spark_portals:cyan_portal_top_corner_z":{"textures":{"up":"spark_portals-_cyan_portal_corner_side_top_r270","down":"spark_portals-_cyan_portal_corner_side_top_r90","north":"spark_portals-cyan_portal_corner_top_right","south":"spark_portals-cyan_portal_corner_top_left","east":"spark_portals-_cyan_portal_corner_side_bottom_r180","west":"spark_portals-_cyan_portal_corner_side_bottom_r180"}},"spark_portals:cyan_portal_horizontal_z":{"textures":{"up":"spark_portals-cyan_portal_horizontal","down":"spark_portals-cyan_portal_horizontal","north":"spark_portals-cyan_portal_horizontal","south":"spark_portals-cyan_portal_horizontal","east":"spark_portals-cyan_portal_horizontal","west":"spark_portals-cyan_portal_horizontal"}},"spark_portals:cyan_portal_horizontal_x":{"textures":{"up":"spark_portals-_cyan_portal_horizontal_r90","down":"spark_portals-_cyan_portal_horizontal_r90","north":"spark_portals-cyan_portal_horizontal","south":"spark_portals-cyan_portal_horizontal","east":"spark_portals-cyan_portal_horizontal","west":"spark_portals-cyan_portal_horizontal"}},"spark_portals:gray_portal_frame":{"textures":{"up":"spark_portals-gray_portal_frame","down":"spark_portals-gray_portal_frame","north":"spark_portals-gray_portal_frame","south":"spark_portals-gray_portal_frame","east":"spark_portals-gray_portal_frame","west":"spark_portals-gray_portal_frame"}},"spark_portals:gray_portal_frame_column":{"textures":{"up":"spark_portals-gray_portal_vertical","down":"spark_portals-gray_portal_vertical","north":"spark_portals-gray_portal_vertical","south":"spark_portals-gray_portal_vertical","east":"spark_portals-gray_portal_vertical","west":"spark_portals-gray_portal_vertical"}},"spark_portals:gray_portal_bottom_corner_x_alt":{"textures":{"up":"spark_portals-_gray_portal_horizontal_r270","down":"spark_portals-_gray_portal_horizontal_r90","north":"spark_portals-gray_portal_corner","south":"spark_portals-gray_portal_corner","east":"spark_portals-gray_portal_corner","west":"spark_portals-gray_portal_corner"}},"spark_portals:gray_portal_bottom_corner_z_alt":{"textures":{"up":"spark_portals-_gray_portal_horizontal_r270","down":"spark_portals-gray_portal_horizontal","north":"spark_portals-gray_portal_corner","south":"spark_portals-gray_portal_corner","east":"spark_portals-gray_portal_corner","west":"spark_portals-gray_portal_corner"}},"spark_portals:gray_portal_top_corner_x_alt":{"textures":{"up":"spark_portals-_gray_portal_horizontal_r90","down":"spark_portals-_gray_portal_horizontal_r270","north":"spark_portals-gray_portal_corner","south":"spark_portals-gray_portal_corner","east":"spark_portals-gray_portal_corner","west":"spark_portals-gray_portal_corner"}},"spark_portals:gray_portal_top_corner_z_alt":{"textures":{"up":"spark_portals-gray_portal_horizontal","down":"spark_portals-_gray_portal_horizontal_r270","north":"spark_portals-gray_portal_corner","south":"spark_portals-gray_portal_corner","east":"spark_portals-gray_portal_corner","west":"spark_portals-gray_portal_corner"}},"spark_portals:gray_portal_bottom_corner_x":{"textures":{"up":"spark_portals-_gray_portal_horizontal_r270","down":"spark_portals-_gray_portal_horizontal_r90","north":"spark_portals-gray_portal_corner","south":"spark_portals-gray_portal_corner","east":"spark_portals-gray_portal_corner","west":"spark_portals-gray_portal_corner"}},"spark_portals:gray_portal_bottom_corner_z":{"textures":{"up":"spark_portals-_gray_portal_horizontal_r270","down":"spark_portals-gray_portal_horizontal","north":"spark_portals-gray_portal_corner","south":"spark_portals-gray_portal_corner","east":"spark_portals-gray_portal_corner","west":"spark_portals-gray_portal_corner"}},"spark_portals:gray_portal_top_corner_x":{"textures":{"up":"spark_portals-_gray_portal_horizontal_r90","down":"spark_portals-_gray_portal_horizontal_r270","north":"spark_portals-gray_portal_corner","south":"spark_portals-gray_portal_corner","east":"spark_portals-gray_portal_corner","west":"spark_portals-gray_portal_corner"}},"spark_portals:gray_portal_top_corner_z":{"textures":{"up":"spark_portals-gray_portal_horizontal","down":"spark_portals-gray_portal_horizontal","north":"spark_portals-gray_portal_corner","south":"spark_portals-gray_portal_corner","east":"spark_portals-gray_portal_corner","west":"spark_portals-gray_portal_corner"}},"spark_portals:gray_portal_horizontal_z":{"textures":{"up":"spark_portals-gray_portal_horizontal","down":"spark_portals-gray_portal_horizontal","north":"spark_portals-gray_portal_horizontal","south":"spark_portals-gray_portal_horizontal","east":"spark_portals-gray_portal_horizontal","west":"spark_portals-gray_portal_horizontal"}},"spark_portals:gray_portal_horizontal_x":{"textures":{"up":"spark_portals-_gray_portal_horizontal_r90","down":"spark_portals-_gray_portal_horizontal_r90","north":"spark_portals-gray_portal_horizontal","south":"spark_portals-gray_portal_horizontal","east":"spark_portals-gray_portal_horizontal","west":"spark_portals-gray_portal_horizontal"}},"spark_portals:green_portal_frame":{"textures":{"up":"spark_portals-green_portal_frame","down":"spark_portals-green_portal_frame","north":"spark_portals-green_portal_frame","south":"spark_portals-green_portal_frame","east":"spark_portals-green_portal_frame","west":"spark_portals-green_portal_frame"}},"spark_portals:green_portal_frame_column":{"textures":{"up":"spark_portals-green_portal_vertical","down":"spark_portals-green_portal_vertical","north":"spark_portals-green_portal_vertical","south":"spark_portals-green_portal_vertical","east":"spark_portals-green_portal_vertical","west":"spark_portals-green_portal_vertical"}},"spark_portals:green_portal_bottom_corner_x_alt":{"textures":{"up":"spark_portals-_green_portal_horizontal_r90","down":"spark_portals-_green_portal_horizontal_r270","north":"spark_portals-green_portal_vertical","south":"spark_portals-green_portal_vertical","east":"spark_portals-green_portal_corner_bottom_right","west":"spark_portals-green_portal_corner_bottom_left"}},"spark_portals:green_portal_bottom_corner_z_alt":{"textures":{"up":"spark_portals-_green_portal_horizontal_r90","down":"spark_portals-_green_portal_horizontal_r180","north":"spark_portals-green_portal_corner_bottom_left","south":"spark_portals-green_portal_corner_bottom_right","east":"spark_portals-green_portal_vertical","west":"spark_portals-green_portal_vertical"}},"spark_portals:green_portal_top_corner_x_alt":{"textures":{"up":"spark_portals-_green_portal_horizontal_r90","down":"spark_portals-_green_portal_horizontal_r90","north":"spark_portals-_green_portal_vertical_r180","south":"spark_portals-_green_portal_vertical_r180","east":"spark_portals-green_portal_corner_top_right","west":"spark_portals-green_portal_corner_top_left"}},"spark_portals:green_portal_top_corner_z_alt":{"textures":{"up":"spark_portals-_green_portal_horizontal_r180","down":"spark_portals-_green_portal_horizontal_r90","north":"spark_portals-green_portal_corner_top_left","south":"spark_portals-green_portal_corner_top_right","east":"spark_portals-_green_portal_vertical_r180","west":"spark_portals-_green_portal_vertical_r180"}},"spark_portals:green_portal_bottom_corner_x":{"textures":{"up":"spark_portals-_green_portal_horizontal_r90","down":"spark_portals-_green_portal_horizontal_r90","north":"spark_portals-green_portal_vertical","south":"spark_portals-green_portal_vertical","east":"spark_portals-green_portal_corner_bottom_left","west":"spark_portals-green_portal_corner_bottom_right"}},"spark_portals:green_portal_bottom_corner_z":{"textures":{"up":"spark_portals-_green_portal_horizontal_r90","down":"spark_portals-green_portal_horizontal","north":"spark_portals-green_portal_corner_bottom_right","south":"spark_portals-green_portal_corner_bottom_left","east":"spark_portals-green_portal_vertical","west":"spark_portals-green_portal_vertical"}},"spark_portals:green_portal_top_corner_x":{"textures":{"up":"spark_portals-_green_portal_horizontal_r270","down":"spark_portals-_green_portal_horizontal_r90","north":"spark_portals-_green_portal_vertical_r180","south":"spark_portals-_green_portal_vertical_r180","east":"spark_portals-green_portal_corner_top_left","west":"spark_portals-green_portal_corner_top_right"}},"spark_portals:green_portal_top_corner_z":{"textures":{"up":"spark_portals-green_portal_horizontal","down":"spark_portals-_green_portal_horizontal_r180","north":"spark_portals-green_portal_corner_top_right","south":"spark_portals-green_portal_corner_top_left","east":"spark_portals-_green_portal_vertical_r180","west":"spark_portals-_green_portal_vertical_r180"}},"spark_portals:green_portal_horizontal_z":{"textures":{"up":"spark_portals-green_portal_horizontal","down":"spark_portals-green_portal_horizontal","north":"spark_portals-green_portal_horizontal","south":"spark_portals-green_portal_horizontal","east":"spark_portals-green_portal_horizontal","west":"spark_portals-green_portal_horizontal"}},"spark_portals:green_portal_horizontal_x":{"textures":{"up":"spark_portals-_green_portal_horizontal_r90","down":"spark_portals-_green_portal_horizontal_r90","north":"spark_portals-green_portal_horizontal","south":"spark_portals-green_portal_horizontal","east":"spark_portals-green_portal_horizontal","west":"spark_portals-green_portal_horizontal"}},"spark_portals:light_blue_portal_frame":{"textures":{"up":"spark_portals-light_blue_portal_frame","down":"spark_portals-light_blue_portal_frame","north":"spark_portals-light_blue_portal_frame","south":"spark_portals-light_blue_portal_frame","east":"spark_portals-light_blue_portal_frame","west":"spark_portals-light_blue_portal_frame"}},"spark_portals:light_blue_portal_frame_column":{"textures":{"up":"spark_portals-light_blue_portal_vertical","down":"spark_portals-light_blue_portal_vertical","north":"spark_portals-light_blue_portal_vertical","south":"spark_portals-light_blue_portal_vertical","east":"spark_portals-light_blue_portal_vertical","west":"spark_portals-light_blue_portal_vertical"}},"spark_portals:light_blue_portal_bottom_corner_x_alt":{"textures":{"up":"spark_portals-light_blue_portal_corner_side_top","down":"spark_portals-_light_blue_portal_corner_side_top_r180","north":"spark_portals-light_blue_portal_corner_side_bottom","south":"spark_portals-light_blue_portal_corner_side_bottom","east":"spark_portals-light_blue_portal_corner_bottom_right","west":"spark_portals-light_blue_portal_corner_bottom_left"}},"spark_portals:light_blue_portal_bottom_corner_z_alt":{"textures":{"up":"spark_portals-light_blue_portal_corner_side_top","down":"spark_portals-_light_blue_portal_corner_side_top_r90","north":"spark_portals-light_blue_portal_corner_bottom_left","south":"spark_portals-light_blue_portal_corner_bottom_right","east":"spark_portals-light_blue_portal_corner_side_bottom","west":"spark_portals-light_blue_portal_corner_side_bottom"}},"spark_portals:light_blue_portal_top_corner_x_alt":{"textures":{"up":"spark_portals-light_blue_portal_corner_side_top","down":"spark_portals-light_blue_portal_corner_side_top","north":"spark_portals-_light_blue_portal_corner_side_bottom_r180","south":"spark_portals-_light_blue_portal_corner_side_bottom_r180","east":"spark_portals-light_blue_portal_corner_top_right","west":"spark_portals-light_blue_portal_corner_top_left"}},"spark_portals:light_blue_portal_top_corner_z_alt":{"textures":{"up":"spark_portals-_light_blue_portal_corner_side_top_r90","down":"spark_portals-light_blue_portal_corner_side_top","north":"spark_portals-light_blue_portal_corner_top_left","south":"spark_portals-light_blue_portal_corner_top_right","east":"spark_portals-_light_blue_portal_corner_side_bottom_r180","west":"spark_portals-_light_blue_portal_corner_side_bottom_r180"}},"spark_portals:light_blue_portal_bottom_corner_x":{"textures":{"up":"spark_portals-light_blue_portal_corner_side_top","down":"spark_portals-light_blue_portal_corner_side_top","north":"spark_portals-light_blue_portal_corner_side_bottom","south":"spark_portals-light_blue_portal_corner_side_bottom","east":"spark_portals-light_blue_portal_corner_bottom_left","west":"spark_portals-light_blue_portal_corner_bottom_right"}},"spark_portals:light_blue_portal_bottom_corner_z":{"textures":{"up":"spark_portals-light_blue_portal_corner_side_top","down":"spark_portals-_light_blue_portal_corner_side_top_r270","north":"spark_portals-light_blue_portal_corner_bottom_right","south":"spark_portals-light_blue_portal_corner_bottom_left","east":"spark_portals-light_blue_portal_corner_side_bottom","west":"spark_portals-light_blue_portal_corner_side_bottom"}},"spark_portals:light_blue_portal_top_corner_x":{"textures":{"up":"spark_portals-_light_blue_portal_corner_side_top_r180","down":"spark_portals-light_blue_portal_corner_side_top","north":"spark_portals-_light_blue_portal_corner_side_bottom_r180","south":"spark_portals-_light_blue_portal_corner_side_bottom_r180","east":"spark_portals-light_blue_portal_corner_top_left","west":"spark_portals-light_blue_portal_corner_top_right"}},"spark_portals:light_blue_portal_top_corner_z":{"textures":{"up":"spark_portals-_light_blue_portal_corner_side_top_r270","down":"spark_portals-_light_blue_portal_corner_side_top_r90","north":"spark_portals-light_blue_portal_corner_top_right","south":"spark_portals-light_blue_portal_corner_top_left","east":"spark_portals-_light_blue_portal_corner_side_bottom_r180","west":"spark_portals-_light_blue_portal_corner_side_bottom_r180"}},"spark_portals:light_blue_portal_horizontal_z":{"textures":{"up":"spark_portals-light_blue_portal_horizontal","down":"spark_portals-light_blue_portal_horizontal","north":"spark_portals-light_blue_portal_horizontal","south":"spark_portals-light_blue_portal_horizontal","east":"spark_portals-light_blue_portal_horizontal","west":"spark_portals-light_blue_portal_horizontal"}},"spark_portals:light_blue_portal_horizontal_x":{"textures":{"up":"spark_portals-_light_blue_portal_horizontal_r90","down":"spark_portals-_light_blue_portal_horizontal_r90","north":"spark_portals-light_blue_portal_horizontal","south":"spark_portals-light_blue_portal_horizontal","east":"spark_portals-light_blue_portal_horizontal","west":"spark_portals-light_blue_portal_horizontal"}},"spark_portals:light_gray_portal_frame":{"textures":{"up":"spark_portals-light_gray_portal_frame","down":"spark_portals-light_gray_portal_frame","north":"spark_portals-light_gray_portal_frame","south":"spark_portals-light_gray_portal_frame","east":"spark_portals-light_gray_portal_frame","west":"spark_portals-light_gray_portal_frame"}},"spark_portals:light_gray_portal_frame_column":{"textures":{"up":"spark_portals-light_gray_portal_vertical","down":"spark_portals-light_gray_portal_vertical","north":"spark_portals-light_gray_portal_vertical","south":"spark_portals-light_gray_portal_vertical","east":"spark_portals-light_gray_portal_vertical","west":"spark_portals-light_gray_portal_vertical"}},"spark_portals:light_gray_portal_bottom_corner_x_alt":{"textures":{"up":"spark_portals-light_gray_portal_corner_side_top","down":"spark_portals-_light_gray_portal_corner_side_top_r180","north":"spark_portals-light_gray_portal_corner_side_bottom","south":"spark_portals-light_gray_portal_corner_side_bottom","east":"spark_portals-light_gray_portal_corner_bottom_right","west":"spark_portals-light_gray_portal_corner_bottom_left"}},"spark_portals:light_gray_portal_bottom_corner_z_alt":{"textures":{"up":"spark_portals-light_gray_portal_corner_side_top","down":"spark_portals-_light_gray_portal_corner_side_top_r90","north":"spark_portals-light_gray_portal_corner_bottom_left","south":"spark_portals-light_gray_portal_corner_bottom_right","east":"spark_portals-light_gray_portal_corner_side_bottom","west":"spark_portals-light_gray_portal_corner_side_bottom"}},"spark_portals:light_gray_portal_top_corner_x_alt":{"textures":{"up":"spark_portals-light_gray_portal_corner_side_top","down":"spark_portals-light_gray_portal_corner_side_top","north":"spark_portals-_light_gray_portal_corner_side_bottom_r180","south":"spark_portals-_light_gray_portal_corner_side_bottom_r180","east":"spark_portals-light_gray_portal_corner_top_right","west":"spark_portals-light_gray_portal_corner_top_left"}},"spark_portals:light_gray_portal_top_corner_z_alt":{"textures":{"up":"spark_portals-_light_gray_portal_corner_side_top_r90","down":"spark_portals-light_gray_portal_corner_side_top","north":"spark_portals-light_gray_portal_corner_top_left","south":"spark_portals-light_gray_portal_corner_top_right","east":"spark_portals-_light_gray_portal_corner_side_bottom_r180","west":"spark_portals-_light_gray_portal_corner_side_bottom_r180"}},"spark_portals:light_gray_portal_bottom_corner_x":{"textures":{"up":"spark_portals-light_gray_portal_corner_side_top","down":"spark_portals-light_gray_portal_corner_side_top","north":"spark_portals-light_gray_portal_corner_side_bottom","south":"spark_portals-light_gray_portal_corner_side_bottom","east":"spark_portals-light_gray_portal_corner_bottom_left","west":"spark_portals-light_gray_portal_corner_bottom_right"}},"spark_portals:light_gray_portal_bottom_corner_z":{"textures":{"up":"spark_portals-light_gray_portal_corner_side_top","down":"spark_portals-_light_gray_portal_corner_side_top_r270","north":"spark_portals-light_gray_portal_corner_bottom_right","south":"spark_portals-light_gray_portal_corner_bottom_left","east":"spark_portals-light_gray_portal_corner_side_bottom","west":"spark_portals-light_gray_portal_corner_side_bottom"}},"spark_portals:light_gray_portal_top_corner_x":{"textures":{"up":"spark_portals-_light_gray_portal_corner_side_top_r180","down":"spark_portals-light_gray_portal_corner_side_top","north":"spark_portals-_light_gray_portal_corner_side_bottom_r180","south":"spark_portals-_light_gray_portal_corner_side_bottom_r180","east":"spark_portals-light_gray_portal_corner_top_left","west":"spark_portals-light_gray_portal_corner_top_right"}},"spark_portals:light_gray_portal_top_corner_z":{"textures":{"up":"spark_portals-_light_gray_portal_corner_side_top_r270","down":"spark_portals-_light_gray_portal_corner_side_top_r90","north":"spark_portals-light_gray_portal_corner_top_right","south":"spark_portals-light_gray_portal_corner_top_left","east":"spark_portals-_light_gray_portal_corner_side_bottom_r180","west":"spark_portals-_light_gray_portal_corner_side_bottom_r180"}},"spark_portals:light_gray_portal_horizontal_z":{"textures":{"up":"spark_portals-light_gray_portal_horizontal","down":"spark_portals-light_gray_portal_horizontal","north":"spark_portals-light_gray_portal_horizontal","south":"spark_portals-light_gray_portal_horizontal","east":"spark_portals-light_gray_portal_horizontal","west":"spark_portals-light_gray_portal_horizontal"}},"spark_portals:light_gray_portal_horizontal_x":{"textures":{"up":"spark_portals-_light_gray_portal_horizontal_r90","down":"spark_portals-_light_gray_portal_horizontal_r90","north":"spark_portals-light_gray_portal_horizontal","south":"spark_portals-light_gray_portal_horizontal","east":"spark_portals-light_gray_portal_horizontal","west":"spark_portals-light_gray_portal_horizontal"}},"spark_portals:lime_portal_frame":{"textures":{"up":"spark_portals-lime_portal_frame","down":"spark_portals-lime_portal_frame","north":"spark_portals-lime_portal_frame","south":"spark_portals-lime_portal_frame","east":"spark_portals-lime_portal_frame","west":"spark_portals-lime_portal_frame"}},"spark_portals:lime_portal_frame_column":{"textures":{"up":"spark_portals-lime_portal_vertical","down":"spark_portals-lime_portal_vertical","north":"spark_portals-lime_portal_vertical","south":"spark_portals-lime_portal_vertical","east":"spark_portals-lime_portal_vertical","west":"spark_portals-lime_portal_vertical"}},"spark_portals:lime_portal_bottom_corner_x_alt":{"textures":{"up":"spark_portals-lime_portal_corner_side_top","down":"spark_portals-_lime_portal_corner_side_top_r180","north":"spark_portals-lime_portal_corner_side_bottom","south":"spark_portals-lime_portal_corner_side_bottom","east":"spark_portals-lime_portal_corner_bottom_right","west":"spark_portals-lime_portal_corner_bottom_left"}},"spark_portals:lime_portal_bottom_corner_z_alt":{"textures":{"up":"spark_portals-lime_portal_corner_side_top","down":"spark_portals-_lime_portal_corner_side_top_r90","north":"spark_portals-lime_portal_corner_bottom_left","south":"spark_portals-lime_portal_corner_bottom_right","east":"spark_portals-lime_portal_corner_side_bottom","west":"spark_portals-lime_portal_corner_side_bottom"}},"spark_portals:lime_portal_top_corner_x_alt":{"textures":{"up":"spark_portals-lime_portal_corner_side_top","down":"spark_portals-lime_portal_corner_side_top","north":"spark_portals-_lime_portal_corner_side_bottom_r180","south":"spark_portals-_lime_portal_corner_side_bottom_r180","east":"spark_portals-lime_portal_corner_top_right","west":"spark_portals-lime_portal_corner_top_left"}},"spark_portals:lime_portal_top_corner_z_alt":{"textures":{"up":"spark_portals-_lime_portal_corner_side_top_r90","down":"spark_portals-lime_portal_corner_side_top","north":"spark_portals-lime_portal_corner_top_left","south":"spark_portals-lime_portal_corner_top_right","east":"spark_portals-_lime_portal_corner_side_bottom_r180","west":"spark_portals-_lime_portal_corner_side_bottom_r180"}},"spark_portals:lime_portal_bottom_corner_x":{"textures":{"up":"spark_portals-lime_portal_corner_side_top","down":"spark_portals-lime_portal_corner_side_top","north":"spark_portals-lime_portal_corner_side_bottom","south":"spark_portals-lime_portal_corner_side_bottom","east":"spark_portals-lime_portal_corner_bottom_left","west":"spark_portals-lime_portal_corner_bottom_right"}},"spark_portals:lime_portal_bottom_corner_z":{"textures":{"up":"spark_portals-lime_portal_corner_side_top","down":"spark_portals-_lime_portal_corner_side_top_r270","north":"spark_portals-lime_portal_corner_bottom_right","south":"spark_portals-lime_portal_corner_bottom_left","east":"spark_portals-lime_portal_corner_side_bottom","west":"spark_portals-lime_portal_corner_side_bottom"}},"spark_portals:lime_portal_top_corner_x":{"textures":{"up":"spark_portals-_lime_portal_corner_side_top_r180","down":"spark_portals-lime_portal_corner_side_top","north":"spark_portals-_lime_portal_corner_side_bottom_r180","south":"spark_portals-_lime_portal_corner_side_bottom_r180","east":"spark_portals-lime_portal_corner_top_left","west":"spark_portals-lime_portal_corner_top_right"}},"spark_portals:lime_portal_top_corner_z":{"textures":{"up":"spark_portals-_lime_portal_corner_side_top_r270","down":"spark_portals-_lime_portal_corner_side_top_r90","north":"spark_portals-lime_portal_corner_top_right","south":"spark_portals-lime_portal_corner_top_left","east":"spark_portals-_lime_portal_corner_side_bottom_r180","west":"spark_portals-_lime_portal_corner_side_bottom_r180"}},"spark_portals:lime_portal_horizontal_z":{"textures":{"up":"spark_portals-lime_portal_horizontal","down":"spark_portals-lime_portal_horizontal","north":"spark_portals-lime_portal_horizontal","south":"spark_portals-lime_portal_horizontal","east":"spark_portals-lime_portal_horizontal","west":"spark_portals-lime_portal_horizontal"}},"spark_portals:lime_portal_horizontal_x":{"textures":{"up":"spark_portals-_lime_portal_horizontal_r90","down":"spark_portals-_lime_portal_horizontal_r90","north":"spark_portals-lime_portal_horizontal","south":"spark_portals-lime_portal_horizontal","east":"spark_portals-lime_portal_horizontal","west":"spark_portals-lime_portal_horizontal"}},"spark_portals:magenta_portal_frame":{"textures":{"up":"spark_portals-magenta_portal_frame","down":"spark_portals-magenta_portal_frame","north":"spark_portals-magenta_portal_frame","south":"spark_portals-magenta_portal_frame","east":"spark_portals-magenta_portal_frame","west":"spark_portals-magenta_portal_frame"}},"spark_portals:magenta_portal_frame_column":{"textures":{"up":"spark_portals-magenta_portal_vertical","down":"spark_portals-magenta_portal_vertical","north":"spark_portals-magenta_portal_vertical","south":"spark_portals-magenta_portal_vertical","east":"spark_portals-magenta_portal_vertical","west":"spark_portals-magenta_portal_vertical"}},"spark_portals:magenta_portal_bottom_corner_x_alt":{"textures":{"up":"spark_portals-magenta_portal_corner_side_top","down":"spark_portals-_magenta_portal_corner_side_top_r180","north":"spark_portals-magenta_portal_corner_side_bottom","south":"spark_portals-magenta_portal_corner_side_bottom","east":"spark_portals-magenta_portal_corner_bottom_right","west":"spark_portals-magenta_portal_corner_bottom_left"}},"spark_portals:magenta_portal_bottom_corner_z_alt":{"textures":{"up":"spark_portals-magenta_portal_corner_side_top","down":"spark_portals-_magenta_portal_corner_side_top_r90","north":"spark_portals-magenta_portal_corner_bottom_left","south":"spark_portals-magenta_portal_corner_bottom_right","east":"spark_portals-magenta_portal_corner_side_bottom","west":"spark_portals-magenta_portal_corner_side_bottom"}},"spark_portals:magenta_portal_top_corner_x_alt":{"textures":{"up":"spark_portals-magenta_portal_corner_side_top","down":"spark_portals-magenta_portal_corner_side_top","north":"spark_portals-_magenta_portal_corner_side_bottom_r180","south":"spark_portals-_magenta_portal_corner_side_bottom_r180","east":"spark_portals-magenta_portal_corner_top_right","west":"spark_portals-magenta_portal_corner_top_left"}},"spark_portals:magenta_portal_top_corner_z_alt":{"textures":{"up":"spark_portals-_magenta_portal_corner_side_top_r90","down":"spark_portals-magenta_portal_corner_side_top","north":"spark_portals-magenta_portal_corner_top_left","south":"spark_portals-magenta_portal_corner_top_right","east":"spark_portals-_magenta_portal_corner_side_bottom_r180","west":"spark_portals-_magenta_portal_corner_side_bottom_r180"}},"spark_portals:magenta_portal_bottom_corner_x":{"textures":{"up":"spark_portals-magenta_portal_corner_side_top","down":"spark_portals-magenta_portal_corner_side_top","north":"spark_portals-magenta_portal_corner_side_bottom","south":"spark_portals-magenta_portal_corner_side_bottom","east":"spark_portals-magenta_portal_corner_bottom_left","west":"spark_portals-magenta_portal_corner_bottom_right"}},"spark_portals:magenta_portal_bottom_corner_z":{"textures":{"up":"spark_portals-magenta_portal_corner_side_top","down":"spark_portals-_magenta_portal_corner_side_top_r270","north":"spark_portals-magenta_portal_corner_bottom_right","south":"spark_portals-magenta_portal_corner_bottom_left","east":"spark_portals-magenta_portal_corner_side_bottom","west":"spark_portals-magenta_portal_corner_side_bottom"}},"spark_portals:magenta_portal_top_corner_x":{"textures":{"up":"spark_portals-_magenta_portal_corner_side_top_r180","down":"spark_portals-magenta_portal_corner_side_top","north":"spark_portals-_magenta_portal_corner_side_bottom_r180","south":"spark_portals-_magenta_portal_corner_side_bottom_r180","east":"spark_portals-magenta_portal_corner_top_left","west":"spark_portals-magenta_portal_corner_top_right"}},"spark_portals:magenta_portal_top_corner_z":{"textures":{"up":"spark_portals-_magenta_portal_corner_side_top_r270","down":"spark_portals-_magenta_portal_corner_side_top_r90","north":"spark_portals-magenta_portal_corner_top_right","south":"spark_portals-magenta_portal_corner_top_left","east":"spark_portals-_magenta_portal_corner_side_bottom_r180","west":"spark_portals-_magenta_portal_corner_side_bottom_r180"}},"spark_portals:magenta_portal_horizontal_z":{"textures":{"up":"spark_portals-magenta_portal_horizontal","down":"spark_portals-magenta_portal_horizontal","north":"spark_portals-magenta_portal_horizontal","south":"spark_portals-magenta_portal_horizontal","east":"spark_portals-magenta_portal_horizontal","west":"spark_portals-magenta_portal_horizontal"}},"spark_portals:magenta_portal_horizontal_x":{"textures":{"up":"spark_portals-_magenta_portal_horizontal_r90","down":"spark_portals-_magenta_portal_horizontal_r90","north":"spark_portals-magenta_portal_horizontal","south":"spark_portals-magenta_portal_horizontal","east":"spark_portals-magenta_portal_horizontal","west":"spark_portals-magenta_portal_horizontal"}},"spark_portals:orange_portal_frame":{"textures":{"up":"spark_portals-orange_portal_frame","down":"spark_portals-orange_portal_frame","north":"spark_portals-orange_portal_frame","south":"spark_portals-orange_portal_frame","east":"spark_portals-orange_portal_frame","west":"spark_portals-orange_portal_frame"}},"spark_portals:orange_portal_frame_column":{"textures":{"up":"spark_portals-orange_portal_vertical","down":"spark_portals-orange_portal_vertical","north":"spark_portals-orange_portal_vertical","south":"spark_portals-orange_portal_vertical","east":"spark_portals-orange_portal_vertical","west":"spark_portals-orange_portal_vertical"}},"spark_portals:orange_portal_bottom_corner_x_alt":{"textures":{"up":"spark_portals-orange_portal_corner_side_top","down":"spark_portals-_orange_portal_corner_side_top_r180","north":"spark_portals-orange_portal_corner_side_bottom","south":"spark_portals-orange_portal_corner_side_bottom","east":"spark_portals-orange_portal_corner_bottom_right","west":"spark_portals-orange_portal_corner_bottom_left"}},"spark_portals:orange_portal_bottom_corner_z_alt":{"textures":{"up":"spark_portals-orange_portal_corner_side_top","down":"spark_portals-_orange_portal_corner_side_top_r90","north":"spark_portals-orange_portal_corner_bottom_left","south":"spark_portals-orange_portal_corner_bottom_right","east":"spark_portals-orange_portal_corner_side_bottom","west":"spark_portals-orange_portal_corner_side_bottom"}},"spark_portals:orange_portal_top_corner_x_alt":{"textures":{"up":"spark_portals-orange_portal_corner_side_top","down":"spark_portals-orange_portal_corner_side_top","north":"spark_portals-_orange_portal_corner_side_bottom_r180","south":"spark_portals-_orange_portal_corner_side_bottom_r180","east":"spark_portals-orange_portal_corner_top_right","west":"spark_portals-orange_portal_corner_top_left"}},"spark_portals:orange_portal_top_corner_z_alt":{"textures":{"up":"spark_portals-_orange_portal_corner_side_top_r90","down":"spark_portals-orange_portal_corner_side_top","north":"spark_portals-orange_portal_corner_top_left","south":"spark_portals-orange_portal_corner_top_right","east":"spark_portals-_orange_portal_corner_side_bottom_r180","west":"spark_portals-_orange_portal_corner_side_bottom_r180"}},"spark_portals:orange_portal_bottom_corner_x":{"textures":{"up":"spark_portals-orange_portal_corner_side_top","down":"spark_portals-orange_portal_corner_side_top","north":"spark_portals-orange_portal_corner_side_bottom","south":"spark_portals-orange_portal_corner_side_bottom","east":"spark_portals-orange_portal_corner_bottom_left","west":"spark_portals-orange_portal_corner_bottom_right"}},"spark_portals:orange_portal_bottom_corner_z":{"textures":{"up":"spark_portals-orange_portal_corner_side_top","down":"spark_portals-_orange_portal_corner_side_top_r270","north":"spark_portals-orange_portal_corner_bottom_right","south":"spark_portals-orange_portal_corner_bottom_left","east":"spark_portals-orange_portal_corner_side_bottom","west":"spark_portals-orange_portal_corner_side_bottom"}},"spark_portals:orange_portal_top_corner_x":{"textures":{"up":"spark_portals-_orange_portal_corner_side_top_r180","down":"spark_portals-orange_portal_corner_side_top","north":"spark_portals-_orange_portal_corner_side_bottom_r180","south":"spark_portals-_orange_portal_corner_side_bottom_r180","east":"spark_portals-orange_portal_corner_top_left","west":"spark_portals-orange_portal_corner_top_right"}},"spark_portals:orange_portal_top_corner_z":{"textures":{"up":"spark_portals-_orange_portal_corner_side_top_r270","down":"spark_portals-_orange_portal_corner_side_top_r90","north":"spark_portals-orange_portal_corner_top_right","south":"spark_portals-orange_portal_corner_top_left","east":"spark_portals-_orange_portal_corner_side_bottom_r180","west":"spark_portals-_orange_portal_corner_side_bottom_r180"}},"spark_portals:orange_portal_horizontal_z":{"textures":{"up":"spark_portals-orange_portal_horizontal","down":"spark_portals-orange_portal_horizontal","north":"spark_portals-orange_portal_horizontal","south":"spark_portals-orange_portal_horizontal","east":"spark_portals-orange_portal_horizontal","west":"spark_portals-orange_portal_horizontal"}},"spark_portals:orange_portal_horizontal_x":{"textures":{"up":"spark_portals-_orange_portal_horizontal_r90","down":"spark_portals-_orange_portal_horizontal_r90","north":"spark_portals-orange_portal_horizontal","south":"spark_portals-orange_portal_horizontal","east":"spark_portals-orange_portal_horizontal","west":"spark_portals-orange_portal_horizontal"}},"spark_portals:pink_portal_frame":{"textures":{"up":"spark_portals-pink_portal_frame","down":"spark_portals-pink_portal_frame","north":"spark_portals-pink_portal_frame","south":"spark_portals-pink_portal_frame","east":"spark_portals-pink_portal_frame","west":"spark_portals-pink_portal_frame"}},"spark_portals:pink_portal_frame_column":{"textures":{"up":"spark_portals-pink_portal_vertical","down":"spark_portals-pink_portal_vertical","north":"spark_portals-pink_portal_vertical","south":"spark_portals-pink_portal_vertical","east":"spark_portals-pink_portal_vertical","west":"spark_portals-pink_portal_vertical"}},"spark_portals:pink_portal_bottom_corner_x_alt":{"textures":{"up":"spark_portals-pink_portal_corner_side_top","down":"spark_portals-_pink_portal_corner_side_top_r180","north":"spark_portals-pink_portal_corner_side_bottom","south":"spark_portals-pink_portal_corner_side_bottom","east":"spark_portals-pink_portal_corner_bottom_right","west":"spark_portals-pink_portal_corner_bottom_left"}},"spark_portals:pink_portal_bottom_corner_z_alt":{"textures":{"up":"spark_portals-pink_portal_corner_side_top","down":"spark_portals-_pink_portal_corner_side_top_r90","north":"spark_portals-pink_portal_corner_bottom_left","south":"spark_portals-pink_portal_corner_bottom_right","east":"spark_portals-pink_portal_corner_side_bottom","west":"spark_portals-pink_portal_corner_side_bottom"}},"spark_portals:pink_portal_top_corner_x_alt":{"textures":{"up":"spark_portals-pink_portal_corner_side_top","down":"spark_portals-pink_portal_corner_side_top","north":"spark_portals-_pink_portal_corner_side_bottom_r180","south":"spark_portals-_pink_portal_corner_side_bottom_r180","east":"spark_portals-pink_portal_corner_top_right","west":"spark_portals-pink_portal_corner_top_left"}},"spark_portals:pink_portal_top_corner_z_alt":{"textures":{"up":"spark_portals-_pink_portal_corner_side_top_r90","down":"spark_portals-pink_portal_corner_side_top","north":"spark_portals-pink_portal_corner_top_left","south":"spark_portals-pink_portal_corner_top_right","east":"spark_portals-_pink_portal_corner_side_bottom_r180","west":"spark_portals-_pink_portal_corner_side_bottom_r180"}},"spark_portals:pink_portal_bottom_corner_x":{"textures":{"up":"spark_portals-pink_portal_corner_side_top","down":"spark_portals-pink_portal_corner_side_top","north":"spark_portals-pink_portal_corner_side_bottom","south":"spark_portals-pink_portal_corner_side_bottom","east":"spark_portals-pink_portal_corner_bottom_left","west":"spark_portals-pink_portal_corner_bottom_right"}},"spark_portals:pink_portal_bottom_corner_z":{"textures":{"up":"spark_portals-pink_portal_corner_side_top","down":"spark_portals-_pink_portal_corner_side_top_r270","north":"spark_portals-pink_portal_corner_bottom_right","south":"spark_portals-pink_portal_corner_bottom_left","east":"spark_portals-pink_portal_corner_side_bottom","west":"spark_portals-pink_portal_corner_side_bottom"}},"spark_portals:pink_portal_top_corner_x":{"textures":{"up":"spark_portals-_pink_portal_corner_side_top_r180","down":"spark_portals-pink_portal_corner_side_top","north":"spark_portals-_pink_portal_corner_side_bottom_r180","south":"spark_portals-_pink_portal_corner_side_bottom_r180","east":"spark_portals-pink_portal_corner_top_left","west":"spark_portals-pink_portal_corner_top_right"}},"spark_portals:pink_portal_top_corner_z":{"textures":{"up":"spark_portals-_pink_portal_corner_side_top_r270","down":"spark_portals-_pink_portal_corner_side_top_r90","north":"spark_portals-pink_portal_corner_top_right","south":"spark_portals-pink_portal_corner_top_left","east":"spark_portals-_pink_portal_corner_side_bottom_r180","west":"spark_portals-_pink_portal_corner_side_bottom_r180"}},"spark_portals:pink_portal_horizontal_z":{"textures":{"up":"spark_portals-pink_portal_horizontal","down":"spark_portals-pink_portal_horizontal","north":"spark_portals-pink_portal_horizontal","south":"spark_portals-pink_portal_horizontal","east":"spark_portals-pink_portal_horizontal","west":"spark_portals-pink_portal_horizontal"}},"spark_portals:pink_portal_horizontal_x":{"textures":{"up":"spark_portals-_pink_portal_horizontal_r90","down":"spark_portals-_pink_portal_horizontal_r90","north":"spark_portals-pink_portal_horizontal","south":"spark_portals-pink_portal_horizontal","east":"spark_portals-pink_portal_horizontal","west":"spark_portals-pink_portal_horizontal"}},"spark_portals:purple_portal_frame":{"textures":{"up":"spark_portals-purple_portal_frame","down":"spark_portals-purple_portal_frame","north":"spark_portals-purple_portal_frame","south":"spark_portals-purple_portal_frame","east":"spark_portals-purple_portal_frame","west":"spark_portals-purple_portal_frame"}},"spark_portals:purple_portal_frame_column":{"textures":{"up":"spark_portals-purple_portal_vertical","down":"spark_portals-purple_portal_vertical","north":"spark_portals-purple_portal_vertical","south":"spark_portals-purple_portal_vertical","east":"spark_portals-purple_portal_vertical","west":"spark_portals-purple_portal_vertical"}},"spark_portals:purple_portal_bottom_corner_x_alt":{"textures":{"up":"spark_portals-purple_portal_corner_side_top","down":"spark_portals-_purple_portal_corner_side_top_r180","north":"spark_portals-purple_portal_corner_side_bottom","south":"spark_portals-purple_portal_corner_side_bottom","east":"spark_portals-purple_portal_corner_bottom_right","west":"spark_portals-purple_portal_corner_bottom_left"}},"spark_portals:purple_portal_bottom_corner_z_alt":{"textures":{"up":"spark_portals-purple_portal_corner_side_top","down":"spark_portals-_purple_portal_corner_side_top_r90","north":"spark_portals-purple_portal_corner_bottom_left","south":"spark_portals-purple_portal_corner_bottom_right","east":"spark_portals-purple_portal_corner_side_bottom","west":"spark_portals-purple_portal_corner_side_bottom"}},"spark_portals:purple_portal_top_corner_x_alt":{"textures":{"up":"spark_portals-purple_portal_corner_side_top","down":"spark_portals-purple_portal_corner_side_top","north":"spark_portals-_purple_portal_corner_side_bottom_r180","south":"spark_portals-_purple_portal_corner_side_bottom_r180","east":"spark_portals-purple_portal_corner_top_right","west":"spark_portals-purple_portal_corner_top_left"}},"spark_portals:purple_portal_top_corner_z_alt":{"textures":{"up":"spark_portals-_purple_portal_corner_side_top_r90","down":"spark_portals-purple_portal_corner_side_top","north":"spark_portals-purple_portal_corner_top_left","south":"spark_portals-purple_portal_corner_top_right","east":"spark_portals-_purple_portal_corner_side_bottom_r180","west":"spark_portals-_purple_portal_corner_side_bottom_r180"}},"spark_portals:purple_portal_bottom_corner_x":{"textures":{"up":"spark_portals-purple_portal_corner_side_top","down":"spark_portals-purple_portal_corner_side_top","north":"spark_portals-purple_portal_corner_side_bottom","south":"spark_portals-purple_portal_corner_side_bottom","east":"spark_portals-purple_portal_corner_bottom_left","west":"spark_portals-purple_portal_corner_bottom_right"}},"spark_portals:purple_portal_bottom_corner_z":{"textures":{"up":"spark_portals-purple_portal_corner_side_top","down":"spark_portals-_purple_portal_corner_side_top_r270","north":"spark_portals-purple_portal_corner_bottom_right","south":"spark_portals-purple_portal_corner_bottom_left","east":"spark_portals-purple_portal_corner_side_bottom","west":"spark_portals-purple_portal_corner_side_bottom"}},"spark_portals:purple_portal_top_corner_x":{"textures":{"up":"spark_portals-_purple_portal_corner_side_top_r180","down":"spark_portals-purple_portal_corner_side_top","north":"spark_portals-_purple_portal_corner_side_bottom_r180","south":"spark_portals-_purple_portal_corner_side_bottom_r180","east":"spark_portals-purple_portal_corner_top_left","west":"spark_portals-purple_portal_corner_top_right"}},"spark_portals:purple_portal_top_corner_z":{"textures":{"up":"spark_portals-_purple_portal_corner_side_top_r270","down":"spark_portals-_purple_portal_corner_side_top_r90","north":"spark_portals-purple_portal_corner_top_right","south":"spark_portals-purple_portal_corner_top_left","east":"spark_portals-_purple_portal_corner_side_bottom_r180","west":"spark_portals-_purple_portal_corner_side_bottom_r180"}},"spark_portals:purple_portal_horizontal_z":{"textures":{"up":"spark_portals-purple_portal_horizontal","down":"spark_portals-purple_portal_horizontal","north":"spark_portals-purple_portal_horizontal","south":"spark_portals-purple_portal_horizontal","east":"spark_portals-purple_portal_horizontal","west":"spark_portals-purple_portal_horizontal"}},"spark_portals:purple_portal_horizontal_x":{"textures":{"up":"spark_portals-_purple_portal_horizontal_r90","down":"spark_portals-_purple_portal_horizontal_r90","north":"spark_portals-purple_portal_horizontal","south":"spark_portals-purple_portal_horizontal","east":"spark_portals-purple_portal_horizontal","west":"spark_portals-purple_portal_horizontal"}},"spark_portals:red_portal_frame":{"textures":{"up":"spark_portals-red_portal_frame","down":"spark_portals-red_portal_frame","north":"spark_portals-red_portal_frame","south":"spark_portals-red_portal_frame","east":"spark_portals-red_portal_frame","west":"spark_portals-red_portal_frame"}},"spark_portals:red_portal_frame_column":{"textures":{"up":"spark_portals-red_portal_vertical","down":"spark_portals-red_portal_vertical","north":"spark_portals-red_portal_vertical","south":"spark_portals-red_portal_vertical","east":"spark_portals-red_portal_vertical","west":"spark_portals-red_portal_vertical"}},"spark_portals:red_portal_bottom_corner_x_alt":{"textures":{"up":"spark_portals-red_portal_corner_side_top","down":"spark_portals-_red_portal_corner_side_top_r180","north":"spark_portals-red_portal_corner_side_bottom","south":"spark_portals-red_portal_corner_side_bottom","east":"spark_portals-red_portal_corner_bottom_right","west":"spark_portals-red_portal_corner_bottom_left"}},"spark_portals:red_portal_bottom_corner_z_alt":{"textures":{"up":"spark_portals-red_portal_corner_side_top","down":"spark_portals-_red_portal_corner_side_top_r90","north":"spark_portals-red_portal_corner_bottom_left","south":"spark_portals-red_portal_corner_bottom_right","east":"spark_portals-red_portal_corner_side_bottom","west":"spark_portals-red_portal_corner_side_bottom"}},"spark_portals:red_portal_top_corner_x_alt":{"textures":{"up":"spark_portals-red_portal_corner_side_top","down":"spark_portals-red_portal_corner_side_top","north":"spark_portals-_red_portal_corner_side_bottom_r180","south":"spark_portals-_red_portal_corner_side_bottom_r180","east":"spark_portals-red_portal_corner_top_right","west":"spark_portals-red_portal_corner_top_left"}},"spark_portals:red_portal_top_corner_z_alt":{"textures":{"up":"spark_portals-_red_portal_corner_side_top_r90","down":"spark_portals-red_portal_corner_side_top","north":"spark_portals-red_portal_corner_top_left","south":"spark_portals-red_portal_corner_top_right","east":"spark_portals-_red_portal_corner_side_bottom_r180","west":"spark_portals-_red_portal_corner_side_bottom_r180"}},"spark_portals:red_portal_bottom_corner_x":{"textures":{"up":"spark_portals-red_portal_corner_side_top","down":"spark_portals-red_portal_corner_side_top","north":"spark_portals-red_portal_corner_side_bottom","south":"spark_portals-red_portal_corner_side_bottom","east":"spark_portals-red_portal_corner_bottom_left","west":"spark_portals-red_portal_corner_bottom_right"}},"spark_portals:red_portal_bottom_corner_z":{"textures":{"up":"spark_portals-red_portal_corner_side_top","down":"spark_portals-_red_portal_corner_side_top_r270","north":"spark_portals-red_portal_corner_bottom_right","south":"spark_portals-red_portal_corner_bottom_left","east":"spark_portals-red_portal_corner_side_bottom","west":"spark_portals-red_portal_corner_side_bottom"}},"spark_portals:red_portal_top_corner_x":{"textures":{"up":"spark_portals-_red_portal_corner_side_top_r180","down":"spark_portals-red_portal_corner_side_top","north":"spark_portals-_red_portal_corner_side_bottom_r180","south":"spark_portals-_red_portal_corner_side_bottom_r180","east":"spark_portals-red_portal_corner_top_left","west":"spark_portals-red_portal_corner_top_right"}},"spark_portals:red_portal_top_corner_z":{"textures":{"up":"spark_portals-_red_portal_corner_side_top_r270","down":"spark_portals-_red_portal_corner_side_top_r90","north":"spark_portals-red_portal_corner_top_right","south":"spark_portals-red_portal_corner_top_left","east":"spark_portals-_red_portal_corner_side_bottom_r180","west":"spark_portals-_red_portal_corner_side_bottom_r180"}},"spark_portals:red_portal_horizontal_z":{"textures":{"up":"spark_portals-red_portal_horizontal","down":"spark_portals-red_portal_horizontal","north":"spark_portals-red_portal_horizontal","south":"spark_portals-red_portal_horizontal","east":"spark_portals-red_portal_horizontal","west":"spark_portals-red_portal_horizontal"}},"spark_portals:red_portal_horizontal_x":{"textures":{"up":"spark_portals-_red_portal_horizontal_r90","down":"spark_portals-_red_portal_horizontal_r90","north":"spark_portals-red_portal_horizontal","south":"spark_portals-red_portal_horizontal","east":"spark_portals-red_portal_horizontal","west":"spark_portals-red_portal_horizontal"}},"spark_portals:white_portal_frame":{"textures":{"up":"spark_portals-white_portal_frame","down":"spark_portals-white_portal_frame","north":"spark_portals-white_portal_frame","south":"spark_portals-white_portal_frame","east":"spark_portals-white_portal_frame","west":"spark_portals-white_portal_frame"}},"spark_portals:white_portal_frame_column":{"textures":{"up":"spark_portals-white_portal_vertical","down":"spark_portals-white_portal_vertical","north":"spark_portals-white_portal_vertical","south":"spark_portals-white_portal_vertical","east":"spark_portals-white_portal_vertical","west":"spark_portals-white_portal_vertical"}},"spark_portals:white_portal_bottom_corner_x_alt":{"textures":{"up":"spark_portals-white_portal_frame","down":"spark_portals-_white_portal_frame_r180","north":"spark_portals-white_portal_corner_top","south":"spark_portals-white_portal_corner_top","east":"spark_portals-white_portal_corner_top","west":"spark_portals-white_portal_corner_top"}},"spark_portals:white_portal_bottom_corner_z_alt":{"textures":{"up":"spark_portals-white_portal_frame","down":"spark_portals-white_portal_frame","north":"spark_portals-white_portal_corner_top","south":"spark_portals-white_portal_corner_top","east":"spark_portals-white_portal_corner_top","west":"spark_portals-white_portal_corner_top"}},"spark_portals:white_portal_top_corner_x_alt":{"textures":{"up":"spark_portals-white_portal_frame","down":"spark_portals-white_portal_frame","north":"spark_portals-white_portal_corner_bottom","south":"spark_portals-white_portal_corner_bottom","east":"spark_portals-white_portal_corner_bottom","west":"spark_portals-white_portal_corner_bottom"}},"spark_portals:white_portal_top_corner_z_alt":{"textures":{"up":"spark_portals-white_portal_frame","down":"spark_portals-white_portal_frame","north":"spark_portals-white_portal_corner_bottom","south":"spark_portals-white_portal_corner_bottom","east":"spark_portals-white_portal_corner_bottom","west":"spark_portals-white_portal_corner_bottom"}},"spark_portals:white_portal_bottom_corner_x":{"textures":{"up":"spark_portals-white_portal_frame","down":"spark_portals-white_portal_frame","north":"spark_portals-white_portal_corner_top","south":"spark_portals-white_portal_corner_top","east":"spark_portals-white_portal_corner_top","west":"spark_portals-white_portal_corner_top"}},"spark_portals:white_portal_bottom_corner_z":{"textures":{"up":"spark_portals-white_portal_frame","down":"spark_portals-white_portal_frame","north":"spark_portals-white_portal_corner_top","south":"spark_portals-white_portal_corner_top","east":"spark_portals-white_portal_corner_top","west":"spark_portals-white_portal_corner_top"}},"spark_portals:white_portal_top_corner_x":{"textures":{"up":"spark_portals-white_portal_frame","down":"spark_portals-white_portal_frame","north":"spark_portals-white_portal_corner_bottom","south":"spark_portals-white_portal_corner_bottom","east":"spark_portals-white_portal_corner_bottom","west":"spark_portals-white_portal_corner_bottom"}},"spark_portals:white_portal_top_corner_z":{"textures":{"up":"spark_portals-white_portal_frame","down":"spark_portals-white_portal_frame","north":"spark_portals-white_portal_corner_bottom","south":"spark_portals-white_portal_corner_bottom","east":"spark_portals-white_portal_corner_bottom","west":"spark_portals-white_portal_corner_bottom"}},"spark_portals:white_portal_horizontal_z":{"textures":{"up":"spark_portals-white_portal_frame","down":"spark_portals-white_portal_frame","north":"spark_portals-white_portal_horizontal","south":"spark_portals-white_portal_horizontal","east":"spark_portals-white_portal_horizontal","west":"spark_portals-white_portal_horizontal"}},"spark_portals:white_portal_horizontal_x":{"textures":{"up":"spark_portals-white_portal_frame","down":"spark_portals-white_portal_frame","north":"spark_portals-white_portal_horizontal","south":"spark_portals-white_portal_horizontal","east":"spark_portals-white_portal_horizontal","west":"spark_portals-white_portal_horizontal"}},"spark_portals:yellow_portal_frame":{"textures":{"up":"spark_portals-yellow_portal_frame","down":"spark_portals-yellow_portal_frame","north":"spark_portals-yellow_portal_frame","south":"spark_portals-yellow_portal_frame","east":"spark_portals-yellow_portal_frame","west":"spark_portals-yellow_portal_frame"}},"spark_portals:yellow_portal_frame_column":{"textures":{"up":"spark_portals-yellow_portal_vertical","down":"spark_portals-yellow_portal_vertical","north":"spark_portals-yellow_portal_vertical","south":"spark_portals-yellow_portal_vertical","east":"spark_portals-yellow_portal_vertical","west":"spark_portals-yellow_portal_vertical"}},"spark_portals:yellow_portal_bottom_corner_x_alt":{"textures":{"up":"spark_portals-yellow_portal_corner_side_top","down":"spark_portals-_yellow_portal_corner_side_top_r180","north":"spark_portals-yellow_portal_corner_side_bottom","south":"spark_portals-yellow_portal_corner_side_bottom","east":"spark_portals-yellow_portal_corner_bottom_right","west":"spark_portals-yellow_portal_corner_bottom_left"}},"spark_portals:yellow_portal_bottom_corner_z_alt":{"textures":{"up":"spark_portals-yellow_portal_corner_side_top","down":"spark_portals-_yellow_portal_corner_side_top_r90","north":"spark_portals-yellow_portal_corner_bottom_left","south":"spark_portals-yellow_portal_corner_bottom_right","east":"spark_portals-yellow_portal_corner_side_bottom","west":"spark_portals-yellow_portal_corner_side_bottom"}},"spark_portals:yellow_portal_top_corner_x_alt":{"textures":{"up":"spark_portals-yellow_portal_corner_side_top","down":"spark_portals-yellow_portal_corner_side_top","north":"spark_portals-_yellow_portal_corner_side_bottom_r180","south":"spark_portals-_yellow_portal_corner_side_bottom_r180","east":"spark_portals-yellow_portal_corner_top_right","west":"spark_portals-yellow_portal_corner_top_left"}},"spark_portals:yellow_portal_top_corner_z_alt":{"textures":{"up":"spark_portals-_yellow_portal_corner_side_top_r90","down":"spark_portals-yellow_portal_corner_side_top","north":"spark_portals-yellow_portal_corner_top_left","south":"spark_portals-yellow_portal_corner_top_right","east":"spark_portals-_yellow_portal_corner_side_bottom_r180","west":"spark_portals-_yellow_portal_corner_side_bottom_r180"}},"spark_portals:yellow_portal_bottom_corner_x":{"textures":{"up":"spark_portals-yellow_portal_corner_side_top","down":"spark_portals-yellow_portal_corner_side_top","north":"spark_portals-yellow_portal_corner_side_bottom","south":"spark_portals-yellow_portal_corner_side_bottom","east":"spark_portals-yellow_portal_corner_bottom_left","west":"spark_portals-yellow_portal_corner_bottom_right"}},"spark_portals:yellow_portal_bottom_corner_z":{"textures":{"up":"spark_portals-yellow_portal_corner_side_top","down":"spark_portals-_yellow_portal_corner_side_top_r270","north":"spark_portals-yellow_portal_corner_bottom_right","south":"spark_portals-yellow_portal_corner_bottom_left","east":"spark_portals-yellow_portal_corner_side_bottom","west":"spark_portals-yellow_portal_corner_side_bottom"}},"spark_portals:yellow_portal_top_corner_x":{"textures":{"up":"spark_portals-_yellow_portal_corner_side_top_r180","down":"spark_portals-yellow_portal_corner_side_top","north":"spark_portals-_yellow_portal_corner_side_bottom_r180","south":"spark_portals-_yellow_portal_corner_side_bottom_r180","east":"spark_portals-yellow_portal_corner_top_left","west":"spark_portals-yellow_portal_corner_top_right"}},"spark_portals:yellow_portal_top_corner_z":{"textures":{"up":"spark_portals-_yellow_portal_corner_side_top_r270","down":"spark_portals-_yellow_portal_corner_side_top_r90","north":"spark_portals-yellow_portal_corner_top_right","south":"spark_portals-yellow_portal_corner_top_left","east":"spark_portals-_yellow_portal_corner_side_bottom_r180","west":"spark_portals-_yellow_portal_corner_side_bottom_r180"}},"spark_portals:yellow_portal_horizontal_z":{"textures":{"up":"spark_portals-yellow_portal_horizontal","down":"spark_portals-yellow_portal_horizontal","north":"spark_portals-yellow_portal_horizontal","south":"spark_portals-yellow_portal_horizontal","east":"spark_portals-yellow_portal_horizontal","west":"spark_portals-yellow_portal_horizontal"}},"spark_portals:yellow_portal_horizontal_x":{"textures":{"up":"spark_portals-_yellow_portal_horizontal_r90","down":"spark_portals-_yellow_portal_horizontal_r90","north":"spark_portals-yellow_portal_horizontal","south":"spark_portals-yellow_portal_horizontal","east":"spark_portals-yellow_portal_horizontal","west":"spark_portals-yellow_portal_horizontal"}}}
