{"version":1,"content":[{"path":"animation_controllers/guide_book.animation_controller.json","key":"iN1hKz3VW90BupRoc5sV4hzcBLgWQc9j"},{"path":"animations/guide_book.animation.json","key":"rE6ZSCyCuyP8CAZdkuJURpjfUkv6j4gh"},{"path":"animations/portal.animation.json","key":"gO7GBblKVAQ2EOhWeM976Aj7XXFOQidt"},{"path":"blocks.json","key":"cI7gsyJ3xYG3TEqx30BRf9sGTaMX9ENk"},{"path":"entity/guide_book.entity.json","key":"fR8OSkQo5znS6f9y20CPhzK8wPQQdeci"},{"path":"entity/portal_marker.entity.json","key":"zR8BnqoTUt6dcjAhQiTw9nJdmp3Tmu8I"},{"path":"manifest.json"},{"path":"materials/entity.material","key":"xR7kvZh8NZzfBQ0bHzWbNU3Y6tB89fyO"},{"path":"models/blocks/empty.geo.json","key":"yY2I1Ivx85U3IPQNouwemAhQoKqMn8v4"},{"path":"models/entity/guide_book/guide_book.geo.json","key":"hU2vt3m9TiP4QckSI9AtAhPh4PWtUPBY"},{"path":"models/entity/portal_glow.geo.json","key":"qJ5it9Nc54bfMZhsR7QrM5A1spw34psl"},{"path":"models/entity/portal_glow_flat.geo.json","key":"iI81CFlJ1FbL4bzXXCu3VvQ8kfURtxz5"},{"path":"models/entity/portal_opening.geo.json","key":"zU3Gr2mtXt11ESQcFeyk6STZijKNkNyj"},{"path":"models/entity/portal_tint.geo.json","key":"bP8LWPGwLVfv1ZoJONZAxOULYXi3W66u"},{"path":"pack_icon.png"},{"path":"particles/fireflies.particle.json","key":"mE2CNekbotbEFI4Y6CjaxVhVdqvczk4c"},{"path":"render_controllers/guide_book.render_controllers.json","key":"mP1X6igHAkZOMHYfYvjojb6SkbP7J3ru"},{"path":"render_controllers/portal.render_controllers.json","key":"yT5jpo7CORaTxbFNgHPqMcL0B9TNeVqr"},{"path":"sounds/sound_definitions.json","key":"yO66VAbngTh2UInoOEIGqbs1S3K8MvOA"},{"path":"sounds/spark/spportals/book/book_close.ogg","key":"tY5WWmhG2XeybpleVkWH7q500juxe2Oc"},{"path":"sounds/spark/spportals/book/book_flick_page1.ogg","key":"mA8XYoFqPNyAtmXeZyyZYI1wuiF4j3lI"},{"path":"sounds/spark/spportals/book/book_flick_page2.ogg","key":"oM3wuhaE95J1jBcrTEB7AJmE0BLoRQ9y"},{"path":"sounds/spark/spportals/book/book_flick_page3.ogg","key":"tB2hTxPrrgm7O8PcmhU5gzbrsWbO5bXv"},{"path":"sounds/spark/spportals/book/book_flick_page4.ogg","key":"yW7akmYeXr6zM9qwMb57ulHlpqbz40wW"},{"path":"sounds/spark/spportals/book/book_place.ogg","key":"vW0959dKa2bYb00SWGLJfuUfYudh80QM"},{"path":"sounds/spark/spportals/misc/mute.ogg","key":"yY0ugzxo0teF799PSOm5BHAcljPtiCHG"},{"path":"sounds/spark/spportals/portal/portal_activate.ogg","key":"oA15sSYrWrqyUGtiRrpRAJTMfpU7S3n1"},{"path":"sounds/spark/spportals/portal/portal_change.ogg","key":"vY9NKUXFpyeaCFKknf3IW7x0i3PLx6gG"},{"path":"sounds/spark/spportals/portal/portal_deactivate.ogg","key":"qO1JBaisSzzNYYVUVhByR1kcx4zdlLbB"},{"path":"sounds/spark/spportals/portal/portal_passive1.ogg","key":"tE7n5euJrCnS29cmbCCzxJ11ovgrtwVI"},{"path":"sounds/spark/spportals/portal/portal_passive2.ogg","key":"uS5f2FNzlBZC5ECzgeb0r7z8GamtO45h"},{"path":"sounds/spark/spportals/portal/portal_passive3.ogg","key":"gL7mveW4uCpsqF5f4lmqJOajtH2CIZiZ"},{"path":"sounds/spark/spportals/portal/portal_passive4.ogg","key":"yX8nbxKAAhnbW6TgdG1TdJ6jxHJfxfsW"},{"path":"sounds/spark/spportals/portal/tp_failed.ogg","key":"oI7mTdryekrhIZxd89g31mpml7F3L9HK"},{"path":"sounds/spark/spportals/portal/tp_quit.ogg","key":"wX9YWH6a0O6Ae9nWQfMRYQJmuVCG3VWm"},{"path":"sounds/spark/spportals/portal/tp_ready.ogg","key":"hH50FBWPL2Ilskir0JO5eRM7oKM5XUht"},{"path":"sounds/spark/spportals/portal/tp_ready_loop1.ogg","key":"mQ8Pz7Xs908BxIOqrCFTW38k5gXiJMqU"},{"path":"sounds/spark/spportals/portal/tp_ready_loop2.ogg","key":"yM6E0YftnnNQKxux5vzatx7pd2qh6pvk"},{"path":"sounds/spark/spportals/portal/tp_ready_loop3.ogg","key":"lV3gHygMordmOvb43beW47n9jK3LjcF5"},{"path":"sounds/spark/spportals/portal/tp_ready_loop4.ogg","key":"xF0geUt6Z0NFb4t1VAJSAnSRRHFxCbld"},{"path":"sounds/spark/spportals/portal/tp_successful.ogg","key":"dW7glp5inOef1cfAhVYHskPWzkcZsoN3"},{"path":"texts/bg_BG.lang"},{"path":"texts/cs_CZ.lang"},{"path":"texts/da_DK.lang"},{"path":"texts/de_DE.lang"},{"path":"texts/el_GR.lang"},{"path":"texts/en_GB.lang"},{"path":"texts/en_US.lang"},{"path":"texts/es_ES.lang"},{"path":"texts/es_MX.lang"},{"path":"texts/fi_FI.lang"},{"path":"texts/fr_CA.lang"},{"path":"texts/fr_FR.lang"},{"path":"texts/hu_HU.lang"},{"path":"texts/id_ID.lang"},{"path":"texts/it_IT.lang"},{"path":"texts/ja_JP.lang"},{"path":"texts/ko_KR.lang"},{"path":"texts/languages.json"},{"path":"texts/nb_NO.lang"},{"path":"texts/nl_NL.lang"},{"path":"texts/pl_PL.lang"},{"path":"texts/pt_BR.lang"},{"path":"texts/pt_PT.lang"},{"path":"texts/ru_RU.lang"},{"path":"texts/sk_SK.lang"},{"path":"texts/sv_SE.lang"},{"path":"texts/tr_TR.lang"},{"path":"texts/uk_UA.lang"},{"path":"texts/zh_CN.lang"},{"path":"texts/zh_TW.lang"},{"path":"textures/item_texture.json","key":"oG5TrNzclbfX2TO1WiCQpPhjx16VCIUq"},{"path":"textures/spark/spportals/blocks/_black_p_c_side_bottom_r180.png","key":"iW8kGbEeOSiT2vZ0ShSB1NgV7fpJuuax"},{"path":"textures/spark/spportals/blocks/_black_p_c_side_top_r180.png","key":"yW6drOLjzPotETWTsji3qV5P3zzmmY5m"},{"path":"textures/spark/spportals/blocks/_black_p_c_side_top_r270.png","key":"rV4lkTgfIbeWQB3GaT9nIKUzCgwju5Y8"},{"path":"textures/spark/spportals/blocks/_black_p_c_side_top_r90.png","key":"eG1PVkXbpda1emtfL81XY11z3vUMpvvk"},{"path":"textures/spark/spportals/blocks/_black_p_horizontal_r90.png","key":"wR1yidxxxZK0J2GC1s3oPJqfJI0lkJ5q"},{"path":"textures/spark/spportals/blocks/_blue_p_c_side_bottom_r180.png","key":"fA4L89JBQk7n21h0QS5xMbfvLtNZHSnG"},{"path":"textures/spark/spportals/blocks/_blue_p_c_side_top_r180.png","key":"qH15yscdlqjpr1C7TkWkFojYbr0B1qrT"},{"path":"textures/spark/spportals/blocks/_blue_p_c_side_top_r270.png","key":"hV5ZaANrwzeCS6yzG9urU7CdOJ3Ot8VB"},{"path":"textures/spark/spportals/blocks/_blue_p_c_side_top_r90.png","key":"kE3GNgumPERnWxveFt0qbYEgm9w1s8Hz"},{"path":"textures/spark/spportals/blocks/_blue_p_horizontal_r90.png","key":"lU8apuZZfBHhZ516R6pcvkOq7Zr9HtYI"},{"path":"textures/spark/spportals/blocks/_brown_p_c_r180.png","key":"lB9Cx1gdnCew3GgrHWKO3mM19KGehQLo"},{"path":"textures/spark/spportals/blocks/_brown_p_c_r270.png","key":"qE0Llp3ZSOwSnlZp1atxHu8AqynOzv29"},{"path":"textures/spark/spportals/blocks/_brown_p_c_r90.png","key":"lV6KQE23fCHWlLIQXg3Ame2cuBgWfeKE"},{"path":"textures/spark/spportals/blocks/_brown_p_horizontal_r90.png","key":"bU3ngE1NcX7zSTYdmsBytmM3JdzUWThn"},{"path":"textures/spark/spportals/blocks/_cyan_p_c_side_bottom_r180.png","key":"hY8aWfTOgPPGOFKdT1YoGCbUwb15YzuU"},{"path":"textures/spark/spportals/blocks/_cyan_p_c_side_top_r180.png","key":"hC0EylsBhydGP18LPvxdZgaGd8MkChMh"},{"path":"textures/spark/spportals/blocks/_cyan_p_c_side_top_r270.png","key":"hO5STltXk5NmdBpxkBTpcnOe2bwPV61e"},{"path":"textures/spark/spportals/blocks/_cyan_p_c_side_top_r90.png","key":"sW4NGVC86kqtB8q5v0vgTtKV11oeOMt5"},{"path":"textures/spark/spportals/blocks/_cyan_p_horizontal_r90.png","key":"wC0gpL1mXOU7NT6eCCx16fycXpsPEr9C"},{"path":"textures/spark/spportals/blocks/_gray_p_horizontal_r270.png","key":"hR1ncznGTRqm3ItqHJkd07YSFdvJ24Ox"},{"path":"textures/spark/spportals/blocks/_gray_p_horizontal_r90.png","key":"jN7gyhmjCQy2NfE6AQLss0Q6fqn8O4AG"},{"path":"textures/spark/spportals/blocks/_green_p_horizontal_r180.png","key":"yA4bMAuZ9YyShui8hTNvQLXFpGyaezid"},{"path":"textures/spark/spportals/blocks/_green_p_horizontal_r270.png","key":"bF2VAQCz039m7GALjvzXT7RVIs7KeWp5"},{"path":"textures/spark/spportals/blocks/_green_p_horizontal_r90.png","key":"jX9KQIIQCzz4nRTmmJt8lBFIhWcUfTC3"},{"path":"textures/spark/spportals/blocks/_green_p_vertical_r180.png","key":"oB1duT0LOBqKlrtkeoVQeytAXcBZWPkM"},{"path":"textures/spark/spportals/blocks/_light_blue_p_c_side_bottom_r180.png","key":"iX421OHsrojp6GNSpAIwYZMeapsIbBag"},{"path":"textures/spark/spportals/blocks/_light_blue_p_c_side_top_r180.png","key":"zQ7Rdw9vkQenG7OSj6sRoLXcG09R1ZGg"},{"path":"textures/spark/spportals/blocks/_light_blue_p_c_side_top_r270.png","key":"gQ4TQnX9OiGHoSrMfv3SmiPp30wCqBA4"},{"path":"textures/spark/spportals/blocks/_light_blue_p_c_side_top_r90.png","key":"bV6y0Y9PuS3qH2JMOCZWLmMefFwF6269"},{"path":"textures/spark/spportals/blocks/_light_blue_p_horizontal_r90.png","key":"dK1FdWy6lGMa3XPvA6Iv0QacFuf0bRdM"},{"path":"textures/spark/spportals/blocks/_light_gray_p_c_side_bottom_r180.png","key":"nB2LyVma5K6favLe8sy0m3FVpayP4pkP"},{"path":"textures/spark/spportals/blocks/_light_gray_p_c_side_top_r180.png","key":"bW4kBLIM8atrV33Y3LmKhwq3Z0ofgAPQ"},{"path":"textures/spark/spportals/blocks/_light_gray_p_c_side_top_r270.png","key":"sQ2tULSxnShQ8kuoTqTrWNYK4PvmOIKA"},{"path":"textures/spark/spportals/blocks/_light_gray_p_c_side_top_r90.png","key":"mV2vPZYdSn2hx0NRWsaHE2dRTwioNj7F"},{"path":"textures/spark/spportals/blocks/_light_gray_p_horizontal_r90.png","key":"wC2Agak88m8nAmCCzxc3vTOehrTkUzNb"},{"path":"textures/spark/spportals/blocks/_lime_p_c_side_bottom_r180.png","key":"nX9MXZkKlCgxpEUqRQOIc8msYf4HEqul"},{"path":"textures/spark/spportals/blocks/_lime_p_c_side_top_r180.png","key":"xG1ORpIoqgoztpM6RhakhTGKkpLCRxvo"},{"path":"textures/spark/spportals/blocks/_lime_p_c_side_top_r270.png","key":"hA9tH1nVZO7dIEziTByO5ap7mVzcofVj"},{"path":"textures/spark/spportals/blocks/_lime_p_c_side_top_r90.png","key":"eH00z3YofxeZtmWmoCkde2fHpilXNZwy"},{"path":"textures/spark/spportals/blocks/_lime_p_horizontal_r90.png","key":"nY7FmfUeC8qRj5B1bQP092dCA38BxHY4"},{"path":"textures/spark/spportals/blocks/_magenta_p_c_side_bottom_r180.png","key":"gS7s3fipBV7qwVK3jbhbVY3vz35na2wn"},{"path":"textures/spark/spportals/blocks/_magenta_p_c_side_top_r180.png","key":"pN2Kmu8FNzM0i1TsgZ8NzlH38CcmgOh2"},{"path":"textures/spark/spportals/blocks/_magenta_p_c_side_top_r270.png","key":"vS0rlMTgJKXGA9aal7bwAYKW2k3Tcbgu"},{"path":"textures/spark/spportals/blocks/_magenta_p_c_side_top_r90.png","key":"eM6Itfx7MkRpA3YQ804UsSCdzHE6tcJO"},{"path":"textures/spark/spportals/blocks/_magenta_p_horizontal_r90.png","key":"iL5oyPGG4kHBdi4MW81lpVw5BNIGxAvz"},{"path":"textures/spark/spportals/blocks/_orange_p_c_side_bottom_r180.png","key":"eJ5iweR0nd1qwkVVtPikVvraUtHkm4oR"},{"path":"textures/spark/spportals/blocks/_orange_p_c_side_top_r180.png","key":"mU64tPHRUpcKkFvwRVO7bJA5sbWyaCjb"},{"path":"textures/spark/spportals/blocks/_orange_p_c_side_top_r270.png","key":"rN1GuLvrUTG578P9uxSnmooxU87kptSB"},{"path":"textures/spark/spportals/blocks/_orange_p_c_side_top_r90.png","key":"bZ1WUiRVEsE3UrqqlLcf0M6sHiGYXVM1"},{"path":"textures/spark/spportals/blocks/_orange_p_horizontal_r90.png","key":"vC8xL6UnxQcUu1cZpSQpw34ST8elw0MK"},{"path":"textures/spark/spportals/blocks/_pink_p_c_side_bottom_r180.png","key":"gG1k6qvNVUqSjlcoNfgCB02TFxSU9bA9"},{"path":"textures/spark/spportals/blocks/_pink_p_c_side_top_r180.png","key":"yJ9BhCcStLeBSKbAqFjuuqCyd1ehXTrU"},{"path":"textures/spark/spportals/blocks/_pink_p_c_side_top_r270.png","key":"rQ3ZuayURBL5gKttjAH85fdMqcgjwuyv"},{"path":"textures/spark/spportals/blocks/_pink_p_c_side_top_r90.png","key":"qR1Se6YCV9XIjqwUdrC5etLJZiwl0epQ"},{"path":"textures/spark/spportals/blocks/_pink_p_horizontal_r90.png","key":"gF82ehFnty4V6JXoo6YI6YwaeEwdRo6Q"},{"path":"textures/spark/spportals/blocks/_purple_p_c_side_bottom_r180.png","key":"yQ4CciRjnpwNg5fIjZxT3W1ecwAVCrPv"},{"path":"textures/spark/spportals/blocks/_purple_p_c_side_top_r180.png","key":"oK3dqfVmRxYTTAptytNSI7LPzFJ5yTQo"},{"path":"textures/spark/spportals/blocks/_purple_p_c_side_top_r270.png","key":"nI1BYfgU9EhPqaaovTmvOe0biV8kLWsX"},{"path":"textures/spark/spportals/blocks/_purple_p_c_side_top_r90.png","key":"wR3LCb55dhJNfqjoRpMv3BykNi2IU4u6"},{"path":"textures/spark/spportals/blocks/_purple_p_horizontal_r90.png","key":"zT3LeOsNEaZEbwyc8cuouSKMzt1xyxmR"},{"path":"textures/spark/spportals/blocks/_red_p_c_side_bottom_r180.png","key":"zY4t5CHsvz9XmCV39t5ViZNFyhAr2myR"},{"path":"textures/spark/spportals/blocks/_red_p_c_side_top_r180.png","key":"vM2wRi3lrob0r6alIBbjSXCE3mdJHVnA"},{"path":"textures/spark/spportals/blocks/_red_p_c_side_top_r270.png","key":"rM4ApHncIn55852rpot3KrG7lEkumduN"},{"path":"textures/spark/spportals/blocks/_red_p_c_side_top_r90.png","key":"eZ7NE1Hozrwbdd2BCnhuktuSZwOGE0rI"},{"path":"textures/spark/spportals/blocks/_red_p_horizontal_r90.png","key":"nB5GlIuxle0nbYIqhf4MU5CQCAeuM62d"},{"path":"textures/spark/spportals/blocks/_white_p_frame_r180.png","key":"yR02qsnfAgSF3PdotL5qVa89WXeciC8X"},{"path":"textures/spark/spportals/blocks/_yellow_p_c_side_bottom_r180.png","key":"qG4onTIZsqEpz9FNGB6mBv0go3UBF6Vn"},{"path":"textures/spark/spportals/blocks/_yellow_p_c_side_top_r180.png","key":"mJ26OMgIpG28jUVpUVdCYM8hehlqghMH"},{"path":"textures/spark/spportals/blocks/_yellow_p_c_side_top_r270.png","key":"jS8EUd8RhbyC6dn6GAB91eBJhaoNsFmY"},{"path":"textures/spark/spportals/blocks/_yellow_p_c_side_top_r90.png","key":"dH9JgoCgJW6c4v6biZq4avAXseIXqy9e"},{"path":"textures/spark/spportals/blocks/_yellow_p_horizontal_r90.png","key":"dA1ckH80RerajMWGNQgYqOgmpTp2CsC5"},{"path":"textures/spark/spportals/blocks/black_p_c_bottom_left.png","key":"pI8PioFmux2UxZiuUn8VdfflxaJbNzAI"},{"path":"textures/spark/spportals/blocks/black_p_c_bottom_right.png","key":"jY5rs1mUPRkiT2HuEWJonRu69cZnoRdd"},{"path":"textures/spark/spportals/blocks/black_p_c_side_bottom.png","key":"kZ5QAuv6AB1Pa5xLMI8k1Mjy3wZ8umaN"},{"path":"textures/spark/spportals/blocks/black_p_c_side_left.png","key":"eX4aJUrEraKxCdvU88V3gRq1Plx2bHpg"},{"path":"textures/spark/spportals/blocks/black_p_c_side_right.png","key":"jH146eO1tX4HVN0QzfbXMmal4qMjwsb9"},{"path":"textures/spark/spportals/blocks/black_p_c_side_top.png","key":"yN2iBP6YQ6NjSOeiK4VyPsWvrz3B0Zz5"},{"path":"textures/spark/spportals/blocks/black_p_c_top_left.png","key":"tJ9daefRec6Wz7BWLsEoEfBWLn32PPOh"},{"path":"textures/spark/spportals/blocks/black_p_c_top_right.png","key":"gE1GeZ56VCgslrv8nGIB8b9NCNN3AW8f"},{"path":"textures/spark/spportals/blocks/black_p_frame.png","key":"lB6maWWj9p8KVaVsJZIEdJdBQuvLPGgI"},{"path":"textures/spark/spportals/blocks/black_p_horizontal.png","key":"fG5XNImhuyk8rv5Ie2gAuoKzNEk5abM5"},{"path":"textures/spark/spportals/blocks/black_p_vertical.png","key":"oV8vaVThn5kPig3lKRxLl1foX5op44vR"},{"path":"textures/spark/spportals/blocks/blue_p_c_bottom_left.png","key":"mC7hbxF0ge42W3WRFebtJoQk95v43lX7"},{"path":"textures/spark/spportals/blocks/blue_p_c_bottom_right.png","key":"cG4UC5j6BHRdLmUJES5pxH7zhWG4gvsK"},{"path":"textures/spark/spportals/blocks/blue_p_c_side_bottom.png","key":"lX3nIwzGkqUCwoHNMZlzRxipJZhdkvol"},{"path":"textures/spark/spportals/blocks/blue_p_c_side_left.png","key":"rX0x13oHd7meLUOpYnRs7xLvgc7QlTz6"},{"path":"textures/spark/spportals/blocks/blue_p_c_side_right.png","key":"gN1hH7MpU12L0LPdf3ZtPwEE6l8Cy24e"},{"path":"textures/spark/spportals/blocks/blue_p_c_side_top.png","key":"wM7vCBsZuLGxJnWF70kt7yRBXCHZF4Nb"},{"path":"textures/spark/spportals/blocks/blue_p_c_top_left.png","key":"oT5eI0XwbZ18vfsTsnJHeICeTrlvu9pC"},{"path":"textures/spark/spportals/blocks/blue_p_c_top_right.png","key":"jP6ZZr1r72B8EnSsg2VJh1plumm69byu"},{"path":"textures/spark/spportals/blocks/blue_p_frame.png","key":"jQ1tj7FuHEy47t4EHPVFTBVZdpLjfait"},{"path":"textures/spark/spportals/blocks/blue_p_horizontal.png","key":"rS0TGAoAqgIkjy4Bkid0r6Uj9xHosB7G"},{"path":"textures/spark/spportals/blocks/blue_p_vertical.png","key":"pJ2rNpFtlXWlWHk4QwHwE9Ftd57EcGtW"},{"path":"textures/spark/spportals/blocks/brown_p_c.png","key":"aV3MhAH3M18lQFblPobVnfILZxSLYSBB"},{"path":"textures/spark/spportals/blocks/brown_p_frame.png","key":"oP9b4IkjPM7H4taNwqjO8jHwwGa0nWyc"},{"path":"textures/spark/spportals/blocks/brown_p_horizontal.png","key":"aF7tvgMbFWPyQBh3KTq4ASrl2wBZjpTr"},{"path":"textures/spark/spportals/blocks/brown_p_vertical.png","key":"xW93lQ4CSpKnnbmC28ofkp1ws3bTnmqU"},{"path":"textures/spark/spportals/blocks/cyan_p_c_bottom_left.png","key":"hQ2ROXFHad6JQIsYP3bvodgvbO4w6qSw"},{"path":"textures/spark/spportals/blocks/cyan_p_c_bottom_right.png","key":"xH7qgETjjb3iz7cPUdhP0qWhz51st5jj"},{"path":"textures/spark/spportals/blocks/cyan_p_c_side_bottom.png","key":"uN1KNFPlVLMevCsGudm5snBdJS6IQqfz"},{"path":"textures/spark/spportals/blocks/cyan_p_c_side_left.png","key":"gH6okEXe7jOcAqt6TasoLH63Px5Ny2Na"},{"path":"textures/spark/spportals/blocks/cyan_p_c_side_right.png","key":"kL9F90L0i1quBXqAhCgRNdfZKtxtdVb7"},{"path":"textures/spark/spportals/blocks/cyan_p_c_side_top.png","key":"lM0OWwJ7JC1wBlT5NOkbG2dN3Qc747LT"},{"path":"textures/spark/spportals/blocks/cyan_p_c_top_left.png","key":"oX0QMTqXXY5hBescWHfMH19ZTYM6TzA6"},{"path":"textures/spark/spportals/blocks/cyan_p_c_top_right.png","key":"fY47o2bFK21Fo5EikXVGz6UZBBAWrkdL"},{"path":"textures/spark/spportals/blocks/cyan_p_frame.png","key":"bW2NoHW08Yc6XfonlfIYQfBc3HIsxImw"},{"path":"textures/spark/spportals/blocks/cyan_p_horizontal.png","key":"dK1sMt8OcSdL8QBXs6BehNqEiZaI5ewW"},{"path":"textures/spark/spportals/blocks/cyan_p_vertical.png","key":"vZ7Yn7Ao1tLNJ7sA2h0Bi5WLuNnkXCac"},{"path":"textures/spark/spportals/blocks/empty.png","key":"vR5rmSxFuHUihWCWz86nwGpmJPno83bh"},{"path":"textures/spark/spportals/blocks/gray_p_c.png","key":"zJ8Kay8Xl5tSQK291sEna0eqkI9tLi76"},{"path":"textures/spark/spportals/blocks/gray_p_frame.png","key":"yZ4IeeWPqZtQBqAKVtdBU988Zkd2MmXL"},{"path":"textures/spark/spportals/blocks/gray_p_horizontal.png","key":"lW1mLa0dW4BBniiCQQYXmL8QZmzW89c8"},{"path":"textures/spark/spportals/blocks/gray_p_vertical.png","key":"bT4NdFsGNLyzkuVouKgzM3RdjBFMan3P"},{"path":"textures/spark/spportals/blocks/green_p_c_bottom_left.png","key":"zH5R5HUBvfstLfzRbh8d6syW1Bh6O7yN"},{"path":"textures/spark/spportals/blocks/green_p_c_bottom_right.png","key":"aV24n8xKvCsZHfflpW1o271dCqyMPlKV"},{"path":"textures/spark/spportals/blocks/green_p_c_top_left.png","key":"oH1imevZwgN2r9QoUTbeEZNVqVLOeau0"},{"path":"textures/spark/spportals/blocks/green_p_c_top_right.png","key":"eT2kueOmo4swCnC3xxRhyNsuQAIOnxQd"},{"path":"textures/spark/spportals/blocks/green_p_frame.png","key":"iP6BvPwBV53d6kZopxTIVvAjmUKf2U0E"},{"path":"textures/spark/spportals/blocks/green_p_horizontal.png","key":"uJ1AetokOwIpUs3bPuGVBcb8lThrMKYF"},{"path":"textures/spark/spportals/blocks/green_p_vertical.png","key":"yC2theZ1j1X0vsRZFyJcukBj6vRfFYJN"},{"path":"textures/spark/spportals/blocks/light_blue_p_c_bottom_left.png","key":"wL1ucz7h5BFut2xx4lbRTHtncLj8R96K"},{"path":"textures/spark/spportals/blocks/light_blue_p_c_bottom_right.png","key":"xF6XPXFsRGv3AkITTpgH9dyzp6IhY4rV"},{"path":"textures/spark/spportals/blocks/light_blue_p_c_side_bottom.png","key":"xI2FmYwhEBbPtPsIAg9oLWS4ypj6RAhF"},{"path":"textures/spark/spportals/blocks/light_blue_p_c_side_left.png","key":"iX0M8pTnkLvH1F5EoEmPd2oGcFU438eA"},{"path":"textures/spark/spportals/blocks/light_blue_p_c_side_right.png","key":"tI7qN9Gka3Pr2eJaWq0mr3TX1UfrnGbQ"},{"path":"textures/spark/spportals/blocks/light_blue_p_c_side_top.png","key":"dE4Lyr7Ktf2zLT6gdjNi15AwdwIGIMg9"},{"path":"textures/spark/spportals/blocks/light_blue_p_c_top_left.png","key":"yH9Sc27ujTA5xmwzG3SZ2iq6zCXEjC5J"},{"path":"textures/spark/spportals/blocks/light_blue_p_c_top_right.png","key":"nB2U4nlbgQqk6fRoc4gMvRg63R7NneG4"},{"path":"textures/spark/spportals/blocks/light_blue_p_frame.png","key":"rZ9o8yPBBqb2td0WwRBFjSNfCOG0CWKq"},{"path":"textures/spark/spportals/blocks/light_blue_p_horizontal.png","key":"pQ1BPykhq5NjXxyYlYcmgG64dumMdjIT"},{"path":"textures/spark/spportals/blocks/light_blue_p_vertical.png","key":"iE1N4LRcaNtBp2oQ9QE2nEIl3KRQKyf8"},{"path":"textures/spark/spportals/blocks/light_gray_p_c_bottom_left.png","key":"eJ6VFFAzYCGzAYQ4EVxTz9zLH2Vv5NEm"},{"path":"textures/spark/spportals/blocks/light_gray_p_c_bottom_right.png","key":"uR3e4bTRHqTHKVG31tm631iUWSnUikvT"},{"path":"textures/spark/spportals/blocks/light_gray_p_c_side_bottom.png","key":"dL3ok9aK07eUNB3vt1239LXEuzGvSti8"},{"path":"textures/spark/spportals/blocks/light_gray_p_c_side_left.png","key":"hA4icFRrxPVkWbd6i3Ls66yjhcf7HE7N"},{"path":"textures/spark/spportals/blocks/light_gray_p_c_side_right.png","key":"mT47oJ8npw25KXUVyIRNZSuwaejvVNuz"},{"path":"textures/spark/spportals/blocks/light_gray_p_c_side_top.png","key":"eS5uU1oFCMGHejnuQfSgBotd44itgaac"},{"path":"textures/spark/spportals/blocks/light_gray_p_c_top_left.png","key":"xU5F5SNWPJJpN50vNmtHSMUvtW7fFQ4l"},{"path":"textures/spark/spportals/blocks/light_gray_p_c_top_right.png","key":"xN1kXB6vNTzVxSVRufwrSBY09bnb3Y2Y"},{"path":"textures/spark/spportals/blocks/light_gray_p_frame.png","key":"iE0YRRpbYQVnabYxo4MkTW4ftyLjtECe"},{"path":"textures/spark/spportals/blocks/light_gray_p_horizontal.png","key":"aP0UXCVwBKKlq8Xr9m7VS8Ep790LgiGq"},{"path":"textures/spark/spportals/blocks/light_gray_p_vertical.png","key":"zU1kfQrSyP9NMNWzyu5bJzOGm3YRazAT"},{"path":"textures/spark/spportals/blocks/lime_p_c_bottom_left.png","key":"rG56yYU5TejWtEKwAfuQO9vz2esgNJyw"},{"path":"textures/spark/spportals/blocks/lime_p_c_bottom_right.png","key":"tR0fWiUBKW0nveWoA448OSCbJgZlBd40"},{"path":"textures/spark/spportals/blocks/lime_p_c_side_bottom.png","key":"rF8wqfMHoghP9JNse0sqxbKRnpw9mrGI"},{"path":"textures/spark/spportals/blocks/lime_p_c_side_left.png","key":"eR3fQon1O81zENschNrMsGlTtiZHQCU2"},{"path":"textures/spark/spportals/blocks/lime_p_c_side_right.png","key":"uF8cbIa3bYhyGIEaTbvlbVPNHbVfzTdt"},{"path":"textures/spark/spportals/blocks/lime_p_c_side_top.png","key":"sH2sZV9TJPZd1mMltgJpEZdSWUOnLjOF"},{"path":"textures/spark/spportals/blocks/lime_p_c_top_left.png","key":"iR8i1R3xKMKWdWBMAUIItzQ7AxGKeN6c"},{"path":"textures/spark/spportals/blocks/lime_p_c_top_right.png","key":"cG12vzlJ1sMYtm5Ymx5qvFZ4943mcx5w"},{"path":"textures/spark/spportals/blocks/lime_p_frame.png","key":"iP5NX3WJra9icGGx4K6F7ArteBacEniz"},{"path":"textures/spark/spportals/blocks/lime_p_horizontal.png","key":"sY2hAYL6rXWr8O4evx77hamPwx8E6fT6"},{"path":"textures/spark/spportals/blocks/lime_p_vertical.png","key":"uU79oClOcfiohrryVeO0pFud7ZNLJTvE"},{"path":"textures/spark/spportals/blocks/magenta_p_c_bottom_left.png","key":"cN7o8tZTQ2FzkeqOc8USqRnlJCAdzKhu"},{"path":"textures/spark/spportals/blocks/magenta_p_c_bottom_right.png","key":"aV3v8capjxhTCo3kTxEULp4wV7dz9eSp"},{"path":"textures/spark/spportals/blocks/magenta_p_c_side_bottom.png","key":"jF4J7fcNMmtciUVqrEAkiPogL87TVYum"},{"path":"textures/spark/spportals/blocks/magenta_p_c_side_left.png","key":"gZ2KTrn7gT0EuuvB8qSSKKz3PwKenEYJ"},{"path":"textures/spark/spportals/blocks/magenta_p_c_side_right.png","key":"wT9dplR6Z2FlCaoHERsspg9YsLka4gNe"},{"path":"textures/spark/spportals/blocks/magenta_p_c_side_top.png","key":"zR3NbtUqtYtBpFOYNzEAuyFYyTBsp07q"},{"path":"textures/spark/spportals/blocks/magenta_p_c_top_left.png","key":"bS3MNi7RIqmBQqOUBM4G3hIcfQEPXyQV"},{"path":"textures/spark/spportals/blocks/magenta_p_c_top_right.png","key":"yJ01XnnQjiq95OOBgRK3iRAyZXCVKPpO"},{"path":"textures/spark/spportals/blocks/magenta_p_frame.png","key":"jG6cfykq87MFge4X6wTOKETrbYcGdmMH"},{"path":"textures/spark/spportals/blocks/magenta_p_horizontal.png","key":"kP98TUnrPCxtLYQi63kGFW5WyblncdPg"},{"path":"textures/spark/spportals/blocks/magenta_p_vertical.png","key":"qN60GsuEE5vr0W87MmWGJQEG7lQ6gbEf"},{"path":"textures/spark/spportals/blocks/orange_p_c_bottom_left.png","key":"tE1Mk04PMwSdBRxHJGIeZSsXIyJvIZyW"},{"path":"textures/spark/spportals/blocks/orange_p_c_bottom_right.png","key":"rY9AzQTru2TK2OiLiKjxkwhdxtsjPS0C"},{"path":"textures/spark/spportals/blocks/orange_p_c_side_bottom.png","key":"qF0qFnQbvAI2Tv0KrsNZC60PWeBEwHVo"},{"path":"textures/spark/spportals/blocks/orange_p_c_side_top.png","key":"hY2HbiI1j1a6PqLTqUjZr542zXBaAHtI"},{"path":"textures/spark/spportals/blocks/orange_p_c_top_left.png","key":"wX93b6OY4nQAfl0gU1NLjBoGAhqJbJkN"},{"path":"textures/spark/spportals/blocks/orange_p_c_top_right.png","key":"xM50ceTzKIUX5wu9owlBWANAGJZBALZO"},{"path":"textures/spark/spportals/blocks/orange_p_frame.png","key":"sO93Vs23i78Lol9w3eLFFsWNE2s3XSTE"},{"path":"textures/spark/spportals/blocks/orange_p_horizontal.png","key":"mA0lLjTK231bBu8FcIMKAIUwUR06siSp"},{"path":"textures/spark/spportals/blocks/orange_p_vertical.png","key":"jK0oZQZ3brXHBAbgGgJmYNf9Hcgn5gcV"},{"path":"textures/spark/spportals/blocks/pink_p_c_bottom_left.png","key":"aT0Kgptunp5S0xBeUgeXUMcRs8hvwHZK"},{"path":"textures/spark/spportals/blocks/pink_p_c_bottom_right.png","key":"aT3odHPXMu0XUJ9sRblISQHb2cWzXw1a"},{"path":"textures/spark/spportals/blocks/pink_p_c_side_bottom.png","key":"dZ6Bz0fH3lNoZzsAYAtBapVhCi49hWWz"},{"path":"textures/spark/spportals/blocks/pink_p_c_side_left.png","key":"cF83ZBBCGdAWQauCSF7vSHLMPiEc9IsS"},{"path":"textures/spark/spportals/blocks/pink_p_c_side_right.png","key":"kZ0twCpkgKTfzJG4SddLKsfBPucHORG7"},{"path":"textures/spark/spportals/blocks/pink_p_c_side_top.png","key":"jO5v25y00ZkPFqg615UXHEgw8uCmf3to"},{"path":"textures/spark/spportals/blocks/pink_p_c_top_left.png","key":"dQ8NE7x4NclQmqc3Q5ncOzYrkgVHKGNz"},{"path":"textures/spark/spportals/blocks/pink_p_c_top_right.png","key":"eF3oirqfgpxBb55P09Wxuhl3oS8prpln"},{"path":"textures/spark/spportals/blocks/pink_p_frame.png","key":"zC96SNspWOvV7N8U0SRFFnKUA5lQ9d9r"},{"path":"textures/spark/spportals/blocks/pink_p_horizontal.png","key":"tM8P15H0nkYaqrXdgHFBz0Z3XlEGnEG9"},{"path":"textures/spark/spportals/blocks/pink_p_vertical.png","key":"sQ00jYmobSiC8lwty2qKBMOVSwLLPPH8"},{"path":"textures/spark/spportals/blocks/purple_p_c_bottom_left.png","key":"uY8Wh8iVEncwAfONT8RKV3TWOByiebgI"},{"path":"textures/spark/spportals/blocks/purple_p_c_bottom_right.png","key":"wQ5Tm46KKkHJ8YSjHeaMRyAAySSZ6Cvi"},{"path":"textures/spark/spportals/blocks/purple_p_c_side_bottom.png","key":"pH376kcCyAZnPzSdHIRrOVycLYbrdUdE"},{"path":"textures/spark/spportals/blocks/purple_p_c_side_left.png","key":"oZ0b8PELgQuM4P9TVjQ89nPp2F57HL47"},{"path":"textures/spark/spportals/blocks/purple_p_c_side_right.png","key":"gR92jd945PJSl1PkjfWYSy32ZSL3d1SP"},{"path":"textures/spark/spportals/blocks/purple_p_c_side_top.png","key":"cM2853nbgdFagd477CVl1YelXIeE9sko"},{"path":"textures/spark/spportals/blocks/purple_p_c_top_left.png","key":"xT1UuCxcBT5WOBqp3eWjqXTBw7NSeauP"},{"path":"textures/spark/spportals/blocks/purple_p_c_top_right.png","key":"wW7yauE2Nxet8sYcTsPq21qkAWgbY6nY"},{"path":"textures/spark/spportals/blocks/purple_p_frame.png","key":"pI1OuMsS8G4schFJxcYdsMIL9kJ68Ut4"},{"path":"textures/spark/spportals/blocks/purple_p_horizontal.png","key":"nR9pXK0HwCbAltGnrca8fM8CtKRPwwVq"},{"path":"textures/spark/spportals/blocks/purple_p_vertical.png","key":"hI6Enlk8Xeyox7z2qoI72nvXNevvPgFH"},{"path":"textures/spark/spportals/blocks/red_p_c_bottom_left.png","key":"dL2ioboCw5co4AJL4roigMtiteGrkCxn"},{"path":"textures/spark/spportals/blocks/red_p_c_bottom_right.png","key":"lE3lRYlv1CzL04gTFL0WqtNVjtUFbMNI"},{"path":"textures/spark/spportals/blocks/red_p_c_side_bottom.png","key":"tQ11MeMjRW2P2BsRkgGtUOd5opu4pwsq"},{"path":"textures/spark/spportals/blocks/red_p_c_side_left.png","key":"oZ6ikPr60SrM3RBf9d8dmJrS7x6998CB"},{"path":"textures/spark/spportals/blocks/red_p_c_side_right.png","key":"zY93GZ1Wl5A5aT5yjtzetZCGAshIpF2V"},{"path":"textures/spark/spportals/blocks/red_p_c_side_top.png","key":"mI2za8MGN3qtfYJ0MhYuOv6JIj2OTo2J"},{"path":"textures/spark/spportals/blocks/red_p_c_top_left.png","key":"oF0f0RJYU1QmARlGsJ6avvw6T52xr4ea"},{"path":"textures/spark/spportals/blocks/red_p_c_top_right.png","key":"aM9RoS7xxmpAxRNhtWQjg44HabW2PlwJ"},{"path":"textures/spark/spportals/blocks/red_p_frame.png","key":"gF7tMxIjdYF5AnH5GUnz4jCBH7e5oWyh"},{"path":"textures/spark/spportals/blocks/red_p_horizontal.png","key":"fM95OKAfK3XSsQnCSOHdQ3RC0T2yhpme"},{"path":"textures/spark/spportals/blocks/red_p_vertical.png","key":"vU8CES3dfiAxUft88LF4qUeExREdI0vL"},{"path":"textures/spark/spportals/blocks/white_p_c_bottom.png","key":"aX3o2AQOnisEQPwwOZHSVOvMrUfazoZp"},{"path":"textures/spark/spportals/blocks/white_p_c_top.png","key":"bK6cIEOULazOQGAK3e5QRCEBMC3uwqLP"},{"path":"textures/spark/spportals/blocks/white_p_frame.png","key":"vX6l9e8vaFXoio9GXuToEhnmYY9Jcp4P"},{"path":"textures/spark/spportals/blocks/white_p_horizontal.png","key":"cL6fZHcK04gfrOOemWO7knumymspnJcV"},{"path":"textures/spark/spportals/blocks/white_p_vertical.png","key":"rT6XBVeXt3EYyZUmWkIfz47wXML6jhTW"},{"path":"textures/spark/spportals/blocks/yellow_p_c_bottom_left.png","key":"tR6KLMHGSuWPgYvwthkve7jNtEULpPIG"},{"path":"textures/spark/spportals/blocks/yellow_p_c_bottom_right.png","key":"iE99nuCXEtLfvWsM3NxOIsBFOlHhrd2y"},{"path":"textures/spark/spportals/blocks/yellow_p_c_side_bottom.png","key":"sJ3dpjFNWsq4uJY3GCV7ppa8wXnmqQ3t"},{"path":"textures/spark/spportals/blocks/yellow_p_c_side_left.png","key":"fE1nc1lfCwgIhZUUlstqtAZcLdhYBNqL"},{"path":"textures/spark/spportals/blocks/yellow_p_c_side_right.png","key":"tU6lVl4Nj4XilPUXog4CBmLad5MsssBk"},{"path":"textures/spark/spportals/blocks/yellow_p_c_side_top.png","key":"fY9OH4tWHaqJ5O2gWIHpes5L6Fxpfxq2"},{"path":"textures/spark/spportals/blocks/yellow_p_c_top_left.png","key":"jX7ByB13epdcX7dU9p2IyAkey9RM3ObQ"},{"path":"textures/spark/spportals/blocks/yellow_p_c_top_right.png","key":"mK1FonirLiWGkyinswMc6a56dnxGCg2K"},{"path":"textures/spark/spportals/blocks/yellow_p_frame.png","key":"nH25AnOuR9OpvmUonINA5p2hNms2da9B"},{"path":"textures/spark/spportals/blocks/yellow_p_horizontal.png","key":"pO9b1iLFgpynur6qncnfbwnOwev5R7J4"},{"path":"textures/spark/spportals/blocks/yellow_p_vertical.png","key":"rG66FpaWwwNJ9n4zXmnLskSKmFEzGyh5"},{"path":"textures/spark/spportals/entity/guide_book/page_0.png","key":"lT1vgASffr3Ux2pFtjNr5Lbf9qlv1dSb"},{"path":"textures/spark/spportals/entity/guide_book/page_1_0.png","key":"pS3WhUjUI4iFSS4h8iQTM5tXWMOtdFUY"},{"path":"textures/spark/spportals/entity/guide_book/page_1_1.png","key":"nB7bfA3egwti5VMf6bHKkfXf86paUbUF"},{"path":"textures/spark/spportals/entity/guide_book/page_1_10.png","key":"dL0eIPuUMKKQXcrdmcnMwro392Biouz3"},{"path":"textures/spark/spportals/entity/guide_book/page_1_11.png","key":"uL6ySzKEH990GktMQSkst50pwKObSWgU"},{"path":"textures/spark/spportals/entity/guide_book/page_1_12.png","key":"iX2JZ6FXVYJPhmcPUcKPpwk61sNoX96c"},{"path":"textures/spark/spportals/entity/guide_book/page_1_13.png","key":"gI4ZWC6dGClxtseMrN5P2s7PXgHO6MyC"},{"path":"textures/spark/spportals/entity/guide_book/page_1_14.png","key":"iE2bI7n4VfqtZWp0HrHxNhsRVOn55cLd"},{"path":"textures/spark/spportals/entity/guide_book/page_1_15.png","key":"dE4Bb1pfckk3fdZfhzBdN4dicPldSJcT"},{"path":"textures/spark/spportals/entity/guide_book/page_1_2.png","key":"uE5MyCdmc92MFdipP8vz4QgLcRUynMS1"},{"path":"textures/spark/spportals/entity/guide_book/page_1_3.png","key":"vE2tO3aGf6gQgr3JVv3SETO8iulbIplf"},{"path":"textures/spark/spportals/entity/guide_book/page_1_4.png","key":"tY1hAb4Lzs3woUy6VSoggpn1sPs9fwau"},{"path":"textures/spark/spportals/entity/guide_book/page_1_5.png","key":"wB15ux03fj9q3AeMJoOojeUMWc3P8TKH"},{"path":"textures/spark/spportals/entity/guide_book/page_1_6.png","key":"hN068doSUbp0m9RadJKnobvg14kcl3Wv"},{"path":"textures/spark/spportals/entity/guide_book/page_1_7.png","key":"wI4fEdPoOUX5EvQhO7q0BnV9X9ZJwgHb"},{"path":"textures/spark/spportals/entity/guide_book/page_1_8.png","key":"oA6hm8wjcijlH8GdbkMRbnkTL04Wci9c"},{"path":"textures/spark/spportals/entity/guide_book/page_1_9.png","key":"mG9iLX9BF1JPUnriM0GpPW1kwl8trWLd"},{"path":"textures/spark/spportals/entity/guide_book/page_2.png","key":"iY8qeEnPCgyO8jj8zrrXBdAXXVMoi47w"},{"path":"textures/spark/spportals/entity/guide_book/page_3.png","key":"qQ6ymFSa4gEOMtd9LAqUK9m4HtOWOB1c"},{"path":"textures/spark/spportals/entity/guide_book/page_4.png","key":"iL20QApQOK3IOsj5fYj23dlbwgw7SK1r"},{"path":"textures/spark/spportals/entity/portal_center/portal_black.png","key":"nB5e9KllsXonjNmhxm4uzttUrcX1YPjY"},{"path":"textures/spark/spportals/entity/portal_center/portal_blue.png","key":"tC8WoMui4MHMfmXShGXOQSFC2vrKCus2"},{"path":"textures/spark/spportals/entity/portal_center/portal_brown.png","key":"lU119Zud5edEkcjs0axL3x7N0Pc5c14r"},{"path":"textures/spark/spportals/entity/portal_center/portal_cyan.png","key":"pM7Zkb4gHSGnz6TJ2cI0j0KcvrnxYAl6"},{"path":"textures/spark/spportals/entity/portal_center/portal_gray.png","key":"wZ1AZzm0GP5SChxhuxkhq9cNtulcWz3Y"},{"path":"textures/spark/spportals/entity/portal_center/portal_green.png","key":"qS2b1RXaZtpPPa8pVotekMyeHSa3NJYm"},{"path":"textures/spark/spportals/entity/portal_center/portal_light_blue.png","key":"zV5m241AsUf8C9S5Q0Fk5Jp1AGx0tA21"},{"path":"textures/spark/spportals/entity/portal_center/portal_light_gray.png","key":"aX0AQNueeH5Zp2CAjcBnV5TWwSOjHEAR"},{"path":"textures/spark/spportals/entity/portal_center/portal_lime.png","key":"hN9LxuYXm7hmgTqyPxOHc81O6ipI4G7x"},{"path":"textures/spark/spportals/entity/portal_center/portal_magenta.png","key":"pJ6RtTLb2WX8bRxnKxLQSnfbUxoWY0li"},{"path":"textures/spark/spportals/entity/portal_center/portal_orange.png","key":"nX2iA4FKZSpU9XBQHZi8SVHEiqrvABFA"},{"path":"textures/spark/spportals/entity/portal_center/portal_pink.png","key":"aQ80x5vR9yHKluofNR4nbvLlHtVsIoai"},{"path":"textures/spark/spportals/entity/portal_center/portal_purple.png","key":"tE04BbbbwM1lPKdWGfSPexK5MesyzRiK"},{"path":"textures/spark/spportals/entity/portal_center/portal_red.png","key":"uB49VgbN1bdgz5EciQYn1TFjNdYXbuT9"},{"path":"textures/spark/spportals/entity/portal_center/portal_white.png","key":"iQ4O2xNgk36cgabBFWdwiW4TiWfmNS3R"},{"path":"textures/spark/spportals/entity/portal_center/portal_yellow.png","key":"aA9LqjSrBjMrkT3ttjEf5YkUVr1eS8za"},{"path":"textures/spark/spportals/entity/portal_glow.png","key":"jH1aESCvWeTMaNg1fl9Kfqn9zdJrzuqK"},{"path":"textures/spark/spportals/entity/portal_glow_flat.png","key":"qJ8OppBssmREI40VY9ZC5Z5sfgo608AC"},{"path":"textures/spark/spportals/entity/portal_tint.png","key":"aN5FOjK1kWVFlr34EnvN7mt8y7jWPx5b"},{"path":"textures/spark/spportals/entity/portal_tint/portal_black.png","key":"nB8QEiwmaJeOTsEpwrmbiNHB3pxmPgRN"},{"path":"textures/spark/spportals/entity/portal_tint/portal_blue.png","key":"yU9unIIum3m1qQzczCei6tSZCOG81iBU"},{"path":"textures/spark/spportals/entity/portal_tint/portal_brown.png","key":"fC0iZxVWqtyRsN7iIj8jwzANp2aTUG7c"},{"path":"textures/spark/spportals/entity/portal_tint/portal_cyan.png","key":"rF7fmZBqJFtLJBu5jU3zHmYlG4spV0zv"},{"path":"textures/spark/spportals/entity/portal_tint/portal_gray.png","key":"qB4RXJdOOZbHHahs9tHQGZ6N2VdNjU01"},{"path":"textures/spark/spportals/entity/portal_tint/portal_green.png","key":"fU546EaWljbvYrLO50ggIlLg2rEPv08q"},{"path":"textures/spark/spportals/entity/portal_tint/portal_light_blue.png","key":"sA55c7OefMT4LZ03sfZvmTUIok9jpMJ8"},{"path":"textures/spark/spportals/entity/portal_tint/portal_light_gray.png","key":"zK5PXq1XHYNbyukyasUHyRfaRZVK2mJZ"},{"path":"textures/spark/spportals/entity/portal_tint/portal_lime.png","key":"wL1g153qO8n0dBB7FEH76ksdQuxI238Y"},{"path":"textures/spark/spportals/entity/portal_tint/portal_magenta.png","key":"aF1FkTcV0lq2wOqpoX99cnxsw62plCO0"},{"path":"textures/spark/spportals/entity/portal_tint/portal_orange.png","key":"dO69dXyXbWaXXf51jprwxQlfv5YQZQlA"},{"path":"textures/spark/spportals/entity/portal_tint/portal_pink.png","key":"rL4J2jgFIJnghG6mH5GhlxBEFMKfH7QO"},{"path":"textures/spark/spportals/entity/portal_tint/portal_purple.png","key":"qF4FgRWuEfAfnnnjlusdI9tis5uxwmz7"},{"path":"textures/spark/spportals/entity/portal_tint/portal_red.png","key":"mW8MC8uutqJItRu4GG3qZkxmAZv7hQLW"},{"path":"textures/spark/spportals/entity/portal_tint/portal_white.png","key":"qY7AFbpgPV0ZMoEiMHTNI7u85x6171bU"},{"path":"textures/spark/spportals/entity/portal_tint/portal_yellow.png","key":"jN3mxsYdtgIwVN1xUvnQpKsivq9Zn76V"},{"path":"textures/spark/spportals/items/recipe_book.png","key":"xF1oxjMQ62zQUCL51QYtBAyiQqL05Oy4"},{"path":"textures/spark/spportals/particle/firefly.png","key":"gW8jTVZeV9PAbRK7onxAXrI84GJajJFr"},{"path":"textures/terrain_texture.json","key":"bB35UFnYXmCGZhFo01UO5YzJ8HpcJ9i4"},{"path":"textures/textures_list.json","key":"hI7gEmqoWb16d6cFcSpvChYUwZ64Mwff"},{"path":"signatures.json","key":"kZ6gzSG2hgEylRqkvxQRL2MPTs9P1jge"},{"path":"animation_controllers/"},{"path":"animations/"},{"path":"entity/"},{"path":"materials/"},{"path":"models/blocks/"},{"path":"models/entity/guide_book/"},{"path":"models/entity/"},{"path":"particles/"},{"path":"render_controllers/"},{"path":"sounds/"},{"path":"sounds/spark/spportals/book/"},{"path":"sounds/spark/spportals/misc/"},{"path":"sounds/spark/spportals/portal/"},{"path":"texts/"},{"path":"textures/"},{"path":"textures/spark/spportals/blocks/"},{"path":"textures/spark/spportals/entity/guide_book/"},{"path":"textures/spark/spportals/entity/portal_center/"},{"path":"textures/spark/spportals/entity/"},{"path":"textures/spark/spportals/entity/portal_tint/"},{"path":"textures/spark/spportals/items/"},{"path":"textures/spark/spportals/particle/"}]}