{
  "texture_data": {
    "fluffyalien_itemducts:itemduct": {
      "textures": "textures/fluffyalien/itemducts/blocks/itemduct"
    },
    "fluffyalien_itemducts:extraction_node": {
      "textures": "textures/fluffyalien/itemducts/blocks/extraction_node"
    },
    "fluffyalien_itemducts:filtered_container_side": {
      "textures": "textures/fluffyalien/itemducts/blocks/filtered_container_side"
    },
    "fluffyalien_itemducts:filtered_container_top": {
      "textures": "textures/fluffyalien/itemducts/blocks/filtered_container_top"
    },
    "fluffyalien_itemducts:filtered_container_bottom": {
      "textures": "textures/fluffyalien/itemducts/blocks/filtered_container_bottom"
    }
  }
}
