{
	"resource_pack_name": "vanilla",
	"texture_name": "atlas.items",
	"texture_data": {
		"wood_hammer": {
			"textures": "textures/items/wood_hammer"
		},
				"fake_item": {
			"textures": "textures/items/fake_item"
		},
		"stone_hammer": {
			"textures": "textures/items/stone_hammer"
		},
		"iron_hammer": {
			"textures": "textures/items/iron_hammer"
		},
		"gold_hammer": {
			"textures": "textures/items/gold_hammer"
		},
		"diamond_hammer": {
			"textures": "textures/items/diamond_hammer"
		},
		"crook": {
			"textures": "textures/items/crook"
		},
		"bone_crook": {
			"textures": "textures/items/bone_crook"
		},
		"blaze_crook": {
			"textures": "textures/items/blaze_crook"
		},
		"vatonage:diamond_mesh": {
			"textures": "textures/items/meshes/diamond_mesh"
		},
		"vatonage:flint_mesh": {
			"textures": "textures/items/meshes/flint_mesh"
		},
		"vatonage:iron_mesh": {
			"textures": "textures/items/meshes/iron_mesh"
		},
		"vatonage:netherite_mesh": {
			"textures": "textures/items/meshes/netherite_mesh"
		},
		"vatonage:string_mesh": {
			"textures": "textures/items/meshes/string_mesh"
		}
	}
}