{
	"resource_pack_name": "vanilla",
	"texture_name": "atlas.terrain",
	"padding": 8,
	"num_mip_levels": 4,
	"texture_data": {
		"barrel": {
			"textures": "textures/blocks/barrel"
		},
		"crucible": {
			"textures": "textures/blocks/crucible"
		},
		"stone_crucible": {
			"textures": "textures/blocks/stone_crucible"
		},
		"sieve0": {
			"textures": "textures/blocks/sieve0"
		},
		"sieve1": {
			"textures": "textures/blocks/sieve1"
		},
		"sieve2": {
			"textures": "textures/blocks/sieve2"
		},
		"sieve3": {
			"textures": "textures/blocks/sieve3"
		},
		"sieve4": {
			"textures": "textures/blocks/sieve4"
		},
		"sieve5": {
			"textures": "textures/blocks/sieve5"
		},
		"sieve6": {
			"textures": "textures/blocks/sieve6"
		},
		"sieve7": {
			"textures": "textures/blocks/sieve7"
		},
		"sieve8": {
			"textures": "textures/blocks/sieve8"
		},
		"sieve9": {
			"textures": "textures/blocks/sieve9"
		},
		"sieve10": {
			"textures": "textures/blocks/sieve10"
		},
		"sieve11": {
			"textures": "textures/blocks/sieve11"
		},
		"sieve12": {
			"textures": "textures/blocks/sieve12"
		},
		"endcake": {
			"textures": "textures/blocks/endcake"
		},
		"vatonage:diamond_mesh": {
			"textures": "textures/blocks/meshes/diamond_mesh"
		},
		"vatonage:flint_mesh": {
			"textures": "textures/blocks/meshes/flint_mesh"
		},
		"vatonage:iron_mesh": {
			"textures": "textures/blocks/meshes/iron_mesh"
		},
		"vatonage:netherite_mesh": {
			"textures": "textures/blocks/meshes/netherite_mesh"
		},
		"vatonage:string_mesh": {
			"textures": "textures/blocks/meshes/string_mesh"
		}
	}
}