{
  "namespace": "general_section",
  
  // Interface button & section
  "interface_button@settings_common.section_toggle_base": {
    "$toggle_view_binding_name": "interface_button_toggle",
    "$glyph_texture": "textures/ui/Interface_button_glyph",
    "$glyph_color_texture": "textures/ui/Interface_button",
    "$glyph_size": [ 15, 12 ],
    "$button_text": "Interface",
    "$toggle_property_bag": {
      "#panel_title": "Interface"
    }
  },
  "interface_section": {
    "type": "stack_panel",
    "size": [ "100%", "100%c" ],
    "anchor_from": "top_left",
    "anchor_to": "top_left",
    "bindings": [
      {
        "binding_type": "view",
        "source_control_name": "interface_button_toggle",
        "source_property_name": "#toggle_state",
        "target_property_name": "#visible"
      }
    ],
    "controls": [
      {
        "hide_paperdoll_toggle@settings_common.option_toggle": {
          "$option_label": "options.hidepaperdoll",
          "$option_binding_name": "#hide_paperdoll",
          "$option_enabled_binding_name": "#hide_paperdoll_enabled",
          "$toggle_name": "hide_paperdoll"
        }
      },
      {
              "auto_save_icon_toggle@settings_common.option_toggle": {
          "$option_label": "options.showautosaveicon",
          "$option_binding_name": "#show_auto_save_icon",
          "$option_enabled_binding_name": "#show_auto_save_icon_enabled",
          "$toggle_name": "show_auto_save_icon"
        }
      },
      {
        "fullscreen_toggle@settings_common.option_toggle": {
          "$show_fullscreen_toggle|default": true,
          "$option_label": "options.fullscreen",
          "$option_binding_name": "#full_screen",
          "$option_enabled_binding_name": "#full_screen_enabled",
          "$toggle_name": "full_screen"
        }
      },
      {
        "option_toggle_hidehand@settings_common.option_toggle": {
          "$option_label": "options.hidehand",
          "$option_binding_name": "#hide_hand",
          "$option_enabled_binding_name": "#hide_hand_enabled",
          "$toggle_name": "hide_hand"
        }
      },
      {
        "option_toggle_screen_animations@settings_common.option_toggle": {
          "$option_label": "options.screenAnimations",
          "$option_binding_name": "#screen_animations",
          "$option_enabled_binding_name": "#screen_animations_enabled",
          "$toggle_name": "screen_animations",
          "bindings": [
            {
              "binding_name": "#screen_animations_visible",
              "binding_name_override": "#visible"
            }
          ]
        }
      },
      {
        "hud_opacity_slider@settings_common.option_slider": {
          "$option_label": "#interface_opacity_slider_label",
          "$slider_name": "interface_opacity",
          "$slider_value_binding_name": "#interface_opacity",
          "$slider_tts_text_value": "#interface_opacity_text_value",
          "$option_enabled_binding_name": "#interface_opacity_enabled",
          "$label_bindings": [
            {
              "binding_name": "$option_label"
            }
          ]
        }
      },
      {        "splitscreen_hud_opacity_slider@settings_common.option_slider": {
          "$option_label": "#splitscreen_interface_opacity_slider_label",
          "$slider_name": "splitscreen_interface_opacity",
          "$slider_value_binding_name": "#splitscreen_interface_opacity",
          "$slider_tts_text_value": "#splitscreen_interface_opacity_text_value",
          "$option_enabled_binding_name": "#splitscreen_interface_opacity_enabled",
          "$label_bindings": [
            {
              "binding_name": "$option_label"
            }
          ]
        }
      },
      {
        "setup_safe_zone": {
          "ignored": "(not $supports_user_configured_safezone or (not $is_pregame))",
          "type": "panel",
          "size": [ "100%", 32 ],
          "controls": [
            {
              "action_button@settings_common.action_button": {
                "$pressed_button_name": "setup_safe_zone_button",
                "$button_text": "options.safeZone.title",
                "anchor_from": "top_right",
                "anchor_to": "top_right"
              }
            }
          ]
        }
      },
      {
        "split_screen_dropdown@settings_common.option_dropdown": {
          "$option_label": "options.splitscreen",
          "$dropdown_content": "general_section.split_screen_dropdown_content",
          "$dropdown_area": "content_area",
          "$dropdown_name": "split_screen_dropdown",
          "$option_enabled_binding_name": "#split_screen_dropdown_enabled",
          "$options_dropdown_toggle_label_binding": "#split_screen_dropdown_toggle_label",
          "$dropdown_scroll_content_size": [ "100%", "145%" ]
        }
      },
      {
        "ui_profile_dropdown@settings_common.option_dropdown": {
          "$option_label": "options.uiprofile",
          "$dropdown_content": "general_section.ui_profile_dropdown_content",
          "$dropdown_area": "content_area",
          "$dropdown_name": "ui_profile_dropdown",
          "$option_enabled_binding_name": "#ui_profile_dropdown_enabled",
          "$options_dropdown_toggle_label_binding": "#ui_profile_dropdown_toggle_label",
          "$dropdown_scroll_content_size": [ "100%", "145%" ]
        }
      },
      {
        "gui_scale_slider@settings_common.option_slider": {
          "$option_label": "#gui_scale_slider_label",
          "$slider_name": "gui_scale",
          "$slider_value_binding_name": "#gui_scale",
          "$slider_tts_text_value": "#gui_scale_text_value",
          "$option_enabled_binding_name": "#gui_scale_enabled",
          "$slider_steps_binding_name": "#gui_scale_steps",
          "$label_bindings": [
            {
              "binding_name": "$option_label"
            }
          ],
          "bindings": [
            {
              "binding_name": "#gui_scale_visible",
              "binding_name_override": "#visible"
            }
          ]
        }
      }
    ]
  },
   
  // VIDEO Button & Section   
  
   "video_button@settings_common.section_toggle_base": {
    "$toggle_view_binding_name": "video_button_toggle",
    "$glyph_texture": "textures/ui/video_glyph",
    "$glyph_color_texture": "textures/ui/video_glyph_color",
    "$glyph_size": [ 15, 12 ],
    "$button_text": "options.video",
    "$toggle_property_bag": {
      "#panel_title": "Video"
    }
  },
  "video_section": {
    "type": "stack_panel",
    "size": [ "100%", "100%c" ],
    "anchor_from": "top_left",
    "anchor_to": "top_left",
    "$education_ios": "($education_edition and $ios)",
    "bindings": [
      {
        "binding_type": "view",
        "source_control_name": "video_button_toggle",
        "source_property_name": "#toggle_state",
        "target_property_name": "#visible"
      }
    ],
    "controls": [
      { 
        "option_serverInstanceThread@settings_common.option_toggle": {
          "$option_label": "options.dev_serverInstanceThread",
          "$option_binding_name": "#dev_server_instance_thread",
          "$option_enabled_binding_name": "#dev_server_instance_thread_enabled",
          "$toggle_name": "dev_server_instance_thread"
                  }
      },
                  {
        "field_of_view_toggle@settings_common.option_toggle": {
          "$option_label": "Fov Changer",
          "$option_binding_name": "#field_of_view_toggle",
          "$option_enabled_binding_name": "#field_of_view_toggle_enabled",
          "$toggle_name": "field_of_view_toggle"
                    }
          },
          {
              "outline_selection_toggle@settings_common.option_toggle": {
          "$option_label": "options.classic_box_selection",
          "$option_binding_name": "#classic_box_selection",
          "$option_enabled_binding_name": "#classic_box_selection_enabled",
          "$toggle_name": "classic_box_selection"
                  }
      },
      {
        "player_names_toggle@settings_common.option_toggle": {
          "$option_label": "options.ingamePlayerNames",
          "$option_binding_name": "#ingame_player_names",
          "$option_enabled_binding_name": "#ingame_player_names_enabled",
          "$toggle_name": "ingame_player_names"
                  }
      },
      {
              "texel_anti_aliasing_toggle@settings_common.option_toggle": {
          "$option_label": "options.texelAA",
          "$option_binding_name": "#texel_aa",
          "$option_enabled_binding_name": "#texel_aa_enabled",
          "$toggle_name": "texel_aa"
        }
      },
      {
        "splitscreen_player_names_toggle@settings_common.option_toggle": {
          "$option_label": "options.splitscreenIngamePlayerNames",
          "$option_binding_name": "#splitscreen_ingame_player_names",
          "$option_enabled_binding_name": "#splitscreen_ingame_player_names_enabled",
          "$toggle_name": "splitscreen_ingame_player_names"
        }
      },
      {
        "view_bobbing_toggle@settings_common.option_toggle": {
          "ignored": "($is_holographic and $is_reality_mode and not $is_pregame)",
          "$option_label": "options.viewBobbing",
          "$option_binding_name": "#view_bobbing",
          "$option_enabled_binding_name": "#view_bobbing_enabled",
          "$toggle_name": "view_bobbing"
        }
      },
      {
        "fov_slider@settings_common.option_slider": {
          "$option_label": "#field_of_view_slider_label",
          "$slider_tts_text_value": "#field_of_view_text_value",
          "$slider_name": "field_of_view",
          "$slider_value_binding_name": "#field_of_view",
          "$option_enabled_binding_name": "#field_of_view_enabled",
          "$label_bindings": [
            {
              "binding_name": "$option_label"
            }
          ]
        }
      },
            {
        "brightness_slider@settings_common.option_slider": {
          "$option_label": "#gamma_slider_label",
          "$slider_name": "gamma",
          "$slider_value_binding_name": "#gamma",
          "$slider_tts_text_value": "#gamma_text_value",
          "$option_enabled_binding_name": "#gamma_enabled",
          "$focus_override_up": "FOCUS_OVERRIDE_STOP",
          "$label_bindings": [
            {
              "binding_name": "$option_label"
            }
          ]
        }
      },
      {
        "reset_button@settings_common.action_button": {
            "$default_button_texture|default": "ui/BadTiger_Assets/img/main_button",
    "$hover_button_texture|default": "ui/BadTiger_Assets/img/main_button_hover",
    "$pressed_button_texture|default": "ui/BadTiger_Assets/img/main_button_pressed",
    "$locked_button_texture|default": "ui/BadTiger_Assets/img/main_button_lock",
          "$pressed_button_name": "button.reset_settings",
          "$button_text": "Reset Settings",
          "property_bag": {
            "reset_group": "video"
          }
        }
      }
    ]
  },

  "ui_profile_dropdown_content@settings_common.option_radio_dropdown_group": {
    "$radio_buttons": [
      {
        "@settings_common.radio_with_label": {
          "$toggle_state_binding_name": "#ui_profile_radio_classic",
          "$radio_label_text": "options.uiprofile.classic"
        }
      },
      {
        "@settings_common.radio_with_label": {
          "$toggle_state_binding_name": "#ui_profile_radio_pocket",
          "$radio_label_text": "options.uiprofile.pocket"
        }
      }
    ]
  },

  "split_screen_dropdown_content@settings_common.option_radio_dropdown_group": {
    "$radio_buttons": [
      {
        "@settings_common.radio_with_label": {
          "$toggle_state_binding_name": "#split_screen_radio_horizontal",
          "$radio_label_text": "options.splitscreen.horizontal"
        }
      },
      {
        "@settings_common.radio_with_label": {
          "$toggle_state_binding_name": "#split_screen_radio_vertical",
          "$radio_label_text": "options.splitscreen.vertical"
        }
      }
    ]
  },

  "third_person_dropdown_content@settings_common.option_radio_dropdown_group": {
    "$radio_buttons": [
      {
        "@settings_common.radio_with_label": {
          "$toggle_state_binding_name": "#thirdperson_radio_first",
          "$radio_label_text": "First Person"
        }
      },
      {
        "@settings_common.radio_with_label": {
          "$toggle_state_binding_name": "#thirdperson_radio_third_back",
          "$radio_label_text": "Back"
        }
      },
      {
        "@settings_common.radio_with_label": {
          "$toggle_state_binding_name": "#thirdperson_radio_third_front",
          "$radio_label_text": "Front"
        }
      }
    ]
  },

  "file_storage_location_content@settings_common.option_radio_dropdown_group": {
    "$radio_buttons": [
      {
        "file_storage_location_option_external@settings_common.radio_with_label": {
          "$toggle_state_binding_name": "#storage_location_radio_external",
          "$radio_label_text": "options.filelocation.external"
        }
      },
      {
        "file_storage_location_option_appdata@settings_common.radio_with_label": {
          "$toggle_state_binding_name": "#storage_location_radio_package",
          "$radio_label_text": "options.filelocation.appdata"
        }
      }
    ]
  },
  "dev_identity_environment_dropdown_content@settings_common.option_radio_dropdown_group": {
    "$radio_buttons": [
      {
        "identity_environment_dev@settings_common.radio_with_label": {
          "$toggle_state_binding_name": "#identity_environment_dev",
          "$radio_label_text": "options.dev_identity_environment.dev"
        }
      },
      {
        "identity_environment_test@settings_common.radio_with_label": {
          "$toggle_state_binding_name": "#identity_environment_test",
          "$radio_label_text": "options.dev_identity_environment.test"
        }
      },
      {
        "identity_environment_prod@settings_common.radio_with_label": {
          "$toggle_state_binding_name": "#identity_environment_prod",
          "$radio_label_text": "options.dev_identity_environment.prod"
        }
      }
    ]
  }
}
