{
  "format_version": "1.19.0",
  "minecraft:client_entity": {
    "description": {
      "identifier": "vatonage:botany_pot",
      "materials": {
        "default": "allay"
      },
      "textures": {
        "empty": "textures/blocks/plants/empty_plant",
        "bamboo": "textures/blocks/plants/bamboo",
        "beetroot": "textures/blocks/plants/beetroots",
        "cactus": "textures/blocks/plants/cactus",
        "carrot": "textures/blocks/plants/carrots",
        "cherry_sapling": "textures/blocks/plants/cherry_sapling",
        "crimson_fungus": "textures/blocks/plants/crimson_fungus",
        "mangrove_propagule": "textures/blocks/plants/mangrove_propagule",
        "melon": "textures/blocks/plants/melon",
        "nether_wart": "textures/blocks/plants/nether_wart",
        "potato": "textures/blocks/plants/potatoes",
        "acacia_sapling": "textures/blocks/plants/sapling_acacia",
        "birch_sapling": "textures/blocks/plants/sapling_birch",
        "jungle_sapling": "textures/blocks/plants/sapling_jungle",
        "oak_sapling": "textures/blocks/plants/sapling_oak",
        "dark_oak_sapling": "textures/blocks/plants/sapling_roofed_oak",
        "spruce_sapling": "textures/blocks/plants/sapling_spruce",
        "sweet_berry": "textures/blocks/plants/sweet_berry_bush",
        "warped_fungus": "textures/blocks/plants/warped_fungus",
        "wheat": "textures/blocks/plants/wheat",
        "pumpkin": "textures/blocks/plants/pumpkin",
        "allium": "textures/blocks/plants/allium",
        "blue_orchid": "textures/blocks/plants/blue_orchid",
        "chorus_flower": "textures/blocks/plants/chorus_flower",
        "cornflower": "textures/blocks/plants/cornflower",
        "dandelion": "textures/blocks/plants/dandelion",
        "deadbush": "textures/blocks/plants/deadbush",
        "glowing_berries": "textures/blocks/plants/glowing_berries",
        "houstonia": "textures/blocks/plants/houstonia",
        "lily_of_the_valley": "textures/blocks/plants/lily_of_the_valley",
        "mushroom_brown": "textures/blocks/plants/mushroom_brown",
        "mushroom_red": "textures/blocks/plants/mushroom_red",
        "oxeye_daisy": "textures/blocks/plants/oxeye_daisy",
        "peony": "textures/blocks/plants/paeonia",
        "lilac": "textures/blocks/plants/lilac",
        "plant_rose": "textures/blocks/plants/plant_rose",
        "rose": "textures/blocks/plants/rose",
        "seagrass": "textures/blocks/plants/seagrass_carried",
        "sunflower": "textures/blocks/plants/sunflower",
        "torchflower": "textures/blocks/plants/torchflower",
        "tulip_orange": "textures/blocks/plants/tulip_orange",
        "tulip_pink": "textures/blocks/plants/tulip_pink",
        "tulip_red": "textures/blocks/plants/tulip_red",
        "tulip_white": "textures/blocks/plants/tulip_white",
        "wither_rose": "textures/blocks/plants/wither_rose",
        "sugar_cane": "textures/blocks/plants/reeds",
        "coal_sapling": "textures/blocks/coal_sapling",
        "cobblestone_sapling": "textures/blocks/cobblestone_sapling",
        "copper_sapling": "textures/blocks/copper_sapling",
        "diamond_sapling": "textures/blocks/diamond_sapling",
        "emerald_sapling": "textures/blocks/emerald_sapling",
        "gold_sapling": "textures/blocks/gold_sapling",
        "iron_sapling": "textures/blocks/iron_sapling",
        "lapis_sapling": "textures/blocks/lapis_sapling",
        "quartz_sapling": "textures/blocks/quartz_sapling",
        "redstone_sapling": "textures/blocks/redstone_sapling"
      },
      "animations": {
        "scale": "animation.vatonage.botany_pot.scale"
      },
      "scripts": {
        "animate": ["scale"]
      },
      "geometry": {
        "empty": "geometry.vatonage.botany_pot.cross",
        "bamboo": "geometry.vatonage.botany_pot.bamboo",
        "beetroot": "geometry.vatonage.botany_pot.plant",
        "cactus": "geometry.vatonage.botany_pot.cactus",
        "carrot": "geometry.vatonage.botany_pot.plant",
        "cherry_sapling": "geometry.vatonage.botany_pot.cross",
        "crimson_fungus": "geometry.vatonage.botany_pot.cross",
        "mangrove_propagule": "geometry.vatonage.botany_pot.cross",
        "melon": "geometry.vatonage.botany_pot.solid_block",
        "nether_wart": "geometry.vatonage.botany_pot.cross",
        "potato": "geometry.vatonage.botany_pot.plant",
        "acacia_sapling": "geometry.vatonage.botany_pot.cross",
        "birch_sapling": "geometry.vatonage.botany_pot.cross",
        "jungle_sapling": "geometry.vatonage.botany_pot.cross",
        "oak_sapling": "geometry.vatonage.botany_pot.cross",
        "dark_oak_sapling": "geometry.vatonage.botany_pot.cross",
        "spruce_sapling": "geometry.vatonage.botany_pot.cross",
        "sweet_berry": "geometry.vatonage.botany_pot.cross",
        "warped_fungus": "geometry.vatonage.botany_pot.cross",
        "wheat": "geometry.vatonage.botany_pot.plant",
        "pumpkin": "geometry.vatonage.botany_pot.solid_block",
        "allium": "geometry.vatonage.botany_pot.cross",
        "blue_orchid": "geometry.vatonage.botany_pot.cross",
        "chorus_flower": "geometry.vatonage.botany_pot.chorus_flower",
        "cornflower": "geometry.vatonage.botany_pot.cross",
        "dandelion": "geometry.vatonage.botany_pot.cross",
        "deadbush": "geometry.vatonage.botany_pot.cross",
        "glowing_berries": "geometry.vatonage.botany_pot.cross",
        "houstonia": "geometry.vatonage.botany_pot.cross",
        "lily_of_the_valley": "geometry.vatonage.botany_pot.cross",
        "mushroom_brown": "geometry.vatonage.botany_pot.cross",
        "mushroom_red": "geometry.vatonage.botany_pot.cross",
        "oxeye_daisy": "geometry.vatonage.botany_pot.cross",
        "peony": "geometry.vatonage.botany_pot.cross",
        "lilac": "geometry.vatonage.botany_pot.cross",
        "plant_rose": "geometry.vatonage.botany_pot.cross",
        "rose_blue": "geometry.vatonage.botany_pot.cross",
        "rose": "geometry.vatonage.botany_pot.cross",
        "seagrass": "geometry.vatonage.botany_pot.plant",
        "sunflower": "geometry.vatonage.botany_pot.cross",
        "torchflower": "geometry.vatonage.botany_pot.cross",
        "tulip_orange": "geometry.vatonage.botany_pot.cross",
        "tulip_pink": "geometry.vatonage.botany_pot.cross",
        "tulip_red": "geometry.vatonage.botany_pot.cross",
        "tulip_white": "geometry.vatonage.botany_pot.cross",
        "wither_rose": "geometry.vatonage.botany_pot.cross",
        "sugar_cane": "geometry.vatonage.botany_pot.cross",
        "coal_sapling": "geometry.vatonage.botany_pot.cross",
        "cobblestone_sapling": "geometry.vatonage.botany_pot.cross",
        "copper_sapling": "geometry.vatonage.botany_pot.cross",
        "diamond_sapling": "geometry.vatonage.botany_pot.cross",
        "emerald_sapling": "geometry.vatonage.botany_pot.cross",
        "gold_sapling": "geometry.vatonage.botany_pot.cross",
        "iron_sapling": "geometry.vatonage.botany_pot.cross",
        "lapis_sapling": "geometry.vatonage.botany_pot.cross",
        "quartz_sapling": "geometry.vatonage.botany_pot.cross",
        "redstone_sapling": "geometry.vatonage.botany_pot.cross"
      },
      "render_controllers": [
        "controller.render.vatonage.plant_types"
      ]
    }
  }
}