{
  "format_version": "1.8.0",
  "render_controllers": {
    "controller.render.vatonage.plant_types": {
      "arrays": {
        "textures": {
          "Array.skins": [
            "Texture.empty",
            "Texture.bamboo",
            "Texture.beetroot",
            "Texture.cactus",
            "Texture.carrot",
            "Texture.cherry_sapling",
            "Texture.crimson_fungus",
            "Texture.mangrove_propagule",
            "Texture.melon",
            "Texture.nether_wart",
            "Texture.potato",
            "Texture.acacia_sapling",
            "Texture.birch_sapling",
            "Texture.jungle_sapling",
            "Texture.oak_sapling",
            "Texture.dark_oak_sapling",
            "Texture.spruce_sapling",
            "Texture.sweet_berry",
            "Texture.warped_fungus",
            "Texture.wheat",
            "Texture.pumpkin",
            "Texture.allium",
            "Texture.blue_orchid",
            "Texture.chorus_flower",
            "Texture.cornflower",
            "Texture.dandelion",
            "Texture.deadbush",
            "Texture.glowing_berries",
            "Texture.houstonia",
            "Texture.lily_of_the_valley",
            "Texture.mushroom_brown",
            "Texture.mushroom_red",
            "Texture.oxeye_daisy",
            "Texture.peony",
            "Texture.lilac",
            "Texture.plant_rose",
            "Texture.rose",
            "Texture.seagrass",
            "Texture.sunflower",
            "Texture.torchflower",
            "Texture.tulip_orange",
            "Texture.tulip_pink",
            "Texture.tulip_red",
            "Texture.tulip_white",
            "Texture.wither_rose",
            "Texture.sugar_cane",
            "Texture.coal_sapling",
            "Texture.cobblestone_sapling",
            "Texture.copper_sapling",
            "Texture.diamond_sapling",
            "Texture.emerald_sapling",
            "Texture.gold_sapling",
            "Texture.iron_sapling",
            "Texture.lapis_sapling",
            "Texture.quartz_sapling",
            "Texture.redstone_sapling"
          ]
        },
        "geometries": {
          "Array.geometries": [
            "geometry.empty",
            "geometry.bamboo",
            "geometry.beetroot",
            "geometry.cactus",
            "geometry.carrot",
            "geometry.cherry_sapling",
            "geometry.crimson_fungus",
            "geometry.mangrove_propagule",
            "geometry.melon",
            "geometry.nether_wart",
            "geometry.potato",
            "geometry.acacia_sapling",
            "geometry.birch_sapling",
            "geometry.jungle_sapling",
            "geometry.oak_sapling",
            "geometry.dark_oak_sapling",
            "geometry.spruce_sapling",
            "geometry.sweet_berry",
            "geometry.warped_fungus",
            "geometry.wheat",
            "geometry.pumpkin",
            "geometry.allium",
            "geometry.blue_orchid",
            "geometry.chorus_flower",
            "geometry.cornflower",
            "geometry.dandelion",
            "geometry.deadbush",
            "geometry.glowing_berries",
            "geometry.houstonia",
            "geometry.lily_of_the_valley",
            "geometry.mushroom_brown",
            "geometry.mushroom_red",
            "geometry.oxeye_daisy",
            "geometry.peony",
            "geometry.lilac",
            "geometry.plant_rose",
            "geometry.rose",
            "geometry.seagrass",
            "geometry.sunflower",
            "geometry.torchflower",
            "geometry.tulip_orange",
            "geometry.tulip_pink",
            "geometry.tulip_red",
            "geometry.tulip_white",
            "geometry.wither_rose",
            "geometry.sugar_cane",
            "geometry.coal_sapling",
            "geometry.cobblestone_sapling",
            "geometry.copper_sapling",
            "geometry.diamond_sapling",
            "geometry.emerald_sapling",
            "geometry.gold_sapling",
            "geometry.iron_sapling",
            "geometry.lapis_sapling",
            "geometry.quartz_sapling",
            "geometry.redstone_sapling"
          ]
        }
      },
      "geometry": "Array.geometries[query.variant]",
      "materials": [
        { "*": "Material.default" }
      ],
      "textures": [
        "Array.skins[query.variant]"
      ]
    }
  }
}