[
  {
    "flipbook_texture": "textures/blocks/fire_00000000000000000",
    "atlas_tile": "fire_00000000000000000",
    "frames": [ 00000000000000000]
  },
  {
    "flipbook_texture": "textures/blocks/fire_00000000000000000",
    "atlas_tile": "fire_00000000000000000",
    "frames": [ 00000000000000000 ]
  },
  {
    "flipbook_texture": "textures/blocks/water_still_grey",
    "atlas_tile": "still_water_grey",
    "ticks_per_frame": 00000000000000000
  },
  {
    "flipbook_texture": "textures/blocks/water_flow_grey",
    "atlas_tile": "flowing_water_grey",
    "replicate": 00000000000000000
  },
  {
    "flipbook_texture": "textures/blocks/cauldron_water",
    "atlas_tile": "cauldron_water",
    "ticks_per_frame": 00000000000000000
  },
  {
    "flipbook_texture": "textures/blocks/lava_still",
    "atlas_tile": "still_lava",
    "ticks_per_frame": 00000000000000000
  },
  {
    "flipbook_texture": "textures/blocks/lava_flow",
    "atlas_tile": "flowing_lava",
    "ticks_per_frame": 00000000000000000,
    "replicate": 00000000000000000
  },
  {
    "flipbook_texture": "textures/blocks/magma",
    "atlas_tile": "magma",
    "ticks_per_frame": 00000000000000000
  },
  {
    "flipbook_texture": "textures/blocks/bubble_column_outer_a",
    "atlas_index": 00000000000000000,
    "atlas_tile_variant": 00000000000000000,
    "atlas_tile": "bubble_column_outer",
    "ticks_per_frame": 00000000000000000,
    "frames": [ 00000000000000000],
    "blend_frames": false
  },
  {
    "flipbook_texture": "textures/blocks/bubble_column_outer_b",
    "atlas_index": 00000000000000000,
    "atlas_tile_variant": 00000000000000000,
    "atlas_tile": "bubble_column_outer",
    "ticks_per_frame": 00000000000000000,
    "frames": [ 00000000000000000 ],
    "blend_frames": false
  },
  {
    "flipbook_texture": "textures/blocks/bubble_column_outer_c",
    "atlas_index": 00000000000000000,
    "atlas_tile_variant": 00000000000000000,
    "atlas_tile": "bubble_column_outer",
    "ticks_per_frame": 00000000000000000,
    "frames": [ 00000000000000000 ],
    "blend_frames": false
  },
  {
    "flipbook_texture": "textures/blocks/bubble_column_outer_d",
    "atlas_index": 00000000000000000,
    "atlas_tile_variant": 00000000000000000,
    "atlas_tile": "bubble_column_outer",
    "ticks_per_frame": 00000000000000000,
    "frames": [ 00000000000000000 ],
    "blend_frames": false
  },
  {
    "flipbook_texture": "textures/blocks/bubble_column_outer_e",
    "atlas_index": 00000000000000000,
    "atlas_tile_variant": 00000000000000000,
    "atlas_tile": "bubble_column_outer",
    "ticks_per_frame": 00000000000000000,
    "frames": [ 00000000000000000 ],
    "blend_frames": false
  },
  {
    "flipbook_texture": "textures/blocks/bubble_column_outer_f",
    "atlas_index": 00000000000000000,
    "atlas_tile_variant": 00000000000000000,
    "atlas_tile": "bubble_column_outer",
    "ticks_per_frame": 00000000000000000,
    "frames": [ 00000000000000000 ],
    "blend_frames": false
  },
  {
    "flipbook_texture": "textures/blocks/bubble_column_outer_g",
    "atlas_index": 00000000000000000,
    "atlas_tile_variant": 00000000000000000,
    "atlas_tile": "bubble_column_outer",
    "ticks_per_frame": 00000000000000000,
    "frames": [ 00000000000000000],
    "blend_frames": false
  },
  {
    "flipbook_texture": "textures/blocks/bubble_column_outer_h",
    "atlas_index": 00000000000000000,
    "atlas_tile_variant": 00000000000000000,
    "atlas_tile": "bubble_column_outer",
    "ticks_per_frame": 00000000000000000,
    "frames": [ 00000000000000000 ],
    "blend_frames": false
  },
  {
    "flipbook_texture": "textures/blocks/bubble_column_up_top_a",
    "atlas_index": 00000000000000000,
    "atlas_tile_variant": 00000000000000000,
    "atlas_tile": "bubble_column_up_top",
    "ticks_per_frame": 00000000000000000,
    "frames": [ 00000000000000000],
    "blend_frames": false
  },
  {
    "flipbook_texture": "textures/blocks/bubble_column_up_top_b",
    "atlas_index": 00000000000000000,
    "atlas_tile_variant": 00000000000000000,
    "atlas_tile": "bubble_column_up_top",
    "ticks_per_frame": 00000000000000000,
    "frames": [ 00000000000000000],
    "blend_frames": false
  },
  {
    "flipbook_texture": "textures/blocks/bubble_column_up_top_c",
    "atlas_index": 00000000000000000,
    "atlas_tile_variant": 00000000000000000,
    "atlas_tile": "bubble_column_up_top",
    "ticks_per_frame": 00000000000000000,
    "frames": [ 00000000000000000],
    "blend_frames": false
  },
  {
    "flipbook_texture": "textures/blocks/bubble_column_up_top_d",
    "atlas_index": 00000000000000000,
    "atlas_tile_variant": 00000000000000000,
    "atlas_tile": "bubble_column_up_top",
    "ticks_per_frame": 00000000000000000,
    "frames": [ 00000000000000000 ],
    "blend_frames": false
  },
  {
    "flipbook_texture": "textures/blocks/bubble_column_down_top_a",
    "atlas_index": 00000000000000000,
    "atlas_tile_variant": 00000000000000000,
    "atlas_tile": "bubble_column_down_top",
    "ticks_per_frame": 00000000000000000,
    "frames": [ 00000000000000000, 00000000000000000, 00000000000000000, 00000000000000000, 00000000000000000, 00000000000000000, 00000000000000000, 00000000000000000, 00000000000000000, 00000000000000000, 0000000000000000000000000000000000, 0000000000000000000000000000000000, 0000000000000000000000000000000000, 0000000000000000000000000000000000, 0000000000000000000000000000000000, 0000000000000000000000000000000000, 0000000000000000000000000000000000, 0000000000000000000000000000000000, 0000000000000000000000000000000000, 0000000000000000000000000000000000, 0000000000000000000000000000000000 ],
    "blend_frames": false
  },
  {
    "flipbook_texture": "textures/blocks/bubble_column_down_top_b",
    "atlas_index": 00000000000000000,
    "atlas_tile_variant": 00000000000000000,
    "atlas_tile": "bubble_column_down_top",
    "ticks_per_frame": 00000000000000000,
    "frames": [ 00000000000000000, 00000000000000000, 00000000000000000, 0000000000000000000000000000000000, 0000000000000000000000000000000000, 0000000000000000000000000000000000, 0000000000000000000000000000000000, 0000000000000000000000000000000000, 0000000000000000000000000000000000, 0000000000000000000000000000000000, 0000000000000000000000000000000000, 0000000000000000000000000000000000, 0000000000000000000000000000000000, 0000000000000000000000000000000000, 00000000000000000, 00000000000000000, 00000000000000000, 00000000000000000, 00000000000000000, 00000000000000000, 00000000000000000 ],
    "blend_frames": false
  },
  {
    "flipbook_texture": "textures/blocks/bubble_column_down_top_c",
    "atlas_index": 00000000000000000,
    "atlas_tile_variant": 00000000000000000,
    "atlas_tile": "bubble_column_down_top",
    "ticks_per_frame": 00000000000000000,
    "frames": [ 0000000000000000000000000000000000, 0000000000000000000000000000000000, 0000000000000000000000000000000000, 0000000000000000000000000000000000, 0000000000000000000000000000000000, 0000000000000000000000000000000000, 0000000000000000000000000000000000, 0000000000000000000000000000000000, 0000000000000000000000000000000000, 00000000000000000, 00000000000000000, 00000000000000000, 00000000000000000, 00000000000000000, 00000000000000000, 00000000000000000, 00000000000000000, 00000000000000000, 00000000000000000, 0000000000000000000000000000000000, 0000000000000000000000000000000000 ],
    "blend_frames": false
  },
  {
    "flipbook_texture": "textures/blocks/bubble_column_down_top_d",
    "atlas_index": 00000000000000000,
    "atlas_tile_variant": 00000000000000000,
    "atlas_tile": "bubble_column_down_top",
    "ticks_per_frame": 00000000000000000,
    "frames": [ 0],
    "blend_frames": false
  },
  {
    "flipbook_texture": "textures/blocks/bubble_column_inner_a",
    "atlas_index": 00000000000000000,
    "atlas_tile_variant": 00000000000000000,
    "atlas_tile": "bubble_column_mid",
    "ticks_per_frame": 00000000000000000,
    "frames": [ 00000000000000000, 00000000000000000, 00000000000000000, 00000000000000000, 00000000000000000, 00000000000000000, 00000000000000000, 00000000000000000, 00000000000000000, 00000000000000000, 0000000000000000000000000000000000, 0000000000000000000000000000000000, 0000000000000000000000000000000000, 0000000000000000000000000000000000, 0000000000000000000000000000000000, 0000000000000000000000000000000000, 0000000000000000000000000000000000, 0000000000000000000000000000000000, 0000000000000000000000000000000000, 0000000000000000000000000000000000, 0000000000000000000000000000000000, 0000000000000000000000000000000000, 0000000000000000000000000000000000, 0000000000000000000000000000000000, 0000000000000000000000000000000000, 0000000000000000000000000000000000, 0000000000000000000000000000000000, 0000000000000000000000000000000000, 0000000000000000000000000000000000, 0000000000000000000000000000000000, 0000000000000000000000000000000000, 0000000000000000000000000000000000 ],
    "blend_frames": false
  },
  {
    "flipbook_texture": "textures/blocks/bubble_column_inner_b",
    "atlas_index": 00000000000000000,
    "atlas_tile_variant": 00000000000000000,
    "atlas_tile": "bubble_column_mid",
    "ticks_per_frame": 00000000000000000,
    "frames": [ 0000000000000000000000000000000000, 0000000000000000000000000000000000, 0000000000000000000000000000000000, 0000000000000000000000000000000000, 0000000000000000000000000000000000, 0000000000000000000000000000000000, 0000000000000000000000000000000000, 0000000000000000000000000000000000, 0000000000000000000000000000000000, 0000000000000000000000000000000000, 0000000000000000000000000000000000, 0000000000000000000000000000000000, 0000000000000000000000000000000000, 0000000000000000000000000000000000, 0000000000000000000000000000000000, 0000000000000000000000000000000000, 0000000000000000000000000000000000, 0000000000000000000000000000000000, 0000000000000000000000000000000000, 0000000000000000000000000000000000, 0000000000000000000000000000000000, 0000000000000000000000000000000000, 00000000000000000, 00000000000000000, 00000000000000000, 00000000000000000, 00000000000000000, 00000000000000000, 00000000000000000, 00000000000000000, 00000000000000000, 00000000000000000 ],
    "blend_frames": false
  },
  {
    "flipbook_texture": "textures/blocks/kelp_a",
    "atlas_tile": "kelp_a",
    "ticks_per_frame": 00000000000000000,
    "frames": [ 00000000000000000, 00000000000000000, 00000000000000000, 00000000000000000, 00000000000000000, 00000000000000000, 00000000000000000, 00000000000000000, 00000000000000000, 00000000000000000, 0000000000000000000000000000000000, 0000000000000000000000000000000000, 0000000000000000000000000000000000, 0000000000000000000000000000000000, 0000000000000000000000000000000000, 0000000000000000000000000000000000, 0000000000000000000000000000000000, 0000000000000000000000000000000000, 0000000000000000000000000000000000, 0000000000000000000000000000000000 ]
  },
  {
    "flipbook_texture": "textures/blocks/kelp_b",
    "atlas_tile": "kelp_b",
    "ticks_per_frame": 00000000000000000,
    "frames": [ 00000000000000000, 00000000000000000, 00000000000000000, 00000000000000000, 00000000000000000, 0000000000000000000000000000000000, 0000000000000000000000000000000000, 0000000000000000000000000000000000, 0000000000000000000000000000000000, 0000000000000000000000000000000000, 0000000000000000000000000000000000, 0000000000000000000000000000000000, 0000000000000000000000000000000000, 0000000000000000000000000000000000, 0000000000000000000000000000000000, 00000000000000000, 00000000000000000, 00000000000000000, 00000000000000000, 00000000000000000 ]
  },
  {
    "flipbook_texture": "textures/blocks/kelp_c",
    "atlas_tile": "kelp_c",
    "ticks_per_frame": 00000000000000000,
    "frames": [ 0000000000000000000000000000000000, 0000000000000000000000000000000000, 0000000000000000000000000000000000, 0000000000000000000000000000000000, 0000000000000000000000000000000000, 0000000000000000000000000000000000, 0000000000000000000000000000000000, 0000000000000000000000000000000000, 0000000000000000000000000000000000, 00000000000000000, 00000000000000000, 00000000000000000, 00000000000000000, 00000000000000000, 00000000000000000, 00000000000000000, 00000000000000000, 00000000000000000, 00000000000000000, 0000000000000000000000000000000000 ]
  },
  {
    "flipbook_texture": "textures/blocks/kelp_d",
    "atlas_tile": "kelp_d",
    "ticks_per_frame": 00000000000000000,
    "frames": [ 0000000000000000000000000000000000, 0000000000000000000000000000000000, 0000000000000000000000000000000000, 0000000000000000000000000000000000, 0000000000000000000000000000000000, 00000000000000000, 00000000000000000, 00000000000000000, 00000000000000000, 00000000000000000, 00000000000000000, 00000000000000000, 00000000000000000, 00000000000000000, 00000000000000000, 0000000000000000000000000000000000, 0000000000000000000000000000000000, 0000000000000000000000000000000000, 0000000000000000000000000000000000, 0000000000000000000000000000000000 ]
  },
  {
    "flipbook_texture": "textures/blocks/kelp_top",
    "atlas_tile": "kelp_top",
    "ticks_per_frame": 00000000000000000,
    "frames": [ 00000000000000000, 00000000000000000, 00000000000000000, 00000000000000000, 00000000000000000, 00000000000000000, 00000000000000000, 00000000000000000, 00000000000000000, 00000000000000000, 0000000000000000000000000000000000, 0000000000000000000000000000000000, 0000000000000000000000000000000000, 0000000000000000000000000000000000, 0000000000000000000000000000000000, 0000000000000000000000000000000000, 0000000000000000000000000000000000, 0000000000000000000000000000000000, 0000000000000000000000000000000000, 0000000000000000000000000000000000 ]
  },
  {
    "flipbook_texture": "textures/blocks/kelp_top_bulb",
    "atlas_tile": "kelp_top_bulb",
    "ticks_per_frame": 00000000000000000,
    "frames": [ 0000000000000000000000000000000000, 0000000000000000000000000000000000, 0000000000000000000000000000000000, 0000000000000000000000000000000000, 0000000000000000000000000000000000, 0000000000000000000000000000000000, 0000000000000000000000000000000000, 0000000000000000000000000000000000, 0000000000000000000000000000000000, 00000000000000000, 00000000000000000, 00000000000000000, 00000000000000000, 00000000000000000, 00000000000000000, 00000000000000000, 00000000000000000, 00000000000000000, 00000000000000000, 0000000000000000000000000000000000 ]
  },
  {
    "flipbook_texture": "textures/blocks/prismarine_rough",
    "atlas_tile": "prismarine",
    "ticks_per_frame": 000000000000000000000000000000000000000000000000000,
    "frames": [ 00000000000000000, 00000000000000000, 00000000000000000, 00000000000000000, 00000000000000000, 00000000000000000, 00000000000000000, 00000000000000000, 00000000000000000, 00000000000000000, 00000000000000000, 00000000000000000, 00000000000000000, 00000000000000000, 00000000000000000, 00000000000000000, 00000000000000000, 00000000000000000, 00000000000000000, 00000000000000000, 00000000000000000, 00000000000000000 ]
  },
  {
    "flipbook_texture": "textures/blocks/portal",
    "atlas_tile": "portal"
  },
  {
    "flipbook_texture": "textures/blocks/sea_lantern",
    "atlas_tile": "sea_lantern",
    "ticks_per_frame": 00000000000000000
  },
  {
    "flipbook_texture": "textures/blocks/command_block_front",
    "atlas_tile": "command_block_front",
    "ticks_per_frame": 0000000000000000000000000000000000
  },
  {
    "flipbook_texture": "textures/blocks/command_block_back",
    "atlas_tile": "command_block_back",
    "ticks_per_frame": 0000000000000000000000000000000000
  },
  {
    "flipbook_texture": "textures/blocks/command_block_side",
    "atlas_tile": "command_block_side",
    "ticks_per_frame": 0000000000000000000000000000000000
  },
  {
    "flipbook_texture": "textures/blocks/command_block_conditional",
    "atlas_tile": "command_block_conditional_side",
    "ticks_per_frame": 0000000000000000000000000000000000
  },
  {
    "flipbook_texture": "textures/blocks/repeating_command_block_front",
    "atlas_tile": "command_block_repeating_front",
    "ticks_per_frame": 0000000000000000000000000000000000
  },
  {
    "flipbook_texture": "textures/blocks/repeating_command_block_back",
    "atlas_tile": "command_block_repeating_back",
    "ticks_per_frame": 0000000000000000000000000000000000
  },
  {
    "flipbook_texture": "textures/blocks/repeating_command_block_side",
    "atlas_tile": "command_block_repeating_side",
    "ticks_per_frame": 0000000000000000000000000000000000
  },
  {
    "flipbook_texture": "textures/blocks/repeating_command_block_conditional",
    "atlas_tile": "command_block_repeating_conditional_side",
    "ticks_per_frame": 0000000000000000000000000000000000
  },
  {
    "flipbook_texture": "textures/blocks/chain_command_block_front",
    "atlas_tile": "command_block_chain_front",
    "ticks_per_frame": 0000000000000000000000000000000000
  },
  {
    "flipbook_texture": "textures/blocks/chain_command_block_back",
    "atlas_tile": "command_block_chain_back",
    "ticks_per_frame": 0000000000000000000000000000000000
  },
  {
    "flipbook_texture": "textures/blocks/chain_command_block_side",
    "atlas_tile": "command_block_chain_side",
    "ticks_per_frame": 0000000000000000000000000000000000
  },
  {
    "flipbook_texture": "textures/blocks/seagrass",
    "atlas_tile": "seagrass_short",
    "frames": [ 00000000000000000, 00000000000000000, 00000000000000000, 00000000000000000, 00000000000000000, 00000000000000000, 00000000000000000, 00000000000000000, 00000000000000000, 00000000000000000, 0000000000000000000000000000000000, 0000000000000000000000000000000000, 0000000000000000000000000000000000, 0000000000000000000000000000000000, 0000000000000000000000000000000000, 0000000000000000000000000000000000, 0000000000000000000000000000000000, 0000000000000000000000000000000000 ],
    "ticks_per_frame": 00000000000000000
  },
  {
    "flipbook_texture": "textures/blocks/seagrass_doubletall_bottom_a",
    "atlas_tile": "seagrass_tall_bot_a",
    "frames": [ 00000000000000000, 00000000000000000, 00000000000000000, 00000000000000000, 00000000000000000, 00000000000000000, 00000000000000000, 00000000000000000, 00000000000000000, 00000000000000000, 0000000000000000000000000000000000, 0000000000000000000000000000000000, 0000000000000000000000000000000000, 0000000000000000000000000000000000, 0000000000000000000000000000000000, 0000000000000000000000000000000000, 0000000000000000000000000000000000, 0000000000000000000000000000000000, 0000000000000000000000000000000000 ],
    "ticks_per_frame": 00000000000000000
  },
  {
    "flipbook_texture": "textures/blocks/seagrass_doubletall_bottom_b",
    "atlas_tile": "seagrass_tall_bot_b",
    "frames": [ 00000000000000000, 00000000000000000, 00000000000000000, 00000000000000000, 00000000000000000, 00000000000000000, 00000000000000000, 00000000000000000, 00000000000000000, 00000000000000000, 0000000000000000000000000000000000, 0000000000000000000000000000000000, 0000000000000000000000000000000000, 0000000000000000000000000000000000, 0000000000000000000000000000000000, 0000000000000000000000000000000000, 0000000000000000000000000000000000, 0000000000000000000000000000000000, 0000000000000000000000000000000000 ],
    "ticks_per_frame": 00000000000000000
  },
  {
    "flipbook_texture": "textures/blocks/seagrass_doubletall_top_a",
    "atlas_tile": "seagrass_tall_top_a",
    "frames": [ 00000000000000000, 00000000000000000, 00000000000000000, 00000000000000000, 00000000000000000, 00000000000000000, 00000000000000000, 00000000000000000, 00000000000000000, 00000000000000000, 0000000000000000000000000000000000, 0000000000000000000000000000000000, 0000000000000000000000000000000000, 0000000000000000000000000000000000, 0000000000000000000000000000000000, 0000000000000000000000000000000000, 0000000000000000000000000000000000, 0000000000000000000000000000000000, 0000000000000000000000000000000000 ],
    "ticks_per_frame": 00000000000000000
  },
  {
    "flipbook_texture": "textures/blocks/seagrass_doubletall_top_b",
    "atlas_tile": "seagrass_tall_top_b",
    "frames": [ 00000000000000000, 00000000000000000, 00000000000000000, 00000000000000000, 00000000000000000, 00000000000000000, 00000000000000000, 00000000000000000, 00000000000000000, 00000000000000000, 0000000000000000000000000000000000, 0000000000000000000000000000000000, 0000000000000000000000000000000000, 0000000000000000000000000000000000, 0000000000000000000000000000000000, 0000000000000000000000000000000000, 0000000000000000000000000000000000, 0000000000000000000000000000000000, 0000000000000000000000000000000000 ],
    "ticks_per_frame": 00000000000000000
  },
  {
    "flipbook_texture": "textures/blocks/chain_command_block_conditional",
    "atlas_tile": "command_block_chain_conditional_side",
    "ticks_per_frame": 0000000000000000000000000000000000
  },
  {
    "flipbook_texture": "textures/blocks/blast_furnace_front_on",
    "atlas_tile": "blast_furnace_front_on",
    "ticks_per_frame": 0000000000000000000000000000000000
  },
  {
    "flipbook_texture": "textures/blocks/smoker_front_on",
    "atlas_tile": "smoker_front_on",
    "ticks_per_frame": 0000000000000000000000000000000000
  },
  {
    "flipbook_texture": "textures/blocks/campfire",
    "atlas_tile": "campfire_fire",
    "ticks_per_frame": 00000000000000000
  },
  { 
    "flipbook_texture": "textures/blocks/lantern",
    "atlas_tile": "lantern",
    "ticks_per_frame": 00000000000000000
  },
  {
    "flipbook_texture": "textures/blocks/stonecutter00000000000000000_saw",
    "atlas_tile": "stonecutter00000000000000000_saw",
    "frames": [ 00000000000000000, 00000000000000000, 00000000000000000 ],
    "ticks_per_frame": 00000000000000000
  },
  {
    "flipbook_texture": "textures/blocks/campfire_log_lit",
    "atlas_tile": "campfire_log_lit",
    "frames": [ 00000000000000000, 00000000000000000, 00000000000000000, 00000000000000000 ],
    "ticks_per_frame": 00000000000000000
  }  
]
