{
  "namespace": "transmutation_table",
  //utilites
  "view": {
    "type": "button",
    "focus_enabled": true,
    "focus_wrap_enabled": false,
    "focus_magnet_enabled": true,
    "$highlight_control|default": "common.highlight_slot_panel",
    "default_focus_precedence": 1,
    "hover_control": "hover",
    "layer": 1,
    "controls": [
      {
        "hover@$highlight_control": {}
      },
      {
        "bundle_popup_factory_control": {
          "type": "panel",
          "factory": {
            "name": "bundle_popup_factory",
            "control_name": "common.bundle_mode_popup_control",
            "max_children_size": 1
          }
        }
      }
    ]
  },
  "container_slot_give@common.container_slot_button_prototype": {
    "button_mappings": [
      {
        "from_button_id": "button.menu_select",
        "to_button_id": "button.container_auto_place",
        "mapping_type": "pressed"
      },
      {
        "from_button_id": "button.menu_ok",
        "to_button_id": "button.container_auto_place",
        "mapping_type": "pressed"
      },
      {
        "from_button_id": "button.menu_secondary_select",
        "to_button_id": "button.container_auto_place",
        "mapping_type": "pressed"
      },
      {
        "from_button_id": "button.controller_select",
        "to_button_id": "button.container_auto_place",
        "mapping_type": "pressed"
      },
      {
        "from_button_id": "button.menu_auto_place",
        "to_button_id": "button.container_auto_place",
        "mapping_type": "pressed"
      },
      {
        "from_button_id": "button.controller_secondary_select",
        "to_button_id": "button.container_auto_place",
        "mapping_type": "pressed"
      },
      {
        "from_button_id": "button.menu_inventory_drop",
        "to_button_id": "button.container_auto_place",
        "mapping_type": "pressed"
      },
      {
        "from_button_id": "button.menu_inventory_drop_all",
        "to_button_id": "button.container_auto_place",
        "mapping_type": "pressed"
      }
    ]
  },
  "container_button_ui@common.GUIButton": {
    "button_mappings": [
      {
        "from_button_id": "button.menu_select",
        "to_button_id": "button.container_auto_place",
        "mapping_type": "pressed"
      },
      {
        "from_button_id": "button.menu_ok",
        "to_button_id": "button.container_auto_place",
        "mapping_type": "pressed"
      },
      {
        "from_button_id": "button.menu_secondary_select",
        "to_button_id": "button.container_auto_place",
        "mapping_type": "pressed"
      },
      {
        "from_button_id": "button.controller_select",
        "to_button_id": "button.container_auto_place",
        "mapping_type": "pressed"
      },
      {
        "from_button_id": "button.menu_auto_place",
        "to_button_id": "button.container_auto_place",
        "mapping_type": "pressed"
      },
      {
        "from_button_id": "button.controller_secondary_select",
        "to_button_id": "button.container_auto_place",
        "mapping_type": "pressed"
      },
      {
        "from_button_id": "button.menu_inventory_drop",
        "to_button_id": "button.container_auto_place",
        "mapping_type": "pressed"
      },
      {
        "from_button_id": "button.menu_inventory_drop_all",
        "to_button_id": "button.container_auto_place",
        "mapping_type": "pressed"
      }
    ]
  },
  "container_slot_inventory@common.container_slot_button_prototype": {
    "button_mappings": [
      {
        "from_button_id": "button.menu_select",
        "to_button_id": "button.container_take_all_place_all",
        "mapping_type": "pressed"
      },
      {
        "from_button_id": "button.menu_ok",
        "to_button_id": "button.container_take_all_place_all",
        "mapping_type": "pressed"
      },
      {
        "from_button_id": "button.controller_back",
        "to_button_id": "button.container_take_all_place_all",
        "mapping_type": "pressed",
        "ignored": "(not $is_ps4)"
      },
      {
        "from_button_id": "button.menu_secondary_select",
        "to_button_id": "button.container_take_half_place_one",
        "mapping_type": "pressed"
      },
      {
        "from_button_id": "button.controller_select",
        "to_button_id": "button.container_take_half_place_one",
        "mapping_type": "pressed"
      },
      {
        "from_button_id": "button.menu_auto_place",
        "to_button_id": "button.container_auto_place",
        "mapping_type": "none"
      },
      {
        "from_button_id": "button.controller_secondary_select",
        "to_button_id": "button.container_auto_place",
        "mapping_type": "none"
      },
      {
        "from_button_id": "button.menu_inventory_drop",
        "to_button_id": "button.drop_one",
        "mapping_type": "pressed"
      },
      {
        "from_button_id": "button.menu_inventory_drop_all",
        "to_button_id": "button.drop_all",
        "mapping_type": "pressed"
      },
      {
        "from_button_id": "button.menu_select",
        "to_button_id": "button.coalesce_stack",
        "mapping_type": "none"
      },
      {
        "from_button_id": "button.menu_ok",
        "to_button_id": "button.coalesce_stack",
        "mapping_type": "none"
      },
      {
        "to_button_id": "button.shape_drawing",
        "mapping_type": "pressed"
      },
      {
        "to_button_id": "button.container_slot_hovered",
        "mapping_type": "pressed"
      }
    ]
  },
  //elements
  "book": {
    "type": "image",
    "texture": "textures/gui/transmutation_book_overlay",
    "layer": 1,
    "alpha": 0.5,
    "size": [16, 16]
  },
  "flame": {
    "type": "image",
    "texture": "textures/ui/flame_full_image",
    "layer": 1,
    "size": [13, 13]
  },
  "slot": {
    "type": "stack_panel",
    "$index": 0,
    "$collection_name": "collection",
    "collection_name": "$collection_name",
    "$slot_size": [18, 18],
    "$slot_image_size": [18, 18],
    "controls": [
      {
        "slot@chest.chest_grid_item": {
          "ignored": false,
          "$cell_image_size": "$slot_image_size",
          "size": "$slot_size",
          "collection_index": "$index",
          "property_bag": {
            "#name": "[Empty]"
          },
          "bindings": [
            {
              "binding_name": "#hover_text",
              "binding_type": "collection",
              "binding_condition": "always",
              "binding_collection_name": "container_items"
            },
            {
              "binding_type": "view",
              "source_property_name": "(((#hover_text - #name) = #hover_text) and (not ((#name - ' ') = '')))",
              "target_property_name": "#active"
            },
            {
              "binding_type": "view",
              "source_property_name": "((#active))",
              "target_property_name": "#visible"
            }
          ]
        }
      }
    ]
  },
  "text_display": {
    "type": "stack_panel",
    "$index": 0,
    "$collection_name": "collection",
    "size": [18, 18],
    "collection_name": "$collection_name",
    "controls": [
      {
        "text": {
          "type": "label",
          "text": "$hover_text_binding_name",
          "collection_index": "$index",
          "property_bag": {
            "#ttext": "teste"
          },
          "color": "$title_text_color",
          "$hover_text_binding_name": "#hover_text",
          "bindings": [
            {
              "binding_name_override": "#hover_text",
              "binding_name": "$hover_text_binding_name",
              "binding_condition": "always_when_visible",
              "binding_type": "collection",
              "binding_collection_name": "$collection_name"
            }
          ]
        }
      }
    ]
  },
  "slot_icon": {
    "type": "stack_panel",
    "$index": 0,
    "$collection_name": "collection",
    "collection_name": "$collection_name",
    "$slot_size": [18, 18],
    "$slot_image_size": [18, 18],
    "$sub_icon": "textues/items/diamond",
    "controls": [
      {
        "slot@common.icon_container_item": {
          "ignored": false,
          "$cell_image_size": "$slot_image_size",
          "size": "$slot_size",
          "$button_text": "$hover_text",
          "$icon_texture": "$sub_icon",
          "collection_index": "$index",
          "$item_collection_name": "$collection_name"
        }
      }
    ]
  },
  "grid": {
    "type": "panel",
    "size": [229, 197],
    "$collection_name": "container_items",
    "anchor_from": "top_left",
    "anchor_to": "top_left",
    "controls": [
      {
        "transmutable_slot@transmutation_table.slot": {
          "$index": 0,
          "$collection_name": "container_items",
          "$button_ref": "transmutation_table.container_slot_give",
          "$slot_image_size": [0, 0],
          "offset": [131, 3]
        }
      },
      {
        "transmutable_slot@transmutation_table.slot": {
          "$index": 1,
          "$collection_name": "container_items",
          "$button_ref": "transmutation_table.container_slot_give",
          "$slot_image_size": [0, 0],
          "offset": [151, 0]
        }
      },
      {
        "transmutable_slot@transmutation_table.slot": {
          "$index": 2,
          "$collection_name": "container_items",
          "$button_ref": "transmutation_table.container_slot_give",
          "$slot_image_size": [0, 0],
          "offset": [171, 3]
        }
      },
      {
        "transmutable_slot@transmutation_table.slot": {
          "$index": 3,
          "$collection_name": "container_items",
          "$button_ref": "transmutation_table.container_slot_give",
          "$slot_image_size": [0, 0],
          "offset": [188, 22]
        }
      },
      {
        "transmutable_slot@transmutation_table.slot": {
          "$index": 4,
          "$collection_name": "container_items",
          "$button_ref": "transmutation_table.container_slot_give",
          "$slot_image_size": [0, 0],
          "offset": [193, 42]
        }
      },
      {
        "transmutable_slot@transmutation_table.slot": {
          "$index": 5,
          "$collection_name": "container_items",
          "$button_ref": "transmutation_table.container_slot_give",
          "$slot_image_size": [0, 0],
          "offset": [188, 62]
        }
      },
      {
        "transmutable_slot@transmutation_table.slot": {
          "$index": 6,
          "$collection_name": "container_items",
          "$button_ref": "transmutation_table.container_slot_give",
          "$slot_image_size": [0, 0],
          "offset": [171, 81]
        }
      },
      {
        "transmutable_slot@transmutation_table.slot": {
          "$index": 7,
          "$collection_name": "container_items",
          "$button_ref": "transmutation_table.container_slot_give",
          "$slot_image_size": [0, 0],
          "offset": [151, 84]
        }
      },
      {
        "transmutable_slot@transmutation_table.slot": {
          "$index": 8,
          "$collection_name": "container_items",
          "$button_ref": "transmutation_table.container_slot_give",
          "$slot_image_size": [0, 0],
          "offset": [131, 81]
        }
      },
      {
        "transmutable_slot@transmutation_table.slot": {
          "$index": 9,
          "$collection_name": "container_items",
          "$button_ref": "transmutation_table.container_slot_give",
          "$slot_image_size": [0, 0],
          "offset": [114, 62]
        }
      },
      {
        "transmutable_slot@transmutation_table.slot": {
          "$index": 10,
          "$collection_name": "container_items",
          "$button_ref": "transmutation_table.container_slot_give",
          "$slot_image_size": [0, 0],
          "offset": [109, 42]
        }
      },
      {
        "transmutable_slot@transmutation_table.slot": {
          "$index": 11,
          "$collection_name": "container_items",
          "$button_ref": "transmutation_table.container_slot_give",
          "$slot_image_size": [0, 0],
          "offset": [114, 22]
        }
      },
      {
        "transmutable_slot@transmutation_table.slot": {
          "$index": 12,
          "$collection_name": "container_items",
          "$button_ref": "transmutation_table.container_slot_give",
          "$slot_image_size": [0, 0],
          "offset": [151, 22]
        }
      },
      {
        "transmutable_slot@transmutation_table.slot": {
          "$index": 13,
          "$collection_name": "container_items",
          "$button_ref": "transmutation_table.container_slot_give",
          "$slot_image_size": [0, 0],
          "offset": [170, 42]
        }
      },
      {
        "transmutable_slot@transmutation_table.slot": {
          "$index": 14,
          "$collection_name": "container_items",
          "$button_ref": "transmutation_table.container_slot_give",
          "$slot_image_size": [0, 0],
          "offset": [151, 62]
        }
      },
      {
        "transmutable_slot@transmutation_table.slot": {
          "$index": 15,
          "$collection_name": "container_items",
          "$button_ref": "transmutation_table.container_slot_give",
          "$slot_image_size": [0, 0],
          "offset": [133, 42]
        }
      },
      {
        "burn_slot@transmutation_table.slot": {
          "$index": 17,
          "$collection_name": "container_items",
          "$cell_overlay_ref": "transmutation_table.flame",
          "offset": [92, 89]
        }
      },
      {
        "storage_slot@transmutation_table.slot": {
          "$index": 16,
          "$cell_overlay_ref": "transmutation_table.book",
          "$collection_name": "container_items",
          "offset": [74, 89]
        }
      }
    ]
  },
  //final
  "top_half": {
    "type": "panel",
    "size": ["100%", "50% - 12px"],
    "offset": [0, 7],
    "anchor_to": "top_left",
    "anchor_from": "top_left",
    "controls": [
      {
        "PagePrevious@transmutation_table.slot_icon": {
          "$index": 19,
          "$collection_name": "container_items",
          "$button_ref": "transmutation_table.container_button_ui",
          "anchor_from": "center",
          "anchor_to": "center",
          "$sub_icon": "textures/gui/previous_button",
          "$hover_text": "Previous Page",
          "$slot_image_size": [16, 16],
          "$slot_size": [16, 16],
          "offset": [116, 55.5]
        }
      },
      {
        "PageNext@transmutation_table.slot_icon": {
          "$index": 20,
          "$collection_name": "container_items",
          "$button_ref": "transmutation_table.container_button_ui",
          "anchor_from": "center",
          "anchor_to": "center",
          "$sub_icon": "textures/gui/next_button",
          "$hover_text": "Next Page",
          "$slot_image_size": [16, 16],
          "$slot_size": [16, 16],
          "offset": [199, 55.5]
        }
      },
      {
        "emc_displayer@transmutation_table.text_display": {
          "$index": 18,
          "$collection_name": "container_items",
          "offset": ["7px", 89],
          "anchor_from": "top_left",
          "anchor_to": "top_left"
        }
      },
      {
        "grid@transmutation_table.grid": {
          "offset": [5, -89]
        }
      }
    ]
  }
}
