{
	"format_version": "1.10.0",
	"geometry.shield": {
		"texturewidth": 64,
		"textureheight": 64,
		"visible_bounds_width": 2,
		"visible_bounds_height": 1,
		"visible_bounds_offset": [0, 0.5, 0],
		"bones": [
			{
				"name": "shield",
				"pivot": [1, 15.5, 3],
				"cubes": [
					{"origin": [0, 25, 0], "size": [2, 6, 6], "uv": [48, 0]},
					{"origin": [-3, 19, -1], "size": [8, 16, 1], "uv": [20, 0]},
					{"origin": [-4, 21, -1], "size": [1, 14, 1], "uv": [19, 21]},
					{"origin": [-5, 23, -1], "size": [1, 11, 1], "uv": [15, 21]},
					{"origin": [-6, 25, -1], "size": [1, 8, 1], "uv": [11, 21]},
					{"origin": [-7, 27, -1], "size": [1, 5, 1], "uv": [7, 21]},
					{"origin": [5, 21, -1], "size": [1, 14, 1], "uv": [30, 21]},
					{"origin": [6, 23, -1], "size": [1, 11, 1], "uv": [34, 21]},
					{"origin": [7, 25, -1], "size": [1, 8, 1], "uv": [38, 21]},
					{"origin": [8, 27, -1], "size": [1, 5, 1], "uv": [42, 21]}
				]
			}
		]
	}
}