{"format_version":"1.20.10","animation_controllers":{"controller.animation.spark_portals.guide_book.states":{"initial_state":"spawned","states":{"default":{"animations":["opened"],"transitions":[{"spawned":"q.property('spark:state') == 'spawned'"},{"pickup":"q.property('spark:state') == 'pickup'"},{"left":"q.property('spark:state') == 'left'"},{"right":"q.property('spark:state') == 'right'"}]},"spawned":{"animations":["open"],"transitions":[{"default":"q.all_animations_finished && q.property('spark:state') != 'spawned'"}]},"pickup":{"animations":["close"]},"left":{"animations":["flip_left"],"transitions":[{"default":"q.all_animations_finished && q.property('spark:state') != 'left'"}]},"right":{"animations":["flip_right"],"transitions":[{"default":"q.all_animations_finished && q.property('spark:state') != 'right'"}]}}}}}
