{
  "namespace": "fluffyalien_itemducts:common",
  "container_label": {
    "type": "label",
    "anchor_from": "top_left",
    "anchor_to": "top_left",
    "color": "$title_text_color"
  },
  "container_title@fluffyalien_itemducts:common.container_label": {
    "offset": [6, -3]
  },
  "container_item_slot": {
    "type": "stack_panel",
    "$index": 0,
    "collection_name": "container_items",
    "$slot_size": [18, 18],
    "$slot_image_size": [18, 18],
    "anchor_from": "top_left",
    "anchor_to": "top_left",
    "controls": [
      {
        "slot@chest.chest_grid_item": {
          "ignored": false,
          "$cell_image_size": "$slot_image_size",
          "size": "$slot_size",
          "collection_index": "$index"
        }
      }
    ]
  }
}
