{
  "namespace": "fluffyalien_itemducts:filtered_container",
  "root": {
    "type": "panel",
    "controls": [
      {
        "container_gamepad_helpers@common.container_gamepad_helpers": {}
      },
      {
        "flying_item_renderer@common.flying_item_renderer": {
          "layer": 14
        }
      },
      {
        "selected_item_details_factory@common.selected_item_details_factory": {}
      },
      {
        "item_lock_notification_factory@common.item_lock_notification_factory": {}
      },
      {
        "root_panel@common.root_panel": {
          "layer": 1,
          "size": [180, 180],
          "controls": [
            {
              "common_panel@common.common_panel": {}
            },
            {
              "chest_panel": {
                "type": "panel",
                "layer": 5,
                "offset": [0, -0.5],
                "controls": [
                  {
                    "small_chest_panel_top_half@fluffyalien_itemducts:filtered_container.top_half": {}
                  },
                  {
                    "inventory_panel_bottom_half_with_label@common.inventory_panel_bottom_half_with_label": {}
                  },
                  {
                    "hotbar_grid@common.hotbar_grid_template": {}
                  },
                  {
                    "inventory_take_progress_icon_button@common.inventory_take_progress_icon_button": {}
                  }
                ]
              }
            },
            {
              "inventory_selected_icon_button@common.inventory_selected_icon_button": {}
            },
            {
              "gamepad_cursor@common.gamepad_cursor_button": {}
            }
          ]
        }
      }
    ]
  },
  "top_half": {
    "type": "panel",
    "size": ["100%", "50% - 12px"],
    "offset": [0, 7],
    "anchor_to": "top_left",
    "anchor_from": "top_left",
    "controls": [
      {
        "title@fluffyalien_itemducts:common.container_title": {
          "text": "Filtered Container"
        }
      },
      {
        "filter_label@fluffyalien_itemducts:common.container_label": {
          "text": "Filter",
          "offset": ["50%-38px", "50%-20px"]
        }
      },
      {
        "filter_slot@fluffyalien_itemducts:common.container_item_slot": {
          "$index": 0,
          "offset": ["50%-35px", "50%-9px"]
        }
      },
      {
        "item_slot@fluffyalien_itemducts:common.container_item_slot": {
          "$index": 1,
          "offset": ["50%+17px", "50%-9px"]
        }
      }
    ]
  }
}
