{ 
    "namespace": "content",
      "BG_BLURRED": {
      "type": "image",
      "fill": true,
      "size": ["100%","100%"],
      "layer": -9,
      "texture": "ui/BadTiger_Assets/img/BG_BLURRED"
      },
       "profile": {
        "type": "image",
        "texture": "textures/mainmenu/profile",
        "layer": 4,
        "alpha": 0.5,
        "size": [ 10, 10 ]
        },  
       "exit": {
        "type": "image",
        "layer": 4,
        "alpha": 0.6,
        "texture": "textures/mainmenu/exit",
        "size": [ 9, 9 ]
      },
        "exit_new": {
        "type": "image",
        "layer": 4,
        "alpha": 0.6,
        "texture": "textures/mainmenu/exit_new",
        "size": [ 11,11 ]
      },
              "store_new": {
        "type": "image",
        "layer": 4,
        "alpha": 0.6,
        "texture": "textures/mainmenu/store",
        "size": [ 11,11 ]
      },
                    "ach": {
        "type": "image",
        "layer": 4,
        "alpha": 0.6,
        "texture": "textures/mainmenu/ach",
        "size": [ 11,11 ]
      },
        "screenshot": {
        "type": "image",
        "layer": 4,
        "alpha": 0.6,
        "texture": "textures/mainmenu/screenshot",
        "size": [ 11,11 ]
      },
        "gallery": {
        "type": "image",
        "layer": 4,
        "alpha": 0.6,
        "texture": "textures/mainmenu/global",
        "size": [ 11,11 ]
      },
        "profile_new": {
        "type": "image",
        "layer": 4,
        "alpha": 0.7,
        "texture": "textures/mainmenu/profile_new",
        "size": [ 15,15 ]
        },
        "settings_new": {
        "type": "image",
        "layer": 4,
        "alpha": 0.7,
        "texture": "textures/mainmenu/settings",
        "size": [ 15,15 ]
        },
    "frames": {
    "type": "image",
    "size": [ "200%" , 35 ],
    "texture": "textures/panel_texture/top_bar",
    "anchor_from": "top_middle",
    "anchor_to": "top_middle",
    "layer": 1,
    "alpha": 0.9
  },
      "panel": {
    "type": "image",
    "size": [ "100%",200  ],
    "texture": "textures/panel_texture/panel",
    "anchor_from": "bottom_middle",
    "anchor_to": "bottom_middle",
    "layer": 1,
    "offset": [ 0, 40],
    "alpha": 0.8
}