
{
  "namespace": "spotify_section",
  "spotify_button@settings_common.section_toggle_base": {
    "$toggle_view_binding_name": "spfy_button_toggle",
    "$glyph_texture": "ui/BadTiger_Assets/img/muisc",
    "$glyph_color_texture": "ui/BadTiger_Assets/img/muisc",
    "$glyph_size": [
      24,
      24
    ],
    "$button_text": "Music",
    "$toggle_property_bag": {
      "#panel_title": "Muisc"
    }
  },
  "spotify_section": {
    "type": "stack_panel",
    "size": [
      "100%",
      "100%c"
    ],
    "anchor_from": "top_left",
    "anchor_to": "top_left",
    "bindings": [
      {
        "binding_type": "view",
        "source_control_name": "spfy_button_toggle",
        "source_property_name": "#toggle_state",
        "target_property_name": "#visible"
      }
    ],
    "controls": [
      {
          "title@settings_common.selector_group_label": {
        "text": "Music Player",
                                          "font_scale_factor": 1.3,
                                          "font_type": "smooth",
          "shadow": false,
                              "text_alignment": "center"
                              }
                              },
                              {
                                      "credits@settings_common.selector_group_label": {
          "font_type": "smooth",
                              "text_alignment": "center",
          "text": "An Experimental Feature"
          }
          },
          {
                              "section_divider3": {
                      "type": "image",
                "size": [ "100%", 3 ],
                "anchor_from": "center",
                "anchor_to": "center",
                "layer": 3,
                "texture": "textures/ui/list_item_divider_line_light"
                }
                },
                {
                  "cst_btn@settings_common.link_button": {
          "$button_text": "Play",
              "$default_button_texture|default": "ui/BadTiger_Assets/img/main_button",
    "$hover_button_texture|default": "ui/BadTiger_Assets/img/main_button_hover",
    "$pressed_button_texture|default": "ui/BadTiger_Assets/img/main_button_pressed",
    "$locked_button_texture|default": "ui/BadTiger_Assets/img/main_button_lock",
          "sound_name": "sp.custom"
          }
          },
          {
                  "cst_btn@settings_common.link_button": {
          "$button_text": "Custom Muisc",
            "$default_button_texture|default": "ui/BadTiger_Assets/img/main_button",
    "$hover_button_texture|default": "ui/BadTiger_Assets/img/main_button_hover",
    "$pressed_button_texture|default": "ui/BadTiger_Assets/img/main_button_pressed",
    "$locked_button_texture|default": "ui/BadTiger_Assets/img/main_button_lock",
          "sound_name": "c.muisc"
          }
          },
                {
        "option_slider_2@settings_common.option_slider": {
          "$option_label": "Muisc Volume",
          "$slider_name": "sound_volume",
          "$slider_value_binding_name": "#sound_volume",
          "$slider_tts_text_value": "#sound_volume_text_value",
          "$option_enabled_binding_name": "#sound_volume_enabled",
          "$label_bindings": [
            {
              "binding_name": "$option_label"
            }
          ]
        }
      },
      {
                                      "credits@settings_common.selector_group_label": {
          "font_type": "smooth",
                              "text_alignment": "center",
          "text": "Eats Fps : -2"
        }
      }
    ]
  }
}