
{
  "namespace": "cheatbreaker_section",
  "cheatbreaker_button@settings_common.section_toggle_base": {
    "$toggle_view_binding_name": "cb_button_toggle",
    "$glyph_texture": "ui/BadTiger_Assets/img/logo1",
    "$glyph_color_texture": "ui/BadTiger_Assets/img/logo1",
    "$glyph_size": [
      26,
      26
    ],
    "$button_text": "Information",
    "$toggle_property_bag": {
      "#panel_title": "Information"
    }
  },
  /*section*/
  "cheatbreaker_section": {
    "type": "stack_panel",
    "size": [
      "100%",
      "100%c"
    ],
    "anchor_from": "middle",
    "anchor_to": "middle",
    "bindings": [
      {
        "binding_type": "view",
        "source_control_name": "cb_button_toggle",
        "source_property_name": "#toggle_state",
        "target_property_name": "#visible"
      }
    ],
    "controls": [
      /*objects*/
      {
        "title@settings_common.selector_group_label": {
          "font_size": "large",
          "shadow": true,
         "text_alignment": "center",
          "text": "§cTiger §fClient"
        }
      },
      {
        "credits@settings_common.selector_group_label": {
          "font_type": "smooth",
                              "text_alignment": "center",
          "text": "Made By ©TTeam."
          }
          },
          {
                              "section_divider3": {
                      "type": "image",
                "size": [ "100%", 2 ],
                "anchor_from": "center",
                "anchor_to": "center",
                "layer": 3,
                "texture": "textures/ui/list_item_divider_line_light"
        }
      },
      {
        "spacer_1": {
          "type": "panel",
          "size": [
            2,
            2
          ]
        }
      },
      {
        "spacer_2": {
          "type": "panel",
          "size": [
            2,
            2
          ]
        }
      },
      {
        "spacer_3": {
          "type": "panel",
          "size": [
            2,
            2
          ]
        }
      },
      {
        "spacer_4": {
          "type": "panel",
          "size": [
            2,
            2
          ]
        }
      },
      {
        "credits_twt@settings_common.selector_group_label": {
          "shadow": false,
                              "text_alignment": "center",
          "font_type": "smooth",
                                  "font_scale_factor": 1.4,
          "text": "The Developers"
        }
      },
      {
        "cb_section_header@settings_common.selector_group_label": {
          "font_type": "smooth",
                              "text_alignment": "center",
          "shadow": false,
          "text": "HJN, Kurounicha, Yazu, ELWAER M, SoundToTheThirdPower, Bedezu"
                  }
      }, 
      {
        "spacer_1": {
          "type": "panel",
          "size": [
            2,
            2
          ]
        }
      },
      {
        "spacer_2": {
          "type": "panel",
          "size": [
            2,
            2
          ]
        }
      },
      {
        "spacer_3": {
          "type": "panel",
          "size": [
            2,
            2
          ]
        }
      },
      {
        "spacer_4": {
          "type": "panel",
          "size": [
            2,
            2
          ]
        }
      },
      {
                        "selector_group_lable_1@settings_common.selector_group_label": {
          "text": "The Features",
              "font_scale_factor": 1.4,
                                  "text_alignment": "center",
                    "font_type": "smooth"
                    }
                    },
                    {
                            "spacer_1": {
          "type": "panel",
          "size": [
            2,
            2
          ]
        }
      },
      {
                                      "selector_group_lable_1@settings_common.selector_group_label": {
          "text": "-Java Hand, Clear water, Less Particles , Custom Shield",
                              "text_alignment": "center",
                    "font_type": "smooth"
                    }
                    },
                    {
                            "spacer_1": {
          "type": "panel",
          "size": [
            2,
            2
          ]
        }
      },
      {
                                      "selector_group_lable_1@settings_common.selector_group_label": {
          "text": "-Music Player , Unlocked Hidden Settings , Organized Settings",
                              "text_alignment": "center",
                    "font_type": "smooth"
                    }
                    },
                    {
                            "spacer_1": {
          "type": "panel",
          "size": [
            2,
            2
          ]
        }
      },
      {
                                      "selector_group_lable_1@settings_common.selector_group_label": {
          "text": "-Reduced Rain and Splash water, No Pumpkin Blur , Java Hud",
                              "text_alignment": "center",
                    "font_type": "smooth"
                                        }
                    },
                    {
                            "spacer_1": {
          "type": "panel",
          "size": [
            2,
            2
          ]
        }
      },
      {
                                            "selector_group_lable_1@settings_common.selector_group_label": {
          "text": "-No TNT Particles, Java Ui Tweaks, No Pumpkin Blur",
                              "text_alignment": "center",
                    "font_type": "smooth"
                                        }
                    },
                    {
                        "credits@settings_common.selector_group_label": {
          "font_type": "smooth",
                              "text_alignment": "center",
                        "font_scale_factor": 1.4,
          "text": "Credits"
          }
          },
          {
                  "spacer_1": {
          "type": "panel",
          "size": [
            2,
            2
          ]
        }
      },
      {
        "selector_group_lable_1@settings_common.selector_group_label": {
          "text": "Controller Ponter Made By PuPDoesThings",
                    "font_type": "smooth",
                                        "text_alignment": "center"
                                                                                                                                }
      },
      {
              "spacer_1": {
          "type": "panel",
          "size": [
            2,
            2
          ]
        }
      },
      {
        "selector_group_lable_1@settings_common.selector_group_label": {
          "text": "Full Grass By @Offroaders123",
                    "font_type": "smooth",
                                        "text_alignment": "center"
       }
      },
      {
              "spacer_1": {
          "type": "panel",
          "size": [
            2,
            2
          ]
        }
      },
      {
        "selector_group_lable_1@settings_common.selector_group_label": {
          "text": "@Zkeviin For letting me use The Panorama",
                    "font_type": "smooth",
                                        "text_alignment": "center"
                                               }
      },
      {
              "spacer_1": {
          "type": "panel",
          "size": [
            2,
            2
          ]
        }
      },
      {
        "selector_group_lable_1@settings_common.selector_group_label": {
          "text": "@Ambient For letting me use Java Hand",
                    "font_type": "smooth",
                                        "text_alignment": "center"
                                        
        }
      }
    ]
  }
}