{
  "namespace": "Start_Screen",

  "base_screen@common.base_screen": {
    "$screen_animations": [],
    "$screen_content": "Start_Screen.Content_Panel"
  },

  "Content_Panel": {
    "type": "panel",
    "controls": [
      {"@content.frames":{}},
      {"@content.BG_BLURRED":{}},
      {"@content.bar":{}},
      {"@content.panel":{}},
      {"@Main_Screen_Render.settings":{}},
      {"@Main_Screen_Render.play":{}},
      {"@Main_Screen_Render.exit":{}},
      {"@Main_Screen_Render.skin":{}},
      {"@Main_Screen_Render.Labels":{}},
      {"@Main_Screen_Render.gamertag":{}},
      {"@Main_Screen_Render.store":{}},
      {"@Main_Screen_Render.title":{}},
      {"@Main_Screen_Render.logo":{}},
    ]
  }
}