{
  "namespace": "Main_Screen_Render",
  "Info": {
    "type": "label",
    "layer": 999,
    "offset": [8,-8],
    "text": "TigerClient Version 7.0 (Launcher UI/New)",
    "shadow": false,
    "font_type": "smooth",
    "font_scale_factor": 1.0,
    "alpha": 0.6,
    "anchor_from": "top_left",
    "anchor_to": "top_left"
  },
  "copyright": {
    "type": "label",
    "layer": 999,
    "offset": [-8,-8],
    "text": "Copyright Mojang Studios. Do not distribute!",
    "font_type": "smooth",
    "shadow": false,
    "font_scale_factor": 1.0,
    "alpha": 0.6,
    "max_size": ["100%","100%"],
    "anchor_from": "top_right",
    "anchor_to": "top_right"
  },
  "Labels": {
    "type": "panel",
    "layer": 999,
    "size": ["100%-2px",10],
    "offset": [0,-2],
    "anchor_from": "bottom_middle",
    "anchor_to": "bottom_middle",
    "controls": [
      {"Info@Main_Screen_Render.Info": {}
      },
      {"copyright@Main_Screen_Render.copyright": {}
      }
    ]
  },
  "title": {
  "type": "image",
  "texture": "ui/BadTiger_Assets/img/top_title",
    "anchor_from": "top_left",
    "anchor_to": "top_left",
    "size": [ 90, 90 ],
    "offset": [ 2, -27],
    "layer": 10
  },
  "gamertag": {
  "layer": 999,
    "type": "panel",
    "anchor_to": "top_right",
    "anchor_from": "top_right",
    "offset": [
      -55,
      5
    ],
    "size": [
      60,
      32
    ],
    "controls": [
      {
        "gmrbg": {
          "type": "image",
          "texture": "ui/BadTiger_Assets/img/BG1",
          "offset": [
            0,
            -4
          ],
          "size": [
            105,
            20
          ],
          "layer": 1
        }
      },
      {
        "stacked_column": {
          "type": "stack_panel",
          "size": [
            "100%",
            "100%"
          ],
          "offset": [
            -20,
            5
          ],
          "orientation": "horizontal",
          "controls": [
            {
              "gamertag_pic_and_label": {
                "type": "stack_panel",
                "orientation": "horizontal",
                "size": [
                  10,
                  10
                ],
                "controls": [
                  {
                    "gamerpic_with_border": {
                      "type": "panel",
                      "size": [
                        "100%c",
                        "100%"
                      ],
                      "controls": [
                        {
                          "gamerpic": {
                            "type": "image",
                            "size": [
                              14,
                              13
                            ],
                            "offset": [
                              0,
                              2
                            ],
                            "layer": 2,
                            "bindings": [
                              {
                                "binding_name": "#gamerpic_texture_path",
                                "binding_name_override": "#texture"
                              },
                              {
                                "binding_name": "#gamerpic_texture_location_type",
                                "binding_name_override": "#texture_file_system"
                              }
                            ]
                          }
                        }
                      ]
                    }
                  },
                  {
                    "spacer": {
                      "type": "panel",
                      "size": [
                        1,
                        0
                      ]
                    }
                  },
                  {
                    "label_panel": {
                      "type": "panel",
                      "size": [
                        "100%c",
                        "100%"
                      ],
                      "controls": [
                        {
                          "gamertag_label": {
                            "type": "label",
                            "color": [ 1.0, 1.0, 1.0 ],
                            "layer": 2,
                            "text": "#gamertag_label",
                            "locked_alpha": 0.5,
                            "size": [
                              "default",
                              "100%"
                            ],
                            "font_type": "smooth",
                            "offset": [
                              0,
                              "25%"
                            ],
                            "bindings": [
                              {
                                "binding_name": "#gamertag_label"
                              }
                            ]
                          }
                        }
                      ]
                    }
                  }
                ],
                "bindings": [
                  {
                    "binding_name": "#gamertag_pic_and_label_visible",
                    "binding_name_override": "#visible"
                  }
                ]
              }
            }
          ]
        }
      }
    ]
  },
	 "play@common_buttons.light_text_button": {
    "$pressed_button_name": "button.menu_play",
    "anchor_from": "center",
    "anchor_to": "center",
    "size": [140, 50],
    "offset":[0,-60],
    "$default_button_texture|default": "ui/BadTiger_Assets/img/center_button",
    "$hover_button_texture|default": "ui/BadTiger_Assets/img/center_hover",
    "$pressed_button_texture|default": "ui/BadTiger_Assets/img/center_hover",
    "$button_text": "P L A Y  G A M E",
    "$button_font_scale_factor|default": 1.4
    },
  "settings@common_buttons.light_text_button": {
    "$pressed_button_name": "button.menu_settings",
    "anchor_from": "top_middle",
    "anchor_to": "top_middle",
    "size": [45, 20],
    "offset":[0,7],
    "$default_button_texture|default": "ui/BadTiger_Assets/img/top_button_default",
    "$hover_button_texture|default": "ui/BadTiger_Assets/img/top_button_hover",
    "$pressed_button_texture|default": "ui/BadTiger_Assets/img/top_button_press",
    "$button_text": "Settings",
    "font_scale_factor": 0.8
    },
   "store@common_buttons.light_text_button": {
    "$pressed_button_name": "button.menu_store",
    "anchor_from": "top_middle",
    "anchor_to": "top_middle",
    "size": [45, 20],
    "offset":[45,7],
    "$default_button_texture|default": "ui/BadTiger_Assets/img/top_button_default",
    "$hover_button_texture|default": "ui/BadTiger_Assets/img/top_button_hover",
    "$pressed_button_texture|default": "ui/BadTiger_Assets/img/top_button_press",
    "$button_text": "Store",
    "font_scale_factor": 0.8
    },
      "feedback@common_buttons.light_text_button": {
    "$button_text": "Support",
    "font_scale_factor": 0.8,
    "$default_button_texture|default": "ui/BadTiger_Assets/img/top_button_default",
    "$hover_button_texture|default": "ui/BadTiger_Assets/img/top_button_hover",
    "$pressed_button_texture|default": "ui/BadTiger_Assets/img/top_button_press",
    "$pressed_button_name": "button.menu_open_uri",
    "property_bag": {
      "#hyperlink": "https://aka.ms/minecraftfb"
    }
    },
  "exit@cb_buttons.custom_content_button_white": {
    "anchor_from": "top_right",
    "anchor_to": "top_right",
    "size": [24, 24],
    "offset":[-5,5],
    "$default_button_texture|default": "ui/BadTiger_Assets/img/BG1",
    "$hover_button_texture|default": "ui/BadTiger_Assets/img/BG2",
    "$pressed_button_texture|default": "ui/BadTiger_Assets/img/BG2",
    "$pressed_button_name": "button.menu_exit",
    "$button_content": "content.exit"
    },
  "skin@common_buttons.light_text_button": {
    "anchor_from": "top_middle",
    "anchor_to": "top_middle",
    "layer": 10,
    "size": [45, 20],
    "offset":[-45,7],
    "$default_button_texture|default": "ui/BadTiger_Assets/img/top_button_default",
    "$hover_button_texture|default": "ui/BadTiger_Assets/img/top_button_hover",
    "$pressed_button_texture|default": "ui/BadTiger_Assets/img/top_button_press",
    "$pressed_button_name": "button.menu_skins",
    "$button_text": "Skins",
    "font_scale_factor": 0.8
    }