
{
  "namespace": "pause_menu_janger",

  "pause_menu_screen_content_panel": {
    "type": "panel",
    "controls": [
      { "pause_menu_content_panel@pause_menu_content_panel": {} },
      { "gamepad_helpers@players_menu_janger.gamepad_helpers": {} },
      { "invite_players_content_panel@players_menu_janger.players_menu_content_panel": {} },
      { "keyboard_helpers@players_menu_janger.keyboard_helpers": {} }
    ]
  },
  "pause_menu_content_panel": {
    "type": "panel",
    "$title_text": "",
    "controls": [
      { "menu_content_panel@pause_menu_janger.menu_content_panel": {} }
    ],
    "bindings": [
      {
        "binding_type": "view",
        "source_control_name": "players_menu_view",
        "source_property_name": "(not #toggle_state)",
        "target_property_name": "#visible"
      }
    ]
  },
 "pause_screen_icon@main_button.main_button": {
  "type": "image",
  "texture": "textures/mainmenu/main_logo",
    "size": [ 200, 200 ], 
    "anchor_from": "center",
    "anchor_to": "center",
    "offset": [ 0, -40],
    "layer": 999
  },

  "menu_content_panel": {
    "type": "panel",
    "controls": [
      { "pause_screen_icon@pause_screen_icon": {} },
      {"feed_button@feed_button": {}},
      { "return_to_game_button@pause_menu_janger.return_to_game_button": {} },
      { "players_menu_button@players_menu_janger.players_menu_button": { } },
      {"store_button@store_button": {}},
      { "achievements_button@pause_menu_janger.achievements_button": {} },
      { "take_screenshot_button@pause_menu_janger.take_screenshot_button": { } },
      { "settings_button@pause_menu_janger.settings_button": { } },
      { "profile_button@pause_menu_janger.profile_button": { } },
      { "quit_button@pause_menu_janger.quit_button": {  } }
    ]
  },
     "return_to_game_button@common_buttons.light_text_button": {
    "size": [ 95, 25 ],
    "offset": [ 0, 0 ],
    "$default_button_texture|default": "ui/BadTiger_Assets/img/BG_DARK",
    "$hover_button_texture|default": "ui/BadTiger_Assets/img/BG2",
    "$pressed_button_texture|default": "ui/BadTiger_Assets/img/BG2",
    "$button_text": "RESUME",
    "$locked_button_texture|default": "ui/BadTiger_Assets/img/BG2",
    "$pressed_no_hover_texture|default": "ui/BadTiger_Assets/img/BG2",
    "$pressed_button_name": "button.menu_continue"
  },
  "achievements_button@cb_buttons.custom_content_button_white": {
    "size": [ 23, 23 ],
    "$default_button_texture|default": "ui/BadTiger_Assets/img/BG_DARK",
    "$hover_button_texture|default": "ui/BadTiger_Assets/img/BG2",
    "$pressed_button_texture|default": "ui/BadTiger_Assets/img/BG2",
    "$locked_button_texture|default": "ui/BadTiger_Assets/img/BG2",
    "$pressed_no_hover_texture|default": "ui/BadTiger_Assets/img/BG2",
    "$pressed_button_name": "button.menu_achievements",
    "$button_content": "content.ach",
    "anchor_from": "top_right",
    "anchor_to": "top_right",
    "offset": [ 0, 46  ]
  },
  "take_screenshot_button@cb_buttons.custom_content_button_white": {
    "$pressed_button_name": "button.screenshot",
    "anchor_from": "bottom_left",
    "sound_name": "random.screenshot",
    "sound_volume": 1.0,
    "sound_pitch": 1.0,
    "anchor_to": "bottom_left",
    "offset": [ 0, 0  ],
    "$default_button_texture|default": "ui/BadTiger_Assets/img/BG_DARK",
    "$hover_button_texture|default": "ui/BadTiger_Assets/img/BG2",
    "$pressed_button_texture|default": "ui/BadTiger_Assets/img/BG2",
    "$locked_button_texture|default": "ui/BadTiger_Assets/img/BG2",
    "$pressed_no_hover_texture|default": "ui/BadTiger_Assets/img/BG2",
    "size": [ 23, 23 ],
    "$button_content": "content.screenshot"
  },
    "quit_button@cb_buttons.custom_content_button_white": {
    "size": [ 23, 23 ],
    "offset": [24,0  ],
    "anchor_from": "bottom_left",
    "anchor_to": "bottom_left",
    "$button_content": "content.exit_new",
    "$default_button_texture|default": "ui/BadTiger_Assets/img/BG_DARK",
    "$hover_button_texture|default": "ui/BadTiger_Assets/img/BG2",
    "$pressed_button_texture|default": "ui/BadTiger_Assets/img/BG2",
    "$locked_button_texture|default": "ui/BadTiger_Assets/img/BG2",
    "$pressed_no_hover_texture|default": "ui/BadTiger_Assets/img/BG2",
    "$pressed_button_name": "button.menu_quit"
  },
  "store_button@cb_buttons.custom_content_button_white": {
    "anchor_from": "top_right",
    "anchor_to": "top_right",
    "$default_button_texture|default": "ui/BadTiger_Assets/img/BG_DARK",
    "$button_content": "content.store_new",
    "$hover_button_texture|default": "ui/BadTiger_Assets/img/BG2",
    "$pressed_button_texture|default": "ui/BadTiger_Assets/img/BG2",
    "$locked_button_texture|default": "ui/BadTiger_Assets/img/BG2",
    "$pressed_no_hover_texture|default": "ui/BadTiger_Assets/img/BG2",
    "size": [ 23, 23 ],
    "$pressed_button_name": "button.menu_store",
     "offset": [ 0, 0 ]
  },

  "profile_button@cb_buttons.custom_content_button_white": {
    "size": [ 25, 25 ],
    "$button_content": "content.profile_new",
    "$pressed_button_name": "button.to_profile_or_skins_screen",
    "offset": [ 60, 0 ],
    "$default_button_texture|default": "ui/BadTiger_Assets/img/BG_DARK",
    "$hover_button_texture|default": "ui/BadTiger_Assets/img/BG2",
    "$pressed_button_texture|default": "ui/BadTiger_Assets/img/BG2",
    "$locked_button_texture|default": "ui/BadTiger_Assets/img/BG2",
    "$pressed_no_hover_texture|default": "ui/BadTiger_Assets/img/BG2"
  },

  "settings_button@cb_buttons.custom_content_button_white": {
    "size": [ 25, 25 ],
    "$button_content": "content.settings_new",
    "offset": [ -60, 0 ],
    "$default_button_texture|default": "ui/BadTiger_Assets/img/BG_DARK",
    "$hover_button_texture|default": "ui/BadTiger_Assets/img/BG2",
    "$pressed_button_texture|default": "ui/BadTiger_Assets/img/BG2",
    "$locked_button_texture|default": "ui/BadTiger_Assets/img/BG2",
    "$pressed_no_hover_texture|default": "ui/BadTiger_Assets/img/BG2",
    "$pressed_button_name": "button.menu_settings"
  },
  "feed_button@cb_buttons.custom_content_button_white": {
    "size": [ 23, 23 ],
    "anchor_from": "top_right",
    "anchor_to": "top_right",
    "$button_content": "content.gallery",
    "$default_button_texture|default": "ui/BadTiger_Assets/img/BG_DARK",
    "$hover_button_texture|default": "ui/BadTiger_Assets/img/BG2",
    "$pressed_button_texture|default": "ui/BadTiger_Assets/img/BG2",
    "$locked_button_texture|default": "ui/BadTiger_Assets/img/BG2",
    "$pressed_no_hover_texture|default": "ui/BadTiger_Assets/img/BG2",
    "offset": [ 0,23  ],
    "$pressed_button_name": "button.menu_feed"
   },   
  "gamepad_helpers": {
    "type": "panel",
    "anchor_from": "bottom_middle",
    "anchor_to": "bottom_middle",
    "offset": [ -66, "-4px" ],
    "size": [ "100%c", 10 ],
    "layer": 10,
    "visible": "($win10_edition and $is_holographic)",
    "controls": [
      { "gamepad_helper_y@common.gamepad_helper_y": {} }
    ]
  },
  "keyboard_helpers": {
    "type": "panel",
    "anchor_from": "bottom_middle",
    "anchor_to": "bottom_middle",
    "offset": [ -66, "-4px" ],
    "size": [ "100%c", 10 ],
    "layer": 10,
    "visible": "($win10_edition and $is_holographic)",
    "$keyboard_helper_visible_binding": "#edu_keyboard_helper_visible",
    "$ignore_image": true,
    "controls": [
      { "keyboard_helper_keys@common.keyboard_helper_keys": {} }
    ]
  }
}