{"format_version":"1.8.0","animations":{"animation.spark_portals.portal.ambient_sound":{"loop":true,"animation_length":2,"sound_effects":{"0.0":[{"effect":"portal_passive"}]}},"animation.spark_portals.portal.state":{"loop":true,"animation_length":1,"bones":{"root":{"position":[0,"-Math.mod(q.position(1), 1) / 4",0],"rotation":[0,"-q.body_y_rotation + Math.round(q.body_y_rotation / 90) * 90",0]},"glow_flat":{"scale":[1,1,"1 + q.distance_from_camera / 1000"]},"back":{"scale":["1 - q.distance_from_camera / 1000","1 - q.distance_from_camera / 1000",1]}},"particle_effects":{"0.0":{"effect":"fireflies"}}}}}
