{
  "texture_data": {
    "fluffyalien_asn:storage_interface_ui_item_back": {
      "textures": "textures/fluffyalien/asn/ui/storage_interface/previous_page"
    },
    "fluffyalien_asn:storage_interface_ui_item_cancel_search": {
      "textures": "textures/fluffyalien/asn/ui/storage_interface/cancel_search"
    },
    "fluffyalien_asn:storage_interface_ui_item_next": {
      "textures": "textures/fluffyalien/asn/ui/storage_interface/next_page"
    },
    "fluffyalien_asn:storage_interface_ui_item_search": {
      "textures": "textures/fluffyalien/asn/ui/storage_interface/search"
    },
    "fluffyalien_asn:storage_disk": {
      "textures": "textures/fluffyalien/asn/items/storage_disk"
    },
    "fluffyalien_asn:storage_disk_casing": {
      "textures": "textures/fluffyalien/asn/items/storage_disk_casing"
    },
    "fluffyalien_asn:storage_disk_core": {
      "textures": "textures/fluffyalien/asn/items/storage_disk_core"
    },
    "fluffyalien_asn:wireless_interface": {
      "textures": "textures/fluffyalien/asn/items/wireless_interface"
    },
    "fluffyalien_asn:wireless_interface_antenna": {
      "textures": "textures/fluffyalien/asn/items/wireless_interface_antenna"
    }
  }
}
