{"format_version":"1.20.10","minecraft:entity":{"description":{"identifier":"spark_portals:guide_book","is_summonable":true,"is_spawnable":true,"animations":{"yeet":"animation.spark_portals.guide_book.yeet"},"scripts":{"animate":[{"yeet":"q.property('spark:state') == 'pickup'"}]},"properties":{"spark:page":{"client_sync":true,"type":"int","default":0,"range":[0,4]},"spark:waiting_for_process":{"client_sync":false,"type":"bool","default":false},"spark:state":{"client_sync":true,"default":"spawned","type":"enum","values":["idle","spawned","left","right","pickup"]}}},"components":{"minecraft:type_family":{"family":["spark_guide_book"]},"minecraft:collision_box":{"height":1,"width":0},"minecraft:damage_sensor":{"triggers":[{"cause":"entity_attack","on_damage":{"filters":{"all_of":[{"test":"is_family","subject":"other","value":"player"},{"test":"enum_property","domain":"spark:state","subject":"self","operator":"!=","value":"spawned"},{"test":"enum_property","domain":"spark:state","subject":"self","operator":"!=","value":"pickup"}]},"event":"spark:pickup"},"deals_damage":false},{"cause":"all","deals_damage":false}]},"minecraft:custom_hit_test":{"hitboxes":[{"width":2,"height":2,"pivot":[0,1,0]}]},"minecraft:interact":{"interactions":[{"swing":true,"use_item":false,"take_item":false,"cooldown":1.5,"on_interact":{"filters":[{"all_of":[{"test":"is_family","subject":"other","value":"player"},{"test":"bool_property","domain":"spark:waiting_for_process","subject":"self","value":false},{"test":"enum_property","domain":"spark:state","subject":"self","operator":"!=","value":"spawned"}]}],"target":"self","event":"spark:set_triggered"}}]},"minecraft:equipment":{"table":"loot_tables/spark/portals/guidebook.json"},"minecraft:physics":{}},"component_groups":{"spark_portals:despawn":{"minecraft:instant_despawn":{}},"spark:pickup":{"minecraft:timer":{"time":0.75,"time_down_event":{"event":"spark:despawn"}}},"spark:despawn":{"minecraft:transformation":{"drop_inventory":true,"drop_equipment":true,"into":"minecraft:area_effect_cloud"}},"spark:reset_state":{"minecraft:timer":{"time":0.1,"looping":false,"time_down_event":{"event":"spark:reset_state","target":"self"}}},"spark:intro_state":{"minecraft:timer":{"time":1.5,"looping":false,"time_down_event":{"event":"spark:reset_state","target":"self"}}}},"events":{"minecraft:entity_spawned":{"add":{"component_groups":["spark:intro_state"]}},"spark:pickup":{"add":{"component_groups":["spark:pickup"]},"set_property":{"spark:state":"pickup"}},"spark:reset_state":{"set_property":{"spark:state":"idle"},"remove":{"component_groups":["spark:reset_state"]}},"spark:despawn":{"add":{"component_groups":["spark:despawn"]}},"spark:set_triggered":{"set_property":{"spark:waiting_for_process":true}},"spark:guide_book_back":{"set_property":{"spark:page":"q.property('spark:page') > 0 ? q.property('spark:page') - 1 : 4"}},"spark:trigger_back_animation":{"set_property":{"spark:state":"left"},"add":{"component_groups":["spark:reset_state"]}},"spark:guide_book_forward":{"set_property":{"spark:page":"q.property('spark:page') < 4 ? q.property('spark:page') + 1 : 0"}},"spark:trigger_forward_animation":{"set_property":{"spark:state":"right"},"add":{"component_groups":["spark:reset_state"]}}}}}
