{"format_version":"1.20.41","minecraft:entity":{"description":{"identifier":"spark_portals:portal_loader","is_spawnable":false,"is_summonable":true},"component_groups":{"spark_portals:despawn":{"minecraft:instant_despawn":{"remove_child_entities":false}}},"components":{"minecraft:tick_world":{"distance_to_players":16000000,"never_despawn":false,"radius":2},"minecraft:timer":{"time":30,"looping":true,"time_down_event":{"event":"spark_portals:despawn","target":"self"}}},"events":{"spark_portals:despawn":{"add":{"component_groups":["spark_portals:despawn"]}}}}}
