{"format_version":"1.20.10","minecraft:entity":{"description":{"identifier":"spark_portals:portal_marker","is_summonable":true,"properties":{"spark_portals:is_complete":{"type":"bool","default":false},"spark_portals:color_id":{"type":"int","default":-1,"client_sync":true,"range":[-1,15]}}},"components":{"minecraft:type_family":{"family":["spark_portals"]},"minecraft:collision_box":{"height":0,"width":0},"minecraft:damage_sensor":{"triggers":[{"cause":"all","deals_damage":false}]},"minecraft:knockback_resistance":{"value":100,"maximum":100},"minecraft:physics":{"has_collision":false,"has_gravity":false}},"component_groups":{"spark_portals:despawn":{"minecraft:instant_despawn":{}}},"events":{"spark_portals:despawn":{"add":{"component_groups":["spark_portals:despawn"]}},"spark_portals:portal_complete":{"set_property":{"spark_portals:is_complete":true}},"spark_portals:portal_incomplete":{"set_property":{"spark_portals:is_complete":false}},"spark_portals:set_color_black":{"set_property":{"spark_portals:color_id":0}},"spark_portals:set_color_blue":{"set_property":{"spark_portals:color_id":1}},"spark_portals:set_color_brown":{"set_property":{"spark_portals:color_id":2}},"spark_portals:set_color_cyan":{"set_property":{"spark_portals:color_id":3}},"spark_portals:set_color_gray":{"set_property":{"spark_portals:color_id":4}},"spark_portals:set_color_green":{"set_property":{"spark_portals:color_id":5}},"spark_portals:set_color_light_blue":{"set_property":{"spark_portals:color_id":6}},"spark_portals:set_color_light_gray":{"set_property":{"spark_portals:color_id":7}},"spark_portals:set_color_lime":{"set_property":{"spark_portals:color_id":8}},"spark_portals:set_color_magenta":{"set_property":{"spark_portals:color_id":9}},"spark_portals:set_color_orange":{"set_property":{"spark_portals:color_id":10}},"spark_portals:set_color_pink":{"set_property":{"spark_portals:color_id":11}},"spark_portals:set_color_purple":{"set_property":{"spark_portals:color_id":12}},"spark_portals:set_color_red":{"set_property":{"spark_portals:color_id":13}},"spark_portals:set_color_white":{"set_property":{"spark_portals:color_id":14}},"spark_portals:set_color_yellow":{"set_property":{"spark_portals:color_id":15}}}}}
