
[
	
	{
		"pack_id" : "f37fc710-ec6c-4959-ab72-b477ec0c0f94",
		"version" : [ 1, 0, 6 ]
	},
	
	{
		"pack_id" : "b94dadc9-348e-4136-ad2b-e418cdcad203",
		"version" : [ 2, 0, 0 ]
	},
	
	{
		"pack_id" : "c9d98095-ce37-4fab-8cd0-784678780f30",
		"version" : [ 1, 0, 0 ]
	},
	
	{
		"pack_id" : "18a38ae1-5c67-4395-b2bd-3d465d9e04ad",
		"version" : [ 1, 0, 0 ]
	},
	
	{
		"pack_id" : "d86d7de1-d08b-4814-99c7-b9cbbe9b65c4",
		"version" : [ 1, 0, 0 ]
	},
	
	{
		"pack_id" : "24856497-a392-4f5b-8be3-e0f710d994e2",
		"version" : [ 1, 0, 0 ]
	},
	
	{
		"pack_id" : "6b7b3290-425e-4d80-9ce4-6f200df9c1f4",
		"version" : [ 1, 0, 0 ]
	},
	
	{
		"pack_id" : "678693a8-43c5-425e-97a6-2314aad3a08a",
		"version" : [ 1, 0, 0 ]
	},
	
	{
		"pack_id" : "6ab9ea25-fb32-465b-9b08-5c77f00645c7",
		"version" : [ 1, 0, 0 ]
	},
	
	{
		"pack_id" : "1dd13761-0471-43af-a127-82bcf405a0e0",
		"version" : [ 1, 0, 0 ]
	},
	
	{
		"pack_id" : "113a422d-7436-461b-83dd-22064d63da99",
		"version" : [ 2, 5, 0 ]
	},
	
	{
		"pack_id" : "162f0fd5-0c1a-45ab-b410-e8fa1fa11df0",
		"version" : [ 1, 0, 0 ]
	},
	
	{
		"pack_id" : "aae708d8-72e2-41d8-946e-70189783a213",
		"version" : [ 2, 2, 0 ]
	}
]
