{
    "format_version": "1.10.0",
    "minecraft:client_entity": {
        "description": {
            "identifier": "alchemistry_energy:transmutation_table_display",
            "materials": {
                "default": "slime_outer"
            },
            "animations": {
                "default": "animation.vatonage.book.default",
                "closed": "animation.vatonage.book.closed",
                "upperdown": "animation.vatonage.book.upperdown",
                "closedRotation": "animation.vatonage.book.closedRotation",
                "openedRotation": "animation.vatonage.book.openedRotation",
                "basic": "controller.animation.vatonage.book.work",
                "openandclose": "controller.animation.vatonage.book.active"
            },
            "geometry": {
                "default": "geometry.book",
                "block": "geometry.transmutation_table"
            },
            "particle_effects": {
                "glow": "alchemistry_energy:glow_particle"
            },
            "textures": {
                "default": "textures/entity/book"
            },
            "scripts": {
                "initialize": [
                    "v.book_rotation;"
                ],
                "animate": [
                    {"basic": "q.property('alchemistry_energy:book') == true"},
                    {"openandclose": "q.property('alchemistry_energy:book') == true"}
                ]
            },
            "render_controllers": [
               { "controller.render.default": "q.property('alchemistry_energy:book')"}
            ]
        }
    }
}