{
	"format_version": "1.12.0",
	"minecraft:geometry": [
		{
			"description": {
				"identifier": "geometry.vatonage.botany_pot",
				"texture_width": 16,
				"texture_height": 16,
				"visible_bounds_width": 4,
				"visible_bounds_height": 3,
				"visible_bounds_offset": [0, 0.5, 0]
			},
			"bones": [
				{
					"name": "bone",
					"pivot": [0, 0, 0],
					"cubes": [
						{
							"origin": [-8, 0, -8],
							"size": [16, 2, 16],
							"uv": {
								"north": {"uv": [0, 14], "uv_size": [16, 2]},
								"east": {"uv": [0, 14], "uv_size": [16, 2]},
								"south": {"uv": [0, 16], "uv_size": [16, -2]},
								"west": {"uv": [0, 14], "uv_size": [16, 2]},
								"up": {"uv": [0, 0], "uv_size": [16, 16]},
								"down": {"uv": [0, 16], "uv_size": [16, -16]}
							}
						},
						{
							"origin": [-8, 2, -8],
							"size": [2, 8, 16],
							"uv": {
								"north": {"uv": [0, 6], "uv_size": [2, 8]},
								"east": {"uv": [0, 6], "uv_size": [16, 8]},
								"south": {"uv": [14, 6], "uv_size": [2, 8]},
								"west": {"uv": [0, 6], "uv_size": [16, 8]},
								"up": {"uv": [14, 0], "uv_size": [2, 16]},
								"down": {"uv": [0, 16], "uv_size": [2, -16]}
							}
						},
						{
							"origin": [6, 2, -8],
							"size": [2, 8, 16],
							"uv": {
								"north": {"uv": [0, 6], "uv_size": [2, 8]},
								"east": {"uv": [0, 6], "uv_size": [16, 8]},
								"south": {"uv": [14, 6], "uv_size": [2, 8]},
								"west": {"uv": [0, 6], "uv_size": [16, 8]},
								"up": {"uv": [14, 0], "uv_size": [2, 16]},
								"down": {"uv": [0, 16], "uv_size": [2, -16]}
							}
						},
						{
							"origin": [-6, 2, 6],
							"size": [12, 8, 2],
							"uv": {
								"north": {"uv": [2, 6], "uv_size": [12, 8]},
								"east": {"uv": [0, 6], "uv_size": [2, 8]},
								"south": {"uv": [2, 6], "uv_size": [12, 8]},
								"west": {"uv": [14, 6], "uv_size": [2, 8]},
								"up": {"uv": [2, 0], "uv_size": [12, 2]},
								"down": {"uv": [2, 2], "uv_size": [12, -2]}
							}
						},
						{
							"origin": [-6, 2, -8],
							"size": [12, 8, 2],
							"uv": {
								"north": {"uv": [2, 6], "uv_size": [12, 8]},
								"east": {"uv": [0, 6], "uv_size": [2, 8]},
								"south": {"uv": [2, 6], "uv_size": [12, 8]},
								"west": {"uv": [14, 6], "uv_size": [2, 8]},
								"up": {"uv": [2, 0], "uv_size": [12, 2]},
								"down": {"uv": [2, 0], "uv_size": [12, 2]}
							}
						}
					]
				}
			]
		}
	]
}