{
	"format_version": "1.12.0",
	"minecraft:geometry": [
		{
			"description": {
				"identifier": "geometry.dm_pedestal",
				"texture_width": 16,
				"texture_height": 16,
				"visible_bounds_width": 2,
				"visible_bounds_height": 2.5,
				"visible_bounds_offset": [0, 0.75, 0]
			},
			"bones": [
				{
					"name": "bone",
					"pivot": [0, 0, 0],
					"cubes": [
						{
							"origin": [-5, 0, -5],
							"size": [10, 2, 10],
							"uv": {
								"north": {"uv": [5, 14], "uv_size": [10, 2]},
								"east": {"uv": [5, 14], "uv_size": [10, 2]},
								"south": {"uv": [1, 13], "uv_size": [10, 2]},
								"west": {"uv": [4, 13], "uv_size": [10, 2]},
								"up": {"uv": [13, 13], "uv_size": [-10, -10]},
								"down": {"uv": [13, 13], "uv_size": [-10, -10]}
							}
						},
						{
							"origin": [-2, 2, -2],
							"size": [4, 7, 4],
							"uv": {
								"north": {"uv": [6, 4], "uv_size": [-4, 7]},
								"east": {"uv": [6, 4], "uv_size": [-4, 7]},
								"south": {"uv": [6, 4], "uv_size": [-4, 7]},
								"west": {"uv": [6, 4], "uv_size": [-4, 7]}
							}
						},
						{
							"origin": [-3, 9, -3],
							"size": [6, 1, 6],
							"uv": {
								"north": {"uv": [3, 2], "uv_size": [6, 1]},
								"east": {"uv": [3, 2], "uv_size": [6, 1]},
								"south": {"uv": [6, 3], "uv_size": [6, 1]},
								"west": {"uv": [1, 1], "uv_size": [6, 1]},
								"up": {"uv": [7, 7], "uv_size": [-6, -6]},
								"down": {"uv": [7, 7], "uv_size": [-6, -6]}
							}
						}
					]
				}
			]
		}
	]
}