{
	"format_version": "1.12.0",
	"minecraft:geometry": [
		{
			"description": {
				"identifier": "geometry.advanced_generator_model",
				"texture_width": 128,
				"texture_height": 128,
				"visible_bounds_width": 2,
				"visible_bounds_height": 2.5,
				"visible_bounds_offset": [
					0,
					0.75,
					0
				]
			},
			"bones": [
				{
					"name": "bb_main",
					"pivot": [
						0,
						0,
						0
					],
					"cubes": [
						{
							"origin": [
								-8,
								0,
								-8
							],
							"size": [
								4,
								10,
								4
							],
							"uv": [
								17,
								49
							]
						},
						{
							"origin": [
								-6,
								12,
								-3
							],
							"size": [
								2,
								2,
								6
							],
							"uv": [
								51,
								54
							]
						},
						{
							"origin": [
								-3,
								12,
								-6
							],
							"size": [
								6,
								2,
								2
							],
							"uv": [
								66,
								0
							]
						},
						{
							"origin": [
								-8,
								2,
								-4
							],
							"size": [
								4,
								2,
								8
							],
							"uv": [
								0,
								38
							]
						},
						{
							"origin": [
								-8,
								0,
								4
							],
							"size": [
								4,
								10,
								4
							],
							"uv": [
								49,
								0
							]
						},
						{
							"origin": [
								-4,
								2,
								-8
							],
							"size": [
								8,
								2,
								16
							],
							"uv": [
								0,
								19
							]
						},
						{
							"origin": [
								-3,
								9,
								-3
							],
							"size": [
								6,
								1,
								6
							],
							"uv": [
								42,
								38
							]
						},
						{
							"origin": [
								-2,
								5,
								-2
							],
							"size": [
								4,
								4,
								4
							],
							"uv": [
								17,
								64
							]
						},
						{
							"origin": [
								-3,
								4,
								-3
							],
							"size": [
								6,
								1,
								6
							],
							"uv": [
								44,
								46
							]
						},
						{
							"origin": [
								4,
								0,
								-8
							],
							"size": [
								4,
								10,
								4
							],
							"uv": [
								34,
								54
							]
						},
						{
							"origin": [
								4,
								2,
								-4
							],
							"size": [
								4,
								2,
								8
							],
							"uv": [
								25,
								38
							]
						},
						{
							"origin": [
								4,
								0,
								4
							],
							"size": [
								4,
								10,
								4
							],
							"uv": [
								0,
								49
							]
						},
						{
							"origin": [
								-7,
								12,
								-7
							],
							"size": [
								4,
								4,
								4
							],
							"uv": [
								51,
								63
							]
						},
						{
							"origin": [
								-8,
								10,
								-8
							],
							"size": [
								16,
								2,
								16
							],
							"uv": [
								0,
								0
							]
						},
						{
							"origin": [
								-4,
								12,
								-4
							],
							"size": [
								8,
								3,
								8
							],
							"uv": [
								33,
								19
							]
						},
						{
							"origin": [
								3,
								12,
								-7
							],
							"size": [
								4,
								4,
								4
							],
							"uv": [
								0,
								64
							]
						},
						{
							"origin": [
								-7,
								12,
								3
							],
							"size": [
								4,
								4,
								4
							],
							"uv": [
								61,
								31
							]
						},
						{
							"origin": [
								4,
								12,
								-3
							],
							"size": [
								2,
								2,
								6
							],
							"uv": [
								59,
								15
							]
						},
						{
							"origin": [
								-3,
								12,
								4
							],
							"size": [
								6,
								2,
								2
							],
							"uv": [
								62,
								54
							]
						},
						{
							"origin": [
								3,
								12,
								3
							],
							"size": [
								4,
								4,
								4
							],
							"uv": [
								63,
								42
							]
						}
					]
				}
			]
		}
	]
}