{
	"format_version": "1.12.0",
	"minecraft:geometry": [
		{
			"description": {
				"identifier": "geometry.basic_generator_model",
				"texture_width": 128,
				"texture_height": 128,
				"visible_bounds_width": 2,
				"visible_bounds_height": 2.5,
				"visible_bounds_offset": [0, 0.75, 0]
			},
			"bones": [
				{
					"name": "bb_main",
					"pivot": [0, 0, 0],
					"cubes": [
						{"origin": [-8, 0, -8], "size": [4, 10, 4], "uv": [0, 63]},
						{"origin": [-8, 2, -4], "size": [4, 2, 8], "uv": [49, 0]},
						{"origin": [-3, 4, -3], "size": [6, 1, 6], "uv": [19, 57]},
						{"origin": [-2, 5, -2], "size": [4, 4, 4], "uv": [65, 30]},
						{"origin": [-3, 9, -3], "size": [6, 1, 6], "uv": [0, 55]},
						{"origin": [-8, 0, 4], "size": [4, 10, 4], "uv": [61, 58]},
						{"origin": [-4, 2, -8], "size": [8, 2, 16], "uv": [41, 39]},
						{"origin": [4, 0, -8], "size": [4, 10, 4], "uv": [17, 65]},
						{"origin": [4, 2, -4], "size": [4, 2, 8], "uv": [49, 19]},
						{"origin": [4, 0, 4], "size": [4, 10, 4], "uv": [44, 58]},
						{"origin": [-8, 10, -8], "size": [16, 2, 16], "uv": [0, 19]},
						{"origin": [-7, 12, -7], "size": [14, 2, 14], "uv": [0, 38]},
						{"origin": [-8, 14, -8], "size": [16, 2, 16], "uv": [0, 0]}
					]
				}
			]
		}
	]
}