{
	"format_version": "1.12.0",
	"minecraft:geometry": [
		{
			"description": {
				"identifier": "geometry.workbench_generator_model",
				"texture_width": 128,
				"texture_height": 128,
				"visible_bounds_width": 2,
				"visible_bounds_height": 2.5,
				"visible_bounds_offset": [
					0,
					0.75,
					0
				]
			},
			"bones": [
				{
					"name": "bb_main",
					"pivot": [
						0,
						0,
						0
					],
					"cubes": [
						{
							"origin": [
								-7,
								0,
								-7
							],
							"size": [
								4,
								10,
								4
							],
							"uv": [
								23,
								55
							]
						},
						{
							"origin": [
								-5,
								4,
								-8
							],
							"size": [
								10,
								6,
								1
							],
							"uv": [
								63,
								62
							]
						},
						{
							"origin": [
								-8,
								4,
								-5
							],
							"size": [
								1,
								6,
								10
							],
							"uv": [
								47,
								45
							]
						},
						{
							"origin": [
								-7,
								0,
								3
							],
							"size": [
								4,
								10,
								4
							],
							"uv": [
								49,
								19
							]
						},
						{
							"origin": [
								3,
								0,
								-7
							],
							"size": [
								4,
								10,
								4
							],
							"uv": [
								60,
								38
							]
						},
						{
							"origin": [
								3,
								0,
								3
							],
							"size": [
								4,
								10,
								4
							],
							"uv": [
								49,
								0
							]
						},
						{
							"origin": [
								7,
								4,
								-5
							],
							"size": [
								1,
								6,
								10
							],
							"uv": [
								0,
								55
							]
						},
						{
							"origin": [
								-5,
								4,
								7
							],
							"size": [
								10,
								6,
								1
							],
							"uv": [
								40,
								62
							]
						},
						{
							"origin": [
								-8,
								10,
								-8
							],
							"size": [
								16,
								2,
								16
							],
							"uv": [
								0,
								19
							]
						},
						{
							"origin": [
								-7,
								12,
								-7
							],
							"size": [
								14,
								2,
								14
							],
							"uv": [
								0,
								38
							]
						},
						{
							"origin": [
								-8,
								14,
								-8
							],
							"size": [
								16,
								2,
								16
							],
							"uv": [
								0,
								0
							]
						}
					]
				}
			]
		}
	]
}