{
  "texture_name" : "atlas.items",
  "resource_pack_name" : "vanilla",
  "texture_data" : {
    "vatonage:chicken_catcher" : {
      "textures" : "textures/items/catcher"
    },
    // Chickens
    "vatonage:amethyst_chicken" : {
      "textures" : "textures/items/chickens/amethyst"
    },
    "vatonage:coal_chicken" : {
      "textures" : "textures/items/chickens/coal"
    },
    "vatonage:copper_chicken" : {
      "textures" : "textures/items/chickens/copper"
    },
    "vatonage:diamond_chicken" : {
      "textures" : "textures/items/chickens/diamond"
    },
    "vatonage:emerald_chicken" : {
      "textures" : "textures/items/chickens/emerald"
    },
    "vatonage:ender_chicken" : {
      "textures" : "textures/items/chickens/ender"
    },
    "vatonage:gold_chicken" : {
      "textures" : "textures/items/chickens/gold"
    },
    "vatonage:iron_chicken" : {
      "textures" : "textures/items/chickens/iron"
    },
    "vatonage:netherite_chicken" : {
      "textures" : "textures/items/chickens/netherite"
    },
    "vatonage:obsidian_chicken" : {
      "textures" : "textures/items/chickens/obsidian"
    },
    "vatonage:quartz_chicken" : {
      "textures" : "textures/items/chickens/quartz"
    },
    "vatonage:vanilla_chicken" : {
      "textures" : "textures/items/chickens/vanilla"
    },
    // Arrows & Config
   "vatonage:roost_arrow_0": {
  "textures": "textures/ui/roost_arrow/roost_arrow_0"
   },
   "vatonage:roost_arrow_1": {
  "textures": "textures/ui/roost_arrow/roost_arrow_1"
   },
   "vatonage:roost_arrow_2": {
  "textures": "textures/ui/roost_arrow/roost_arrow_2"
   },
   "vatonage:roost_arrow_3": {
  "textures": "textures/ui/roost_arrow/roost_arrow_3"
   },
   "vatonage:roost_arrow_4": {
  "textures": "textures/ui/roost_arrow/roost_arrow_4"
   },
   "vatonage:roost_arrow_5": {
  "textures": "textures/ui/roost_arrow/roost_arrow_5"
   },
   "vatonage:roost_arrow_6": {
  "textures": "textures/ui/roost_arrow/roost_arrow_6"
   },
   "vatonage:roost_arrow_7": {
  "textures": "textures/ui/roost_arrow/roost_arrow_7"
   },
   "vatonage:roost_arrow_8": {
  "textures": "textures/ui/roost_arrow/roost_arrow_8"
   },
   "vatonage:roost_arrow_9": {
  "textures": "textures/ui/roost_arrow/roost_arrow_9"
   },
   "vatonage:roost_arrow_10": {
  "textures": "textures/ui/roost_arrow/roost_arrow_10"
   },
   "vatonage:roost_arrow_11": {
  "textures": "textures/ui/roost_arrow/roost_arrow_11"
   },
   "vatonage:roost_arrow_12": {
  "textures": "textures/ui/roost_arrow/roost_arrow_12"
   },
   "vatonage:roost_arrow_13": {
  "textures": "textures/ui/roost_arrow/roost_arrow_13"
   },
   "vatonage:roost_arrow_14": {
  "textures": "textures/ui/roost_arrow/roost_arrow_14"
   },
   "vatonage:roost_arrow_15": {
  "textures": "textures/ui/roost_arrow/roost_arrow_15"
   },
   "vatonage:roost_arrow_16": {
  "textures": "textures/ui/roost_arrow/roost_arrow_16"
   },
   "vatonage:roost_arrow_17": {
  "textures": "textures/ui/roost_arrow/roost_arrow_17"
   },
   "vatonage:roost_arrow_18": {
  "textures": "textures/ui/roost_arrow/roost_arrow_18"
   },
   "vatonage:roost_arrow_19": {
  "textures": "textures/ui/roost_arrow/roost_arrow_19"
   },
   "vatonage:roost_arrow_20": {
  "textures": "textures/ui/roost_arrow/roost_arrow_20"
   },
   "vatonage:roost_arrow_21": {
  "textures": "textures/ui/roost_arrow/roost_arrow_21"
   },
   "vatonage:roost_arrow_22": {
  "textures": "textures/ui/roost_arrow/roost_arrow_22"
   },
   "vatonage:roost_arrow_23": {
  "textures": "textures/ui/roost_arrow/roost_arrow_23"
   },
   "vatonage:roost_arrow_24": {
  "textures": "textures/ui/roost_arrow/roost_arrow_24"
   },
   "vatonage:roost_arrow_25": {
  "textures": "textures/ui/roost_arrow/roost_arrow_25"
   },
   "vatonage:roost_arrow_26": {
  "textures": "textures/ui/roost_arrow/roost_arrow_26"
   },
   "vatonage:breeder_arrow_0": {
  "textures": "textures/ui/breeder_arrow/breeder_arrow_0"
   },
   "vatonage:breeder_arrow_1": {
  "textures": "textures/ui/breeder_arrow/breeder_arrow_1"
   },
   "vatonage:breeder_arrow_2": {
  "textures": "textures/ui/breeder_arrow/breeder_arrow_2"
   },
   "vatonage:breeder_arrow_3": {
  "textures": "textures/ui/breeder_arrow/breeder_arrow_3"
   },
   "vatonage:breeder_arrow_4": {
  "textures": "textures/ui/breeder_arrow/breeder_arrow_4"
   },
   "vatonage:breeder_arrow_5": {
  "textures": "textures/ui/breeder_arrow/breeder_arrow_5"
   },
   "vatonage:breeder_arrow_6": {
  "textures": "textures/ui/breeder_arrow/breeder_arrow_6"
   },
   "vatonage:breeder_arrow_7": {
  "textures": "textures/ui/breeder_arrow/breeder_arrow_7"
   },
   "vatonage:breeder_arrow_8": {
  "textures": "textures/ui/breeder_arrow/breeder_arrow_8"
   },
   "vatonage:breeder_arrow_9": {
  "textures": "textures/ui/breeder_arrow/breeder_arrow_9"
   },
   "vatonage:breeder_arrow_10": {
  "textures": "textures/ui/breeder_arrow/breeder_arrow_10"
   },
   "vatonage:breeder_arrow_11": {
  "textures": "textures/ui/breeder_arrow/breeder_arrow_11"
   },
   "vatonage:breeder_arrow_12": {
  "textures": "textures/ui/breeder_arrow/breeder_arrow_12"
   },
   "vatonage:breeder_arrow_13": {
  "textures": "textures/ui/breeder_arrow/breeder_arrow_13"
   },
   "vatonage:breeder_arrow_14": {
  "textures": "textures/ui/breeder_arrow/breeder_arrow_14"
   },
   "vatonage:breeder_arrow_15": {
  "textures": "textures/ui/breeder_arrow/breeder_arrow_15"
   },
   "vatonage:breeder_arrow_16": {
  "textures": "textures/ui/breeder_arrow/breeder_arrow_16"
   },
   "vatonage:breeder_arrow_17": {
  "textures": "textures/ui/breeder_arrow/breeder_arrow_17"
   },
   "vatonage:breeder_arrow_18": {
  "textures": "textures/ui/breeder_arrow/breeder_arrow_18"
   },
   "vatonage:breeder_arrow_19": {
  "textures": "textures/ui/breeder_arrow/breeder_arrow_19"
   },
   "vatonage:breeder_arrow_20": {
  "textures": "textures/ui/breeder_arrow/breeder_arrow_20"
   },
   "vatonage:breeder_arrow_21": {
  "textures": "textures/ui/breeder_arrow/breeder_arrow_21"
   },
   "vatonage:breeder_arrow_22": {
  "textures": "textures/ui/breeder_arrow/breeder_arrow_22"
   },
   "vatonage:breeder_arrow_23": {
  "textures": "textures/ui/breeder_arrow/breeder_arrow_23"
   },
   "vatonage:breeder_arrow_24": {
  "textures": "textures/ui/breeder_arrow/breeder_arrow_24"
   },
   "vatonage:breeder_arrow_25": {
  "textures": "textures/ui/breeder_arrow/breeder_arrow_25"
   },
   "vatonage:breeder_arrow_26": {
  "textures": "textures/ui/breeder_arrow/breeder_arrow_26"
   }
  }
}
