{
  "num_mip_levels" : 4,
  "padding" : 8,
  "texture_name" : "atlas.terrain",
  "resource_pack_name" : "vanilla",
  "texture_data" : {
    "vatonage:roost" : {
      "textures" : "textures/blocks/roost"
    },
    "vatonage:breeder" : {
      "textures" : "textures/blocks/breeder"
    },
    "vatonage:breeder_empty" : {
      "textures" : "textures/blocks/breeder_empty"
    },
    "vatonage:collector" : {
      "textures" : "textures/blocks/collector"
    },
    // Chickens
    "vatonage:amethyst_chicken" : {
      "textures" : "textures/blocks/chickens/amethyst_chicken"
    },
    "vatonage:coal_chicken" : {
      "textures" : "textures/blocks/chickens/coal_chicken"
    },
    "vatonage:copper_chicken" : {
      "textures" : "textures/blocks/chickens/copper_chicken"
    },
    "vatonage:diamond_chicken" : {
      "textures" : "textures/blocks/chickens/diamond_chicken"
    },
    "vatonage:emerald_chicken" : {
      "textures" : "textures/blocks/chickens/emerald_chicken"
    },
    "vatonage:ender_chicken" : {
      "textures" : "textures/blocks/chickens/ender_chicken"
    },
    "vatonage:gold_chicken" : {
      "textures" : "textures/blocks/chickens/gold_chicken"
    },
    "vatonage:iron_chicken" : {
      "textures" : "textures/blocks/chickens/iron_chicken"
    },
    "vatonage:netherite_chicken" : {
      "textures" : "textures/blocks/chickens/netherite_chicken"
    },
    "vatonage:obsidian_chicken" : {
      "textures" : "textures/blocks/chickens/obsidian_chicken"
    },
    "vatonage:quartz_chicken" : {
      "textures" : "textures/blocks/chickens/quartz_chicken"
    },
    "vatonage:vanilla_chicken" : {
      "textures" : "textures/blocks/chickens/vanilla_chicken"
    }
  }
}
