{
	"format_version": "1.12.0",
	"minecraft:geometry": [
		{
			"description": {
				"identifier": "geometry.advanced_solar_panel",
				"texture_width": 128,
				"texture_height": 128,
				"visible_bounds_width": 3,
				"visible_bounds_height": 2.5,
				"visible_bounds_offset": [0, 0.75, 0]
			},
			"bones": [
				{
					"name": "base",
					"pivot": [0, 0, 0],
					"cubes": [
						{"origin": [-8, 0, -8], "size": [16, 3, 16], "uv": [0, 20]},
						{"origin": [-3, 3, -8], "size": [6, 8, 6], "uv": [0, 40]},
						{"origin": [-3, 3, -8], "size": [6, 8, 6], "pivot": [0, 0, 0], "rotation": [0, 180, 0], "uv": [0, 40]}
					]
				},
				{
					"name": "arm",
					"pivot": [0, 0, 0],
					"cubes": [
						{"origin": [-2, 3, -2], "size": [4, 13.5, 4], "uv": [25, 40]}
					]
				},
				{
					"name": "panel",
					"pivot": [0, 16.5, 0],
					"cubes": [
						{"origin": [-10.5, 15, -8], "size": [21, 3, 16], "uv": [0, 0]}
					]
				}
			]
		}
	]
}