{
	"format_version": "1.12.0",
	"minecraft:geometry": [
		{
			"description": {
				"identifier": "geometry.chargepad",
				"texture_width": 64,
				"texture_height": 64,
				"visible_bounds_width": 3,
				"visible_bounds_height": 2.5,
				"visible_bounds_offset": [0, 0.75, 0]
			},
			"bones": [
				{
					"name": "bb_main",
					"pivot": [0, 0, 0],
					"cubes": [
						{
							"origin": [-8, 0, -8],
							"size": [16, 2, 16],
							"uv": {
								"north": {"uv": [20, 30], "uv_size": [16, 2]},
								"east": {"uv": [30, 27], "uv_size": [16, 2]},
								"south": {"uv": [0, 32], "uv_size": [16, 2]},
								"west": {"uv": [20, 32], "uv_size": [16, 2]},
								"up": {"uv": [0, 0], "uv_size": [16, 16]},
								"down": {"uv": [0, 32], "uv_size": [16, -16]}
							}
						},
						{
							"origin": [-3, 2, 6],
							"size": [6, 9, 2],
							"uv": {
								"north": {"uv": [30, 0], "uv_size": [6, 9]},
								"east": {"uv": [32, 34], "uv_size": [2, 9]},
								"south": {"uv": [30, 9], "uv_size": [6, 9]},
								"west": {"uv": [34, 34], "uv_size": [2, 9]},
								"up": {"uv": [36, 0], "uv_size": [6, 2]},
								"down": {"uv": [36, 4], "uv_size": [6, -2]}
							}
						},
						{
							"origin": [-2, 2, 5],
							"size": [4, 9, 1],
							"uv": {
								"north": {"uv": [16, 30], "uv_size": [4, 9]},
								"east": {"uv": [15, 34], "uv_size": [1, 9]},
								"south": {"uv": [30, 18], "uv_size": [4, 9]},
								"west": {"uv": [39, 13], "uv_size": [1, 9]},
								"up": {"uv": [34, 26], "uv_size": [4, 1]},
								"down": {"uv": [38, 27], "uv_size": [4, -1]}
							}
						},
						{
							"origin": [6, 1, -2],
							"size": [3, 3, 4],
							"uv": {
								"north": {"uv": [16, 39], "uv_size": [3, 3]},
								"east": {"uv": [36, 4], "uv_size": [4, 3]},
								"south": {"uv": [39, 36], "uv_size": [3, 3]},
								"west": {"uv": [36, 7], "uv_size": [4, 3]},
								"up": {"uv": [36, 10], "uv_size": [3, 4]},
								"down": {"uv": [36, 18], "uv_size": [3, -4]}
							}
						},
						{
							"origin": [-9, 1, -2],
							"size": [3, 3, 4],
							"uv": {
								"north": {"uv": [39, 39], "uv_size": [3, 3]},
								"east": {"uv": [36, 30], "uv_size": [4, 3]},
								"south": {"uv": [40, 4], "uv_size": [3, 3]},
								"west": {"uv": [36, 33], "uv_size": [4, 3]},
								"up": {"uv": [36, 36], "uv_size": [3, 4]},
								"down": {"uv": [0, 43], "uv_size": [3, -4]}
							}
						},
						{
							"origin": [6, 4, -2],
							"size": [2, 3, 4],
							"uv": {
								"north": {"uv": [40, 7], "uv_size": [2, 3]},
								"east": {"uv": [3, 39], "uv_size": [4, 3]},
								"south": {"uv": [22, 41], "uv_size": [2, 3]},
								"west": {"uv": [7, 39], "uv_size": [4, 3]},
								"up": {"uv": [40, 13], "uv_size": [2, 4]},
								"down": {"uv": [40, 21], "uv_size": [2, -4]}
							}
						},
						{
							"origin": [-8, 4, -2],
							"size": [2, 3, 4],
							"uv": {
								"north": {"uv": [24, 41], "uv_size": [2, 3]},
								"east": {"uv": [39, 10], "uv_size": [4, 3]},
								"south": {"uv": [26, 41], "uv_size": [2, 3]},
								"west": {"uv": [11, 39], "uv_size": [4, 3]},
								"up": {"uv": [40, 30], "uv_size": [2, 4]},
								"down": {"uv": [36, 44], "uv_size": [2, -4]}
							}
						},
						{
							"origin": [-9, 4, -1],
							"size": [1, 3, 2],
							"uv": {
								"north": {"uv": [42, 7], "uv_size": [1, 3]},
								"east": {"uv": [28, 41], "uv_size": [2, 3]},
								"south": {"uv": [13, 42], "uv_size": [1, 3]},
								"west": {"uv": [30, 41], "uv_size": [2, 3]},
								"up": {"uv": [40, 21], "uv_size": [1, 2]},
								"down": {"uv": [40, 36], "uv_size": [1, -2]}
							}
						},
						{
							"origin": [8, 4, -1],
							"size": [1, 3, 2],
							"uv": {
								"north": {"uv": [42, 13], "uv_size": [1, 3]},
								"east": {"uv": [42, 0], "uv_size": [2, 3]},
								"south": {"uv": [14, 42], "uv_size": [1, 3]},
								"west": {"uv": [3, 42], "uv_size": [2, 3]},
								"up": {"uv": [41, 21], "uv_size": [1, 2]},
								"down": {"uv": [41, 36], "uv_size": [1, -2]}
							}
						},
						{
							"origin": [-7, 2, -7.1],
							"size": [14, 1, 15],
							"uv": {
								"north": {"uv": [34, 24], "uv_size": [14, 1]},
								"east": {"uv": [30, 29], "uv_size": [15, 1]},
								"south": {"uv": [34, 25], "uv_size": [14, 1]},
								"west": {"uv": [34, 23], "uv_size": [15, 1]},
								"up": {"uv": [16, 0], "uv_size": [14, 15]},
								"down": {"uv": [16, 30], "uv_size": [14, -15]}
							}
						}
					]
				},
				{
					"name": "bone",
					"pivot": [-7, -4, -0.5],
					"rotation": [0, 0, 45],
					"cubes": [
						{
							"origin": [-15.2, 1, -1.5],
							"size": [1, 7, 3],
							"uv": {
								"north": {"uv": [19, 39], "uv_size": [1, 7]},
								"east": {"uv": [20, 34], "uv_size": [3, 7]},
								"south": {"uv": [38, 40], "uv_size": [1, 7]},
								"west": {"uv": [23, 34], "uv_size": [3, 7]},
								"up": {"uv": [16, 42], "uv_size": [1, 3]},
								"down": {"uv": [42, 19], "uv_size": [1, -3]}
							}
						},
						{
							"origin": [-16.2, 1, -2.5],
							"size": [1, 5, 5],
							"uv": {
								"north": {"uv": [5, 42], "uv_size": [1, 5]},
								"east": {"uv": [0, 34], "uv_size": [5, 5]},
								"south": {"uv": [6, 42], "uv_size": [1, 5]},
								"west": {"uv": [5, 34], "uv_size": [5, 5]},
								"up": {"uv": [7, 42], "uv_size": [1, 5]},
								"down": {"uv": [8, 47], "uv_size": [1, -5]}
							}
						}
					]
				},
				{
					"name": "bone2",
					"pivot": [7, -4, -0.5],
					"rotation": [0, 180, -45],
					"cubes": [
						{
							"origin": [-1.2, 1, -2.5],
							"size": [1, 7, 3],
							"uv": {
								"north": {"uv": [20, 41], "uv_size": [1, 7]},
								"east": {"uv": [26, 34], "uv_size": [3, 7]},
								"south": {"uv": [21, 41], "uv_size": [1, 7]},
								"west": {"uv": [29, 34], "uv_size": [3, 7]},
								"up": {"uv": [17, 42], "uv_size": [1, 3]},
								"down": {"uv": [18, 45], "uv_size": [1, -3]}
							}
						},
						{
							"origin": [-2.2, 1, -3.5],
							"size": [1, 5, 5],
							"uv": {
								"north": {"uv": [9, 42], "uv_size": [1, 5]},
								"east": {"uv": [10, 34], "uv_size": [5, 5]},
								"south": {"uv": [10, 42], "uv_size": [1, 5]},
								"west": {"uv": [34, 18], "uv_size": [5, 5]},
								"up": {"uv": [11, 42], "uv_size": [1, 5]},
								"down": {"uv": [12, 47], "uv_size": [1, -5]}
							}
						}
					]
				}
			]
		}
	]
}