{
	"format_version": "1.12.0",
	"minecraft:geometry": [
		{
			"description": {
				"identifier": "geometry.coal_generator",
				"texture_width": 128,
				"texture_height": 128,
				"visible_bounds_width": 2,
				"visible_bounds_height": 2.5,
				"visible_bounds_offset": [
					0,
					0.75,
					0
				]
			},
			"bones": [
				{
					"name": "bone",
					"pivot": [
						0,
						0,
						0
					],
					"cubes": [
						{
							"origin": [
								-2,
								6,
								-9
							],
							"size": [
								4,
								4,
								1
							],
							"uv": [
								0,
								0
							]
						},
						{
							"origin": [
								-3,
								5,
								-8
							],
							"size": [
								6,
								6,
								1
							],
							"uv": [
								31,
								15
							]
						},
						{
							"origin": [
								-8,
								0,
								-3
							],
							"size": [
								3,
								3,
								11
							],
							"uv": [
								35,
								17
							]
						},
						{
							"origin": [
								-5,
								0,
								-3
							],
							"size": [
								10,
								2,
								11
							],
							"uv": [
								0,
								15
							]
						},
						{
							"origin": [
								-7,
								4,
								-7
							],
							"size": [
								14,
								8,
								1
							],
							"uv": [
								40,
								0
							]
						},
						{
							"origin": [
								-8,
								0,
								-6
							],
							"size": [
								16,
								13,
								3
							],
							"uv": [
								0,
								28
							]
						},
						{
							"origin": [
								5,
								0,
								-3
							],
							"size": [
								3,
								3,
								11
							],
							"uv": [
								27,
								33
							]
						},
						{
							"origin": [
								-7,
								3,
								-3
							],
							"size": [
								2,
								10,
								9
							],
							"uv": [
								46,
								38
							]
						},
						{
							"origin": [
								-5,
								2,
								1
							],
							"size": [
								10,
								11,
								1
							],
							"uv": [
								22,
								47
							]
						},
						{
							"origin": [
								5,
								3,
								-3
							],
							"size": [
								2,
								10,
								9
							],
							"uv": [
								0,
								44
							]
						},
						{
							"origin": [
								-6,
								8,
								6
							],
							"size": [
								12,
								5,
								1
							],
							"uv": [
								44,
								31
							]
						},
						{
							"origin": [
								-7,
								13,
								-6
							],
							"size": [
								14,
								3,
								12
							],
							"uv": [
								0,
								0
							]
						}
					]
				}
			]
		}
	]
}