{
	"format_version": "1.12.0",
	"minecraft:geometry": [
		{
			"description": {
				"identifier": "geometry.crusher",
				"texture_width": 128,
				"texture_height": 128,
				"visible_bounds_width": 2,
				"visible_bounds_height": 2.5,
				"visible_bounds_offset": [
					0,
					0.75,
					0
				]
			},
			"bones": [
				{
					"name": "bone",
					"pivot": [
						0,
						0,
						0
					],
					"cubes": [
						{
							"origin": [
								-5,
								0,
								-8
							],
							"size": [
								10,
								2,
								16
							],
							"uv": [
								0,
								0
							]
						},
						{
							"origin": [
								5,
								0,
								-8
							],
							"size": [
								3,
								3,
								16
							],
							"uv": [
								22,
								21
							]
						},
						{
							"origin": [
								-8,
								0,
								-8
							],
							"size": [
								3,
								3,
								16
							],
							"uv": [
								0,
								18
							]
						},
						{
							"origin": [
								-4.5,
								1.5,
								-1.5
							],
							"size": [
								3,
								12,
								3
							],
							"inflate": -0.5,
							"uv": [
								22,
								18
							]
						},
						{
							"origin": [
								-1.5,
								1.5,
								-1.5
							],
							"size": [
								3,
								12,
								3
							],
							"inflate": -0.5,
							"uv": [
								0,
								37
							]
						},
						{
							"origin": [
								1.5,
								1.5,
								-1.5
							],
							"size": [
								3,
								12,
								3
							],
							"inflate": -0.5,
							"uv": [
								12,
								37
							]
						},
						{
							"origin": [
								5,
								3,
								-2
							],
							"size": [
								3,
								10,
								4
							],
							"uv": [
								0,
								18
							]
						},
						{
							"origin": [
								-8,
								3,
								-2
							],
							"size": [
								3,
								10,
								4
							],
							"uv": [
								0,
								0
							]
						},
						{
							"origin": [
								-8,
								13,
								-2
							],
							"size": [
								16,
								3,
								4
							],
							"uv": [
								36,
								0
							]
						}
					]
				}
			]
		}
	]
}