{
	"format_version": "1.12.0",
	"minecraft:geometry": [
		{
			"description": {
				"identifier": "geometry.exp_generator",
				"texture_width": 64,
				"texture_height": 64,
				"visible_bounds_width": 2,
				"visible_bounds_height": 2.5,
				"visible_bounds_offset": [
					0,
					0.75,
					0
				]
			},
			"bones": [
				{
					"name": "bone",
					"pivot": [
						0,
						0,
						0
					],
					"cubes": [
						{
							"origin": [
								-7,
								1,
								-7
							],
							"size": [
								2,
								14,
								2
							],
							"uv": [
								8,
								0
							]
						},
						{
							"origin": [
								-8,
								0,
								-5
							],
							"size": [
								3,
								16,
								10
							],
							"uv": [
								0,
								32
							]
						},
						{
							"origin": [
								-7,
								1,
								5
							],
							"size": [
								2,
								14,
								2
							],
							"uv": [
								36,
								0
							]
						},
						{
							"origin": [
								-5,
								0,
								-8
							],
							"size": [
								10,
								16,
								16
							],
							"uv": [
								0,
								0
							]
						},
						{
							"origin": [
								5,
								1,
								-7
							],
							"size": [
								2,
								14,
								2
							],
							"uv": [
								0,
								0
							]
						},
						{
							"origin": [
								5,
								0,
								-5
							],
							"size": [
								3,
								16,
								10
							],
							"uv": [
								26,
								32
							]
						},
						{
							"origin": [
								5,
								1,
								5
							],
							"size": [
								2,
								14,
								2
							],
							"uv": [
								44,
								0
							]
						}
					]
				}
			]
		}
	]
}