{
	"format_version": "1.12.0",
	"minecraft:geometry": [
		{
			"description": {
				"identifier": "geometry.freezer",
				"texture_width": 128,
				"texture_height": 128,
				"visible_bounds_width": 2,
				"visible_bounds_height": 2.5,
				"visible_bounds_offset": [
					0,
					0.75,
					0
				]
			},
			"bones": [
				{
					"name": "bone",
					"pivot": [
						0,
						0,
						0
					],
					"cubes": [
						{
							"origin": [
								-7,
								0,
								-7
							],
							"size": [
								14,
								3,
								14
							],
							"uv": [
								42,
								29
							]
						},
						{
							"origin": [
								-8,
								3,
								-8
							],
							"size": [
								16,
								10,
								16
							],
							"uv": [
								0,
								0
							]
						},
						{
							"origin": [
								-7,
								13,
								-7
							],
							"size": [
								14,
								3,
								14
							],
							"uv": [
								0,
								26
							]
						}
					]
				}
			]
		}
	]
}