{
	"format_version": "1.12.0",
	"minecraft:geometry": [
		{
			"description": {
				"identifier": "geometry.gas_absorber",
				"texture_width": 128,
				"texture_height": 128,
				"visible_bounds_width": 2,
				"visible_bounds_height": 2.5,
				"visible_bounds_offset": [
					0,
					0.75,
					0
				]
			},
			"bones": [
				{
					"name": "bone",
					"pivot": [
						0,
						0,
						0
					],
					"cubes": [
						{
							"origin": [
								-6,
								0,
								-6
							],
							"size": [
								12,
								10,
								12
							],
							"uv": [
								2,
								20
							]
						},
						{
							"origin": [
								-5,
								10,
								-5
							],
							"size": [
								10,
								3,
								10
							],
							"uv": [
								0,
								42
							]
						},
						{
							"origin": [
								-7,
								13,
								-7
							],
							"size": [
								14,
								2,
								14
							],
							"uv": [
								2,
								2
							]
						},
						{
							"origin": [
								-3,
								15,
								-3
							],
							"size": [
								6,
								1,
								6
							],
							"uv": [
								42,
								18
							]
						},
						{
							"origin": [
								-2,
								16,
								-2
							],
							"size": [
								4,
								1,
								4
							],
							"uv": [
								0,
								0
							]
						}
					]
				}
			]
		}
	]
}