{
	"format_version": "1.12.0",
	"minecraft:geometry": [
		{
			"description": {
				"identifier": "geometry.gastank",
				"texture_width": 128,
				"texture_height": 128,
				"visible_bounds_width": 2,
				"visible_bounds_height": 2.5,
				"visible_bounds_offset": [
					0,
					0.75,
					0
				]
			},
			"bones": [
				{
					"name": "bone",
					"pivot": [
						0,
						0,
						0
					],
					"cubes": [
						{
							"origin": [
								-2,
								-1.7,
								-2
							],
							"size": [
								4,
								1,
								4
							],
							"inflate": -0.1,
							"uv": [
								0,
								19
							]
						},
						{
							"origin": [
								-3,
								-0.9,
								-3
							],
							"size": [
								6,
								1,
								6
							],
							"inflate": -0.1,
							"uv": [
								66,
								1
							]
						},
						{
							"origin": [
								-8,
								0,
								-8
							],
							"size": [
								16,
								3,
								16
							],
							"uv": [
								0,
								19
							]
						},
						{
							"origin": [
								-7,
								3,
								-7
							],
							"size": [
								14,
								10,
								14
							],
							"uv": [
								0,
								38
							]
						},
						{
							"origin": [
								-8,
								13,
								-8
							],
							"size": [
								16,
								3,
								16
							],
							"uv": [
								0,
								0
							]
						},
						{
							"origin": [
								-3,
								15.9,
								-3
							],
							"size": [
								6,
								1,
								6
							],
							"inflate": -0.1,
							"uv": [
								48,
								0
							]
						},
						{
							"origin": [
								-2,
								16.7,
								-2
							],
							"size": [
								4,
								1,
								4
							],
							"inflate": -0.1,
							"uv": [
								0,
								8
							]
						}
					]
				},
				{
					"name": "fill1",
					"pivot": [
						0,
						0,
						0
					],
					"cubes": [
						{
							"origin": [
								-0.5,
								7.5,
								-0.5
							],
							"size": [
								1,
								1,
								1
							],
							"inflate": -0.1,
							"uv": [
								0,
								0
							]
						}
					]
				},
				{
					"name": "fill2",
					"pivot": [
						0.5,
						0.5,
						-0.5
					],
					"cubes": [
						{
							"origin": [
								-1,
								7,
								-1
							],
							"size": [
								2,
								2,
								2
							],
							"inflate": -0.1,
							"uv": [
								0,
								30
							]
						}
					]
				},
				{
					"name": "fill3",
					"pivot": [
						0,
						1,
						0
					],
					"cubes": [
						{
							"origin": [
								-1.5,
								6.5,
								-1.5
							],
							"size": [
								3,
								3,
								3
							],
							"inflate": -0.1,
							"uv": [
								0,
								24
							]
						}
					]
				},
				{
					"name": "fill4",
					"pivot": [
						0,
						1,
						0
					],
					"cubes": [
						{
							"origin": [
								-2,
								6,
								-2
							],
							"size": [
								4,
								4,
								4
							],
							"inflate": -0.1,
							"uv": [
								0,
								0
							]
						}
					]
				},
				{
					"name": "fill5",
					"pivot": [
						0,
						1,
						0
					],
					"cubes": [
						{
							"origin": [
								-2.5,
								5.5,
								-2.5
							],
							"size": [
								5,
								5,
								5
							],
							"inflate": -0.1,
							"uv": [
								52,
								72
							]
						}
					]
				},
				{
					"name": "fill6",
					"pivot": [
						0,
						1,
						0
					],
					"cubes": [
						{
							"origin": [
								-3,
								5,
								-3
							],
							"size": [
								6,
								6,
								6
							],
							"inflate": -0.1,
							"uv": [
								28,
								66
							]
						}
					]
				},
				{
					"name": "fill7",
					"pivot": [
						0,
						1,
						0
					],
					"cubes": [
						{
							"origin": [
								-3.5,
								4.5,
								-3.5
							],
							"size": [
								7,
								7,
								7
							],
							"inflate": -0.1,
							"uv": [
								0,
								62
							]
						}
					]
				},
				{
					"name": "fill8",
					"pivot": [
						3.5,
						-2.5,
						-3.5
					],
					"cubes": [
						{
							"origin": [
								-4,
								4,
								-4
							],
							"size": [
								8,
								8,
								8
							],
							"inflate": -0.1,
							"uv": [
								56,
								30
							]
						}
					]
				},
				{
					"name": "fill9",
					"pivot": [
						0,
						1,
						0
					],
					"cubes": [
						{
							"origin": [
								-4.5,
								3.5,
								-4.5
							],
							"size": [
								9,
								9,
								9
							],
							"inflate": -0.1,
							"uv": [
								55,
								10
							]
						}
					]
				},
				{
					"name": "fill10",
					"pivot": [
						0,
						1,
						0
					],
					"cubes": [
						{
							"origin": [
								-5,
								3,
								-5
							],
							"size": [
								10,
								10,
								10
							],
							"inflate": -0.1,
							"uv": [
								46,
								52
							]
						}
					]
				}
			]
		}
	]
}