{
	"format_version": "1.12.0",
	"minecraft:geometry": [
		{
			"description": {
				"identifier": "geometry.geothermal_generator",
				"texture_width": 128,
				"texture_height": 128,
				"visible_bounds_width": 2,
				"visible_bounds_height": 2.5,
				"visible_bounds_offset": [
					0,
					0.75,
					0
				]
			},
			"bones": [
				{
					"name": "bone",
					"pivot": [
						0,
						0,
						0
					],
					"cubes": [
						{
							"origin": [
								-8,
								0,
								-8
							],
							"size": [
								16,
								4,
								16
							],
							"uv": [
								0,
								20
							]
						},
						{
							"origin": [
								0,
								4,
								-7
							],
							"size": [
								0,
								8,
								14
							],
							"uv": [
								0,
								48
							]
						},
						{
							"origin": [
								0,
								4,
								-7
							],
							"size": [
								0,
								8,
								14
							],
							"pivot": [
								0,
								0,
								0
							],
							"rotation": [
								0,
								-90,
								0
							],
							"uv": [
								42,
								26
							]
						}
					]
				},
				{
					"name": "lava",
					"pivot": [
						0,
						0,
						0
					],
					"cubes": [
						{
							"origin": [
								-7,
								4,
								-7
							],
							"size": [
								5,
								8,
								5
							],
							"inflate": -0.1,
							"uv": [
								51,
								61
							]
						},
						{
							"origin": [
								2,
								4,
								2
							],
							"size": [
								5,
								8,
								5
							],
							"inflate": -0.1,
							"uv": [
								56,
								48
							]
						}
					]
				},
				{
					"name": "oil",
					"pivot": [
						0,
						0,
						0
					],
					"cubes": [
						{
							"origin": [
								-7,
								4,
								2
							],
							"size": [
								5,
								8,
								5
							],
							"inflate": -0.1,
							"uv": [
								48,
								20
							]
						},
						{
							"origin": [
								2,
								4,
								-7
							],
							"size": [
								5,
								8,
								5
							],
							"inflate": -0.1,
							"uv": [
								48,
								0
							]
						}
					]
				},
				{
					"name": "bone2",
					"pivot": [
						0,
						0,
						0
					],
					"cubes": [
						{
							"origin": [
								-7,
								4,
								-7
							],
							"size": [
								14,
								8,
								14
							],
							"uv": [
								0,
								40
							]
						},
						{
							"origin": [
								-8,
								12,
								-8
							],
							"size": [
								16,
								4,
								16
							],
							"uv": [
								0,
								0
							]
						},
						{
							"origin": [
								-3,
								15.9,
								-3
							],
							"size": [
								6,
								1,
								6
							],
							"inflate": -0.1,
							"uv": [
								62,
								7
							]
						},
						{
							"origin": [
								-2,
								16.7,
								-2
							],
							"size": [
								4,
								1,
								4
							],
							"inflate": -0.1,
							"uv": [
								0,
								0
							]
						}
					]
				}
			]
		}
	]
}