{
	"format_version": "1.12.0",
	"minecraft:geometry": [
		{
			"description": {
				"identifier": "geometry.heavy_press",
				"texture_width": 128,
				"texture_height": 128,
				"visible_bounds_width": 2,
				"visible_bounds_height": 2.5,
				"visible_bounds_offset": [
					0,
					0.75,
					0
				]
			},
			"bones": [
				{
					"name": "bone",
					"pivot": [
						0,
						0,
						0
					],
					"cubes": [
						{
							"origin": [
								-8,
								0,
								-8
							],
							"size": [
								3,
								3,
								16
							],
							"uv": [
								0,
								31
							]
						},
						{
							"origin": [
								-5,
								0,
								-8
							],
							"size": [
								10,
								2,
								16
							],
							"uv": [
								0,
								0
							]
						},
						{
							"origin": [
								5,
								0,
								-8
							],
							"size": [
								3,
								3,
								16
							],
							"uv": [
								22,
								34
							]
						},
						{
							"origin": [
								-8,
								3,
								-5
							],
							"size": [
								3,
								10,
								10
							],
							"uv": [
								42,
								8
							]
						},
						{
							"origin": [
								-4,
								10,
								-3
							],
							"size": [
								8,
								3,
								6
							],
							"uv": [
								0,
								50
							]
						},
						{
							"origin": [
								-3,
								9,
								-1
							],
							"size": [
								6,
								1,
								2
							],
							"uv": [
								0,
								0
							]
						},
						{
							"origin": [
								-4,
								7,
								-3
							],
							"size": [
								8,
								2,
								6
							],
							"uv": [
								36,
								0
							]
						},
						{
							"origin": [
								5,
								3,
								-5
							],
							"size": [
								3,
								10,
								10
							],
							"uv": [
								44,
								28
							]
						},
						{
							"origin": [
								-8,
								13,
								-5
							],
							"size": [
								16,
								3,
								10
							],
							"uv": [
								0,
								18
							]
						}
					]
				}
			]
		}
	]
}