{
	"format_version": "1.12.0",
	"minecraft:geometry": [
		{
			"description": {
				"identifier": "geometry.hydrogen_generator",
				"texture_width": 128,
				"texture_height": 128,
				"visible_bounds_width": 2,
				"visible_bounds_height": 2.5,
				"visible_bounds_offset": [
					0,
					0.75,
					0
				]
			},
			"bones": [
				{
					"name": "bone",
					"pivot": [
						0,
						0,
						0
					],
					"cubes": [
						{
							"origin": [
								-8,
								0,
								-8
							],
							"size": [
								16,
								3,
								16
							],
							"uv": [
								0,
								19
							]
						},
						{
							"origin": [
								-6,
								3,
								-6
							],
							"size": [
								12,
								10,
								12
							],
							"uv": [
								0,
								54
							]
						},
						{
							"origin": [
								-7,
								4,
								-7
							],
							"size": [
								14,
								2,
								14
							],
							"uv": [
								42,
								40
							]
						},
						{
							"origin": [
								-7,
								7,
								-7
							],
							"size": [
								14,
								2,
								14
							],
							"uv": [
								0,
								38
							]
						},
						{
							"origin": [
								-7,
								10,
								-7
							],
							"size": [
								14,
								2,
								14
							],
							"uv": [
								48,
								0
							]
						},
						{
							"origin": [
								-8,
								13,
								-8
							],
							"size": [
								16,
								3,
								16
							],
							"uv": [
								0,
								0
							]
						}
					]
				}
			]
		}
	]
}