{
	"format_version": "1.12.0",
	"minecraft:geometry": [
		{
			"description": {
				"identifier": "geometry.modification_station",
				"texture_width": 64,
				"texture_height": 64,
				"visible_bounds_width": 2,
				"visible_bounds_height": 2.5,
				"visible_bounds_offset": [0, 0.75, 0]
			},
			"bones": [
				{
					"name": "base",
					"pivot": [0, 0, 0],
					"cubes": [
						{"origin": [-8, 0, -7], "size": [16, 3, 14], "uv": [0, 18]},
						{"origin": [-5, 3, -5], "size": [10, 1, 10], "uv": [0, 36]},
						{"origin": [-8, 3, -6], "size": [3, 10, 3], "uv": [41, 36]},
						{"origin": [-8, 3, 3], "size": [3, 10, 3], "pivot": [0, 0, 0], "rotation": [0, 180, 0], "uv": [41, 36]},
						{"origin": [-8, 3, 3], "size": [3, 10, 3], "uv": [41, 36]},
						{"origin": [-8, 13, -7], "size": [16, 3, 14], "uv": [0, 0]}
					]
				},
				{
					"name": "thing",
					"parent": "base",
					"pivot": [0, 0, 0],
					"cubes": [
						{"origin": [-2, 12, -2], "size": [4, 1, 4], "uv": [47, 18]},
						{"origin": [-1.5, 7.5, -1.5], "size": [3, 5, 3], "inflate": -0.5, "uv": [0, 48]},
						{"origin": [-8, 3, -6], "size": [3, 10, 3], "pivot": [0, 0, 0], "rotation": [0, 180, 0], "uv": [41, 36]}
					]
				}
			]
		}
	]
}