{
	"format_version": "1.12.0",
	"minecraft:geometry": [
		{
			"description": {
				"identifier": "geometry.oil_rig",
				"texture_width": 64,
				"texture_height": 64,
				"visible_bounds_width": 3,
				"visible_bounds_height": 2.5,
				"visible_bounds_offset": [
					0,
					0.75,
					0
				]
			},
			"bones": [
				{
					"name": "bone",
					"pivot": [
						0,
						0,
						0
					],
					"cubes": [
						{
							"origin": [
								-8,
								0,
								-8
							],
							"size": [
								3,
								3,
								3
							],
							"uv": [
								36,
								37
							]
						},
						{
							"origin": [
								5,
								0,
								-8
							],
							"size": [
								3,
								3,
								3
							],
							"uv": [
								0,
								6
							]
						},
						{
							"origin": [
								-8,
								0,
								5
							],
							"size": [
								3,
								3,
								3
							],
							"uv": [
								39,
								25
							]
						},
						{
							"origin": [
								5,
								0,
								5
							],
							"size": [
								3,
								3,
								3
							],
							"uv": [
								0,
								0
							]
						},
						{
							"origin": [
								-8,
								3,
								-8
							],
							"size": [
								16,
								3,
								16
							],
							"uv": [
								0,
								0
							]
						},
						{
							"origin": [
								-2,
								6,
								-8
							],
							"size": [
								4,
								4,
								5
							],
							"pivot": [
								0,
								0,
								0
							],
							"rotation": [
								0,
								90,
								0
							],
							"uv": [
								0,
								35
							]
						},
						{
							"origin": [
								-2,
								6,
								-8
							],
							"size": [
								4,
								4,
								5
							],
							"uv": [
								18,
								37
							]
						},
						{
							"origin": [
								-3,
								6,
								-3
							],
							"size": [
								6,
								10,
								6
							],
							"uv": [
								0,
								19
							]
						},
						{
							"origin": [
								-2,
								6,
								3
							],
							"size": [
								4,
								4,
								5
							],
							"uv": [
								24,
								19
							]
						},
						{
							"origin": [
								-2,
								6,
								3
							],
							"size": [
								4,
								4,
								5
							],
							"pivot": [
								0,
								0,
								0
							],
							"rotation": [
								0,
								90,
								0
							],
							"uv": [
								24,
								28
							]
						}
					]
				}
			]
		}
	]
}