{
	"format_version": "1.12.0",
	"minecraft:geometry": [
		{
			"description": {
				"identifier": "geometry.power_transmitter",
				"texture_width": 64,
				"texture_height": 64,
				"visible_bounds_width": 2,
				"visible_bounds_height": 2.5,
				"visible_bounds_offset": [0, 0.75, 0]
			},
			"bones": [
				{
					"name": "base",
					"pivot": [0, 0, 0],
					"cubes": [
						{"origin": [6, 0, -3], "size": [2, 11, 6], "pivot": [0, 0, 0], "rotation": [0, 90, 0], "uv": [0, 13]},
						{"origin": [6, 0, -3], "size": [2, 11, 6], "pivot": [0, 0, 0], "rotation": [0, 180, 0], "uv": [0, 13]},
						{"origin": [3, 0, -3], "size": [3, 4, 6], "pivot": [0, 0, 0], "rotation": [0, 90, 0], "uv": [0, 31]},
						{"origin": [3, 0, -3], "size": [3, 4, 6], "pivot": [0, 0, 0], "rotation": [0, 180, 0], "uv": [0, 31]},
						{"origin": [-3, 0, -3], "size": [6, 6, 6], "uv": [0, 0]},
						{"origin": [-2, 6, -2], "size": [4, 1, 4], "uv": [17, 26]},
						{"origin": [-1.5, 7, -1.5], "size": [3, 6, 3], "uv": [19, 32]},
						{"origin": [-1, 13, -1], "size": [2, 3, 2], "uv": [11, 13]},
						{"origin": [3, 0, -3], "size": [3, 4, 6], "uv": [0, 31]},
						{"origin": [3, 0, -3], "size": [3, 4, 6], "pivot": [0, 0, 0], "rotation": [0, -90, 0], "uv": [0, 31]},
						{"origin": [6, 0, -3], "size": [2, 11, 6], "uv": [0, 13]},
						{"origin": [6, 0, -3], "size": [2, 11, 6], "pivot": [0, 0, 0], "rotation": [0, -90, 0], "uv": [0, 13]}
					]
				}
			]
		}
	]
}