{
	"format_version": "1.12.0",
	"minecraft:geometry": [
		{
			"description": {
				"identifier": "geometry.powered_furnace",
				"texture_width": 128,
				"texture_height": 128,
				"visible_bounds_width": 2,
				"visible_bounds_height": 2.5,
				"visible_bounds_offset": [
					0,
					0.75,
					0
				]
			},
			"bones": [
				{
					"name": "bone",
					"pivot": [
						0,
						0,
						0
					],
					"cubes": [
						{
							"origin": [
								-5,
								0,
								-8
							],
							"size": [
								10,
								2,
								16
							],
							"uv": [
								0,
								0
							]
						},
						{
							"origin": [
								5,
								0,
								-8
							],
							"size": [
								3,
								3,
								16
							],
							"uv": [
								32,
								18
							]
						},
						{
							"origin": [
								-8,
								0,
								-8
							],
							"size": [
								3,
								3,
								16
							],
							"uv": [
								0,
								29
							]
						},
						{
							"origin": [
								-8,
								3,
								-4
							],
							"size": [
								3,
								10,
								8
							],
							"uv": [
								0,
								48
							]
						},
						{
							"origin": [
								5,
								3,
								-4
							],
							"size": [
								3,
								10,
								8
							],
							"uv": [
								38,
								37
							]
						},
						{
							"origin": [
								-8,
								13,
								-4
							],
							"size": [
								16,
								3,
								8
							],
							"uv": [
								0,
								18
							]
						},
						{
							"origin": [
								-3,
								15.9,
								-3
							],
							"size": [
								6,
								1,
								6
							],
							"inflate": -0.1,
							"uv": [
								22,
								37
							]
						},
						{
							"origin": [
								-2,
								16.7,
								-2
							],
							"size": [
								4,
								1,
								4
							],
							"inflate": -0.1,
							"uv": [
								0,
								0
							]
						},
						{
							"origin": [
								-5,
								2,
								-2
							],
							"size": [
								10,
								11,
								4
							],
							"uv": [
								36,
								0
							]
						}
					]
				}
			]
		}
	]
}