{
	"format_version": "1.12.0",
	"minecraft:geometry": [
		{
			"description": {
				"identifier": "geometry.water_filter",
				"texture_width": 128,
				"texture_height": 128,
				"visible_bounds_width": 2,
				"visible_bounds_height": 2.5,
				"visible_bounds_offset": [0, 0.75, 0]
			},
			"bones": [
				{
					"name": "bb_main",
					"pivot": [0, 0, 0],
					"cubes": [
						{
							"origin": [-8, 0, -8],
							"size": [16, 2, 16],
							"uv": {
								"north": {"uv": [36, 27], "uv_size": [16, 2]},
								"east": {"uv": [40, 45], "uv_size": [16, 2]},
								"south": {"uv": [46, 29], "uv_size": [16, 2]},
								"west": {"uv": [46, 31], "uv_size": [16, 2]},
								"up": {"uv": [0, 0], "uv_size": [16, 16]},
								"down": {"uv": [0, 32], "uv_size": [16, -16]}
							}
						},
						{
							"origin": [-5, 2, -5],
							"size": [10, 1, 10],
							"uv": {
								"north": {"uv": [36, 29], "uv_size": [10, 1]},
								"east": {"uv": [50, 26], "uv_size": [10, 1]},
								"south": {"uv": [40, 51], "uv_size": [10, 1]},
								"west": {"uv": [50, 51], "uv_size": [10, 1]},
								"up": {"uv": [16, 0], "uv_size": [10, 10]},
								"down": {"uv": [16, 20], "uv_size": [10, -10]}
							}
						},
						{
							"origin": [-5, 15, -5],
							"size": [10, 1, 10],
							"uv": {
								"north": {"uv": [52, 0], "uv_size": [10, 1]},
								"east": {"uv": [52, 1], "uv_size": [10, 1]},
								"south": {"uv": [52, 2], "uv_size": [10, 1]},
								"west": {"uv": [52, 3], "uv_size": [10, 1]},
								"up": {"uv": [16, 20], "uv_size": [10, 10]},
								"down": {"uv": [26, 10], "uv_size": [10, -10]}
							}
						},
						{
							"origin": [-4, 3, -4],
							"size": [8, 12, 8],
							"uv": {
								"north": {"uv": [16, 30], "uv_size": [8, 12]},
								"east": {"uv": [24, 30], "uv_size": [8, 12]},
								"south": {"uv": [0, 32], "uv_size": [8, 12]},
								"west": {"uv": [8, 32], "uv_size": [8, 12]},
								"up": {"uv": [36, 18], "uv_size": [8, 8]},
								"down": {"uv": [32, 44], "uv_size": [8, -8]}
							}
						},
						{
							"origin": [-7, 2, -1],
							"size": [14, 2, 2],
							"uv": {
								"north": {"uv": [46, 33], "uv_size": [14, 2]},
								"east": {"uv": [28, 42], "uv_size": [2, 2]},
								"south": {"uv": [46, 35], "uv_size": [14, 2]},
								"west": {"uv": [30, 42], "uv_size": [2, 2]},
								"up": {"uv": [46, 37], "uv_size": [14, 2]},
								"down": {"uv": [46, 41], "uv_size": [14, -2]}
							}
						},
						{
							"origin": [-1, 2, -7],
							"size": [2, 2, 14],
							"uv": {
								"north": {"uv": [50, 52], "uv_size": [2, 2]},
								"east": {"uv": [46, 41], "uv_size": [14, 2]},
								"south": {"uv": [52, 52], "uv_size": [2, 2]},
								"west": {"uv": [46, 43], "uv_size": [14, 2]},
								"up": {"uv": [12, 44], "uv_size": [2, 14]},
								"down": {"uv": [14, 58], "uv_size": [2, -14]}
							}
						},
						{
							"origin": [-3, 2, -8],
							"size": [6, 9, 1],
							"uv": {
								"north": {"uv": [40, 36], "uv_size": [6, 9]},
								"east": {"uv": [22, 51], "uv_size": [1, 9]},
								"south": {"uv": [16, 42], "uv_size": [6, 9]},
								"west": {"uv": [23, 51], "uv_size": [1, 9]},
								"up": {"uv": [36, 26], "uv_size": [6, 1]},
								"down": {"uv": [52, 28], "uv_size": [6, -1]}
							}
						},
						{
							"origin": [-3, 2, 7],
							"size": [6, 9, 1],
							"uv": {
								"north": {"uv": [22, 42], "uv_size": [6, 9]},
								"east": {"uv": [24, 51], "uv_size": [1, 9]},
								"south": {"uv": [0, 44], "uv_size": [6, 9]},
								"west": {"uv": [25, 51], "uv_size": [1, 9]},
								"up": {"uv": [52, 28], "uv_size": [6, 1]},
								"down": {"uv": [40, 53], "uv_size": [6, -1]}
							}
						},
						{
							"origin": [7, 2, -3],
							"size": [1, 9, 6],
							"uv": {
								"north": {"uv": [26, 51], "uv_size": [1, 9]},
								"east": {"uv": [6, 44], "uv_size": [6, 9]},
								"south": {"uv": [27, 51], "uv_size": [1, 9]},
								"west": {"uv": [44, 18], "uv_size": [6, 9]},
								"up": {"uv": [46, 52], "uv_size": [1, 6]},
								"down": {"uv": [47, 58], "uv_size": [1, -6]}
							}
						},
						{
							"origin": [-8, 2, -3],
							"size": [1, 9, 6],
							"uv": {
								"north": {"uv": [52, 8], "uv_size": [1, 9]},
								"east": {"uv": [28, 44], "uv_size": [6, 9]},
								"south": {"uv": [52, 17], "uv_size": [1, 9]},
								"west": {"uv": [34, 44], "uv_size": [6, 9]},
								"up": {"uv": [48, 52], "uv_size": [1, 6]},
								"down": {"uv": [49, 58], "uv_size": [1, -6]}
							}
						},
						{
							"origin": [-7, 5, -1],
							"size": [14, 6, 2],
							"uv": {
								"north": {"uv": [32, 30], "uv_size": [14, 6]},
								"east": {"uv": [50, 14], "uv_size": [2, 6]},
								"south": {"uv": [36, 0], "uv_size": [14, 6]},
								"west": {"uv": [50, 20], "uv_size": [2, 6]},
								"up": {"uv": [40, 47], "uv_size": [14, 2]},
								"down": {"uv": [40, 51], "uv_size": [14, -2]}
							}
						},
						{
							"origin": [-1, 5, -7],
							"size": [2, 6, 14],
							"uv": {
								"north": {"uv": [18, 51], "uv_size": [2, 6]},
								"east": {"uv": [36, 6], "uv_size": [14, 6]},
								"south": {"uv": [20, 51], "uv_size": [2, 6]},
								"west": {"uv": [36, 12], "uv_size": [14, 6]},
								"up": {"uv": [50, 0], "uv_size": [2, 14]},
								"down": {"uv": [16, 65], "uv_size": [2, -14]}
							}
						},
						{
							"origin": [-5, 11, -5],
							"size": [10, 1, 10],
							"uv": {
								"north": {"uv": [52, 4], "uv_size": [10, 1]},
								"east": {"uv": [52, 5], "uv_size": [10, 1]},
								"south": {"uv": [52, 6], "uv_size": [10, 1]},
								"west": {"uv": [52, 7], "uv_size": [10, 1]},
								"up": {"uv": [26, 10], "uv_size": [10, 10]},
								"down": {"uv": [26, 30], "uv_size": [10, -10]}
							}
						}
					]
				}
			]
		}
	]
}