
{
  "biomes": {
    "default": {
      "water_surface_color": "#3f76e4",
      "water_surface_transparency": 99999,
      "water_fog_color": "#1919ff",
      "water_fog_distance": 200
    },
    "plains": {
      "water_surface_color": "#3f76e4",
      "water_fog_color": "#1919ff"
    },
    "sunflower_plains": {
      "water_surface_color": "#3f76e4",
      "water_fog_color": "#1919ff"
    },
    "desert": {
      "water_surface_color": "#3f76e4",
      "water_fog_color": "#1919ff"
    },
    "extreme_hills": {
      "water_surface_color": "#3f76e4",
      "water_fog_color": "#1919ff"
    },
    "forest": {
      "water_surface_color": "#3f76e4",
      "water_fog_color": "#1919ff"
    },
    "flower_forest": {
      "water_surface_color": "#3f76e4",
      "water_fog_color": "#1919ff"
    },
    "taiga": {
      "water_surface_color": "#3f76e4",
      "water_fog_color": "#1919ff"
    },
    "taiga_mutated": {
      "water_surface_color": "#3f76e4",
      "water_fog_color": "#1919ff"
    },
    "ice_plains": {
      "water_surface_color": "#3f76e4",
      "water_fog_color": "#1919ff"
    },
    "ice_plains_spikes": {
      "water_surface_color": "#3f76e4",
      "water_fog_color": "#1919ff"
    },
    "ice_mountains": {
      "water_surface_color": "#3f76e4",
      "water_fog_color": "#1919ff"
    },
    "mushroom_island": {
      "water_surface_color": "#3f76e4",
      "water_fog_color": "#1919ff"
    },
    "mushroom_island_shore": {
      "water_surface_color": "#3f76e4",
      "water_fog_color": "#1919ff"
    },
    "desert_hills": {
      "water_surface_color": "#3f76e4",
      "water_fog_color": "#1919ff"
    },
    "forest_hills": {
      "water_surface_color": "#3f76e4",
      "water_fog_color": "#1919ff"
    },
    "taiga_hills": {
      "water_surface_color": "#3f76e4",
      "water_fog_color": "#1919ff"
    },
    "extreme_hills_edge": {
      "water_surface_color": "#3f76e4",
      "water_fog_color": "#1919ff"
    },
    "jungle": {
      "water_surface_color": "#3f76e4",
      "water_fog_color": "#1919ff"
    },
    "bamboo_jungle": {
      "water_surface_color": "#3f76e4",
      "water_fog_color": "#1919ff"
    },
    "jungle_mutated": {
      "water_surface_color": "#3f76e4",
      "water_fog_color": "#1919ff"
    },
    "jungle_hills": {
      "water_surface_color": "#3f76e4",
      "water_fog_color": "#1919ff"
    },
    "bamboo_jungle_hills": {
      "water_surface_color": "#3f76e4",
      "water_fog_color": "#1919ff"
    },
    "jungle_edge": {
      "water_surface_color": "#3f76e4",
      "water_fog_color": "#1919ff"
    },
    "birch_forest": {
      "water_surface_color": "#3f76e4",
      "water_fog_color": "#1919ff"
    },
    "birch_forest_hills": {
      "water_surface_color": "#3f76e4",
      "water_fog_color": "#1919ff"
    },
    "roofed_forest": {
      "water_surface_color": "#3f76e4",
      "water_fog_color": "#1919ff"
    },
    "cold_taiga": {
      "water_surface_color": "#3f76e4",
      "water_fog_color": "#1919ff"
    },
    "cold_taiga_mutated": {
      "water_surface_color": "#3f76e4",
      "water_fog_color": "#1919ff"
    },
    "cold_taiga_hills": {
      "water_surface_color": "#3f76e4",
      "water_fog_color": "#1919ff"
    },
    "mega_taiga": {
      "water_surface_color": "#3f76e4",
      "water_fog_color": "#1919ff"
    },
    "mega_spruce_taiga": {
      "water_surface_color": "#3f76e4",
      "water_fog_color": "#1919ff"
    },
    "mega_taiga_mutated": {
      "water_surface_color": "#3f76e4",
      "water_fog_color": "#1919ff"
    },
    "mega_spruce_taiga_mutated": {
      "water_surface_color": "#3f76e4",
      "water_fog_color": "#1919ff"
    },
    "mega_taiga_hills": {
      "water_surface_color": "#3f76e4",
      "water_fog_color": "#1919ff"
    },
    "extreme_hills_plus_trees": {
      "water_surface_color": "#3f76e4",
      "water_fog_color": "#1919ff"
    },
    "extreme_hills_plus_trees_mutated": {
      "water_surface_color": "#3f76e4",
      "water_fog_color": "#1919ff"
    },
    "extreme_hills_mutated": {
      "water_surface_color": "#3f76e4",
      "water_fog_color": "#1919ff"
    },
    "savanna": {
      "water_surface_color": "#3f76e4",
      "water_fog_color": "#1919ff"
    },
    "savanna_plateau": {
      "water_surface_color": "#3f76e4",
      "water_fog_color": "#1919ff"
    },
    "savanna_mutated": {
      "water_surface_color": "#3f76e4",
      "water_fog_color": "#1919ff"
    },
    "mesa": {
      "water_surface_color": "#3f76e4",
      "water_fog_color": "#1919ff"
    },
    "mesa_bryce": {
      "water_surface_color": "#3f76e4",
      "water_fog_color": "#1919ff"
    },
    "mesa_mutated": {
      "water_surface_color": "#3f76e4",
      "water_fog_color": "#1919ff"
    },
    "mesa_plateau_stone": {
      "water_surface_color": "#3f76e4",
      "water_fog_color": "#1919ff"
    },
    "mesa_plateau": {
      "water_surface_color": "#3f76e4",
      "water_fog_color": "#1919ff"
    },
    "swampland": {
      "water_surface_color": "#607960",
      "water_surface_transparency": 0.6,
      "water_fog_color": "#E7ECA2",
      "water_fog_distance": 80
    },
    "swampland_mutated": {
      "water_surface_color": "#607960",
      "water_surface_transparency": 0.6,
      "water_fog_color": "#E7ECA2",
      "water_fog_distance": 80
    },
    "river": {
      "water_surface_color": "#5188F8",
      "water_fog_color": "#1919ff",
      "water_fog_distance": 80
    },
    "frozen_river": {
      "water_surface_color": "#5b75ff",
      "water_fog_color": "#1919ff",
      "water_fog_distance": 80
    },
    "beach": {
      "water_surface_color": "#5188F8",
      "water_fog_color": "#1919ff",
      "water_fog_distance": 80
    },
    "stone_beach": {
      "water_surface_color": "#5188F8",
      "water_fog_color": "#1919ff"
    },
    "cold_beach": {
      "water_surface_color": "#5b75ff",
      "water_fog_color": "#1919ff",
      "water_fog_distance": 80
    },
    "ocean": {
      "water_surface_color": "#5188F8",
      "water_fog_color": "#1919ff",
      "water_fog_distance": 80
    },
    "deep_ocean": {
      "water_surface_color": "#5188F8",
      "water_fog_color": "#1919ff",
      "water_fog_distance": 80
    },
    "warm_ocean": {
      "water_surface_color": "#2bdefd",
      "water_surface_transparency": 0.6,
      "water_fog_color": "#166dfc",
      "water_fog_distance": 80
    },
    "deep_warm_ocean": {
      "water_surface_color": "#2bdefd",
      "water_fog_color": "#166dfc",
      "water_fog_distance": 80
    },
    "lukewarm_ocean": {
      "water_surface_color": "#3cbdf4",
      "water_fog_color": "#166dfc",
      "water_fog_distance": 80
    },
    "deep_lukewarm_ocean": {
      "water_surface_color": "#3cbdf4",
      "water_fog_color": "#166dfc",
      "water_fog_distance": 80
    },
    "cold_ocean": {
      "water_surface_color": "#5b75ff",
      "water_fog_color": "#1919ff",
      "water_fog_distance": 80
    },
    "deep_cold_ocean": {
      "water_surface_color": "#5b75ff",
      "water_fog_color": "#1919ff",
      "water_fog_distance": 80
    },
    "frozen_ocean": {
      "water_surface_color": "#434ec4",
      "water_fog_color": "#1919ff",
      "water_fog_distance": 80
    },
    "deep_frozen_ocean": {
      "water_surface_color": "#434ec4",
      "water_fog_color": "#1919ff",
      "water_fog_distance": 80
    },
    "hell": {
      "water_surface_color": "#3f76e4",
      "water_fog_color": "#1919ff",
      "fog_color": "#510808"
    },
    "warped_forest": {
      "water_surface_color": "#3f76e4",
      "water_fog_color": "#1919ff",
      "fog_color": "#280128"
    },
    "crimson_forest": {
      "water_surface_color": "#3f76e4",
      "water_fog_color": "#1919ff",
      "fog_color": "#510505"
    },
    "soulsand_valley": {
      "water_surface_color": "#3f76e4",
      "water_fog_color": "#1919ff",
      "fog_color": "#266D6A"
    },
    "basalt_deltas": {
      "water_surface_color": "#3f76e4",
      "water_fog_color": "#1919ff",
      "fog_color": "#A091AD"
    },
    "the_end": {
      "water_surface_color": "#3f76e4",
      "water_fog_color": "#1919ff",
      "fog_color": "#130F19"
    }
  }
}
