{
  "format_version": [
    1,
    1,
    0
  ],
  "air": {},
  "stone": {
    "textures": "stone",
    "sound": "stone"
  },
  "grass": {
    "isotropic": {
      "up": false,
      "down": true
    },
    "textures": {
      "up": "grass_top",
      "down": "grass_bottom",
      "side": "grass_side"
    },
    "carried_textures": {
      "up": "grass_carried_top",
      "down": "grass_carried_bottom",
      "side": "grass_carried"
    },
    "sound": "grass"
  },
  "dirt": {
    "isotropic": true,
    "textures": "dirt",
    "sound": "gravel"
  },
  "cobblestone": {
    "textures": "cobblestone",
    "sound": "stone"
  },
    "grass_path": {
    "isotropic": true
  },
  "mycelium": {
    "isotropic": true
  },
  "podzol": {
    "isotropic": true
  },
  "warped_nylium": {
    "isotropic": true
    },
  "planks": {
    "textures": "planks",
    "sound": "wood"
  }
}