{
	"format_version": "1.10.0",
	"minecraft:attachable": {
		"description": {
			"identifier": "vatonage:legendary_totem_chest",
			"materials": {
				"default": "entity_alphatest",
				"enchanted": "entity_alphatest_glint"
			},
			"textures": {
				"default": "textures/items/chests/legendary_totem",
				"enchanted": "textures/misc/enchanted_item_glint"
			},
			"geometry": {
				"default": "geometry.vatonage.totem.item_fixed"
			},
			"animations": {
				"wield": "animation.vatonage.totem.item_fixed"
			},
			"scripts": {
				"animate": [
					"wield"
				]
			},
			"render_controllers": [
				"controller.render.default"
			]
		}
	}
}