{"version":1,"content":[{"path":"animations/guide_book.animations.json","key":"bH1Qkg5fi3lpuWF7m8iGFRYOmGIsvETm"},{"path":"blocks/g/black_p_bottom_corner_x.block.json","key":"oZ5BU5fqi5xLx19T7tCQ7Ra9RzI58NAL"},{"path":"blocks/g/black_p_bottom_corner_x_alt.block.json","key":"pI6RdFEYwdnPyNU6BEVs9o60bsiyCA1h"},{"path":"blocks/g/black_p_bottom_corner_z.block.json","key":"dZ8r9SoX8Smcv6pjv19Vt5JkuXmPvFw0"},{"path":"blocks/g/black_p_bottom_corner_z_alt.block.json","key":"wT4ZKcPM1z6fuiqgb5flOTrQ6MLiAtJA"},{"path":"blocks/g/black_p_frame.block.json","key":"dG7oM5Mh82qtcKztWEuGtt39OR5ZRhJb"},{"path":"blocks/g/black_p_frame_column.block.json","key":"cR4tHPpK6VQypiYcC2K4mtv7rjBjEOUF"},{"path":"blocks/g/black_p_horizontal_x.block.json","key":"tK8EC4ZcZpubcifXs7wfohcxysWNMPP5"},{"path":"blocks/g/black_p_horizontal_z.block.json","key":"bR4MIPBFB7xp8jJeZvWFHbtdiOF3uU6d"},{"path":"blocks/g/black_p_top_corner_x.block.json","key":"zZ6ihaJH0UXsdhqWceXOgjaWeyfojaU3"},{"path":"blocks/g/black_p_top_corner_x_alt.block.json","key":"qP8ttaTwWkLLzuFZYiAFsCE4M3trldPh"},{"path":"blocks/g/black_p_top_corner_z.block.json","key":"fZ4XkBHnVyogIXoy3869YLtjBEvqIE86"},{"path":"blocks/g/black_p_top_corner_z_alt.block.json","key":"bB1Xtl5FqRL1s1SxXoC4NnkjpCym4xHL"},{"path":"blocks/g/blue_p_bottom_corner_x.block.json","key":"zJ34PLzG7vBPoTYuZiws1LT1hidY4MZA"},{"path":"blocks/g/blue_p_bottom_corner_x_alt.block.json","key":"cN4iPqZkBiu3zu7C155yrtGUzvLurXEw"},{"path":"blocks/g/blue_p_bottom_corner_z.block.json","key":"kQ0tcobmX3d4iOKIGjaJJmU18IO55Ekw"},{"path":"blocks/g/blue_p_bottom_corner_z_alt.block.json","key":"oK0cOxpVW0zGzukSo4r5KrIEPssZ7O81"},{"path":"blocks/g/blue_p_frame.block.json","key":"bL8JF3RxjBZ1yazA2vCxdq3pd6ETv3lf"},{"path":"blocks/g/blue_p_frame_column.block.json","key":"uR2jPefzGAqTysN5IN5hLgc6enVH19rX"},{"path":"blocks/g/blue_p_horizontal_x.block.json","key":"iZ3TtF7G5qzVkkHgcREPmVo3AL0mJEBA"},{"path":"blocks/g/blue_p_horizontal_z.block.json","key":"pY7V3YBAqxN3KnOV9E0fnKAOcsHZiMRA"},{"path":"blocks/g/blue_p_top_corner_x.block.json","key":"cV0APMhJAW5b85pi7riTfghYB39Of1ZZ"},{"path":"blocks/g/blue_p_top_corner_x_alt.block.json","key":"cX62aV72ldvxCKYBJH5RGnglUjfEVwc6"},{"path":"blocks/g/blue_p_top_corner_z.block.json","key":"iO0AiZ3LhUUBHl6ExQWLfciimjnUnGAv"},{"path":"blocks/g/blue_p_top_corner_z_alt.block.json","key":"eR4h9muz3xuI452a6eBROgKg71lvdH1A"},{"path":"blocks/g/brown_p_bottom_corner_x.block.json","key":"fG8uiMIwM4VZVuJJMi284MVRXeGAMHwb"},{"path":"blocks/g/brown_p_bottom_corner_x_alt.block.json","key":"nP1S0mdVV4teGc716xscC0aUQ4SsxWCb"},{"path":"blocks/g/brown_p_bottom_corner_z.block.json","key":"oA6dGoICUU5ga5Vf0hiLolneZQVwtrqL"},{"path":"blocks/g/brown_p_bottom_corner_z_alt.block.json","key":"zG0uOPnByJx8RVNrP1fy4TYHarx026S2"},{"path":"blocks/g/brown_p_frame.block.json","key":"iI84WAWtziKcORpefyx123UTVBZ2OwNC"},{"path":"blocks/g/brown_p_frame_column.block.json","key":"oF5iFdE1kZZiyPAYcmuW00ugi0EpFaoz"},{"path":"blocks/g/brown_p_horizontal_x.block.json","key":"yQ3AQUQFG4ETkdGbcOumR32PbAyxGqO0"},{"path":"blocks/g/brown_p_horizontal_z.block.json","key":"cZ7pMAVzj4emYEzNMeNKw7WmoB6lb0mb"},{"path":"blocks/g/brown_p_top_corner_x.block.json","key":"rM1G3uRfelWV3SJikiUF6j0fNaW3FiWh"},{"path":"blocks/g/brown_p_top_corner_x_alt.block.json","key":"uA39y71zem3bzQHh1394Q5IksmGmdsXf"},{"path":"blocks/g/brown_p_top_corner_z.block.json","key":"hN14bbeBRgpgmCBqF6htN96TnrrhIPM3"},{"path":"blocks/g/brown_p_top_corner_z_alt.block.json","key":"xB4UcawlFWiXoXXIIJhSlw6zXRWIJkQc"},{"path":"blocks/g/cyan_p_bottom_corner_x.block.json","key":"kE3mU87Iw3ESKgQI99RivxKppu3BhavM"},{"path":"blocks/g/cyan_p_bottom_corner_x_alt.block.json","key":"uZ45AURMW2Bx7rIF8fMXb5M5wf1QVTvT"},{"path":"blocks/g/cyan_p_bottom_corner_z.block.json","key":"yN9MvZLuIVuyLAzL68KgVYanvpeKGI8B"},{"path":"blocks/g/cyan_p_bottom_corner_z_alt.block.json","key":"nZ0NK8ucjkxcyunt2Zm1bcMKUggmJklg"},{"path":"blocks/g/cyan_p_frame.block.json","key":"vU9n2yneHuERsvEsHfmqd4oyLQtFdnXh"},{"path":"blocks/g/cyan_p_frame_column.block.json","key":"xO6rOHKBGmsVZhIoATkN653RHMm17rYW"},{"path":"blocks/g/cyan_p_horizontal_x.block.json","key":"rR3pPnuX6zuqFFhZMRM8wY31a41vCrzy"},{"path":"blocks/g/cyan_p_horizontal_z.block.json","key":"xX4eZ37dmWjv5ruKGdfYnOyQUfXb63bq"},{"path":"blocks/g/cyan_p_top_corner_x.block.json","key":"qF9T0QtH1NU5QGe239ItFVUWXSqjjLBj"},{"path":"blocks/g/cyan_p_top_corner_x_alt.block.json","key":"oM6LVbk0FxIB9vzvKog01inbW56Kjc2W"},{"path":"blocks/g/cyan_p_top_corner_z.block.json","key":"wZ5FH3ESjRI2iyuEuBY78iiHA0lp0LsS"},{"path":"blocks/g/cyan_p_top_corner_z_alt.block.json","key":"jM01aN9gdddSXA1jKR6AEVJ9U0Gjixpi"},{"path":"blocks/g/gray_p_bottom_corner_x.block.json","key":"gI1k9MwAoMmJ3T5WoPh4WN916zmH4XTa"},{"path":"blocks/g/gray_p_bottom_corner_x_alt.block.json","key":"jV1MdE1BbPZShyClsxBodoZktHRqnHiN"},{"path":"blocks/g/gray_p_bottom_corner_z.block.json","key":"yP9Y1JvWrHcz7rOEXSHr2TWcug4WyuTb"},{"path":"blocks/g/gray_p_bottom_corner_z_alt.block.json","key":"vW6uhUgk8OGVKTBjYwNV9JINutZWFus2"},{"path":"blocks/g/gray_p_frame.block.json","key":"vC2f4kBT8Nz05xVKctoNs5NFBcPw6IRE"},{"path":"blocks/g/gray_p_frame_column.block.json","key":"vP27IyIftZFyRQMVkhZFKqG6BITn1YOd"},{"path":"blocks/g/gray_p_horizontal_x.block.json","key":"kN6ozqEIULszlY3TPlUXNpvsKnnI6IL3"},{"path":"blocks/g/gray_p_horizontal_z.block.json","key":"pA2axry5PgWrgSXA9hJgsCnKcNt71nBY"},{"path":"blocks/g/gray_p_top_corner_x.block.json","key":"eU3cwQnYla1qAgnMOyscHrj8FbRe5Kfw"},{"path":"blocks/g/gray_p_top_corner_x_alt.block.json","key":"wU9T9VsHm9BrrzVtP1v69Etk8Uk1SZHM"},{"path":"blocks/g/gray_p_top_corner_z.block.json","key":"xP6ibdx9txNv2yAza1xywdd2jqQjJhNv"},{"path":"blocks/g/gray_p_top_corner_z_alt.block.json","key":"tF5zTBPhYvKyRv2XpLu4AQGNsbNd4J3W"},{"path":"blocks/g/green_p_bottom_corner_x.block.json","key":"hP7bt8a4SuonlLNy6bpS3wTlmTREWKEQ"},{"path":"blocks/g/green_p_bottom_corner_x_alt.block.json","key":"zV9UMXIfdzXsTioheGQtCgMbxnRwsag1"},{"path":"blocks/g/green_p_bottom_corner_z.block.json","key":"vT6xmlERnF1nz3x46fuqVkbaiGWwUHwO"},{"path":"blocks/g/green_p_bottom_corner_z_alt.block.json","key":"fQ092bsmEUvqW8IvgPbVITuQvKnGMXaA"},{"path":"blocks/g/green_p_frame.block.json","key":"kL1Ocbt0mw3VxLNGJQXCHKwujy4ElGEN"},{"path":"blocks/g/green_p_frame_column.block.json","key":"oU1EoYznanXMvv2wyBzdOtKISiuqAMov"},{"path":"blocks/g/green_p_horizontal_x.block.json","key":"bQ0qqjV8l952ekU5mjic6mp1b3AP8OLw"},{"path":"blocks/g/green_p_horizontal_z.block.json","key":"cK1KRyPMWnEfrhpHCbjpR3e5WG6Ok99s"},{"path":"blocks/g/green_p_top_corner_x.block.json","key":"tT7bKM5eYFbATlej9jwMKwUI8QfTmTGW"},{"path":"blocks/g/green_p_top_corner_x_alt.block.json","key":"fV84CimL38vNrm1smtRhGHHJgqhqck32"},{"path":"blocks/g/green_p_top_corner_z.block.json","key":"tN3ElxIv1hLscS7qF62CO5fRhCsqnqEz"},{"path":"blocks/g/green_p_top_corner_z_alt.block.json","key":"pJ6iN8LsAhIw90C1k7OedEA0PqqQllNC"},{"path":"blocks/g/light_blue_p_bottom_corner_x.block.json","key":"yS4T9KSuvAjv4cpySxq1CzeUP5EwBfRQ"},{"path":"blocks/g/light_blue_p_bottom_corner_x_alt.block.json","key":"rI6VYOuzaHJlhNs7ChkkM0cw34VrORbl"},{"path":"blocks/g/light_blue_p_bottom_corner_z.block.json","key":"kT1AurcuwWw4JVigPELcczdGs7rTMUXv"},{"path":"blocks/g/light_blue_p_bottom_corner_z_alt.block.json","key":"iG9lYP55zNMV2J2AW74fPC2IbGAykb9d"},{"path":"blocks/g/light_blue_p_frame.block.json","key":"rI8VVYxMozJgQQPSPLG4sH6BkYCi571s"},{"path":"blocks/g/light_blue_p_frame_column.block.json","key":"pC1q4bj2g0FKhklbSYv7NYq40aOHpLet"},{"path":"blocks/g/light_blue_p_horizontal_x.block.json","key":"wK6fpW0CJkcH3c4BCFOYhvQP03JbEgJi"},{"path":"blocks/g/light_blue_p_horizontal_z.block.json","key":"zG1GYXW9CurtMqvkJYQPg2hXdEtJUU4V"},{"path":"blocks/g/light_blue_p_top_corner_x.block.json","key":"vK9l8MoL1Zp9KMY1vRG4xtuRTIO2Z2vy"},{"path":"blocks/g/light_blue_p_top_corner_x_alt.block.json","key":"gS35esAu1qVZgMtsU7eo02KE2OrAYOA9"},{"path":"blocks/g/light_blue_p_top_corner_z.block.json","key":"fB3tiafiJstI1EYx1eQircblCCnmSIdb"},{"path":"blocks/g/light_blue_p_top_corner_z_alt.block.json","key":"pY0Ucg71ShPTPwTt6faZ94ytOpnZGKbK"},{"path":"blocks/g/light_gray_p_bottom_corner_x.block.json","key":"rG1Tv9kdVFr7wJYHgbmF1aQwY0vjjk6Z"},{"path":"blocks/g/light_gray_p_bottom_corner_x_alt.block.json","key":"rF5WVqfrKT9wv0i5thOCL3ZgEUCWtOaa"},{"path":"blocks/g/light_gray_p_bottom_corner_z.block.json","key":"eF4z9QtZE46G3GS0t74s87hQNlJMmAHe"},{"path":"blocks/g/light_gray_p_bottom_corner_z_alt.block.json","key":"dT9RRsTm97UGNNKtoCqzZNIMtBdPItK5"},{"path":"blocks/g/light_gray_p_frame.block.json","key":"nZ853zjbhioVNM16EhdJPkAqBtl8rqIm"},{"path":"blocks/g/light_gray_p_frame_column.block.json","key":"jO7BvOPAQvGS7e96V2Q7gwkFMXM56TE7"},{"path":"blocks/g/light_gray_p_horizontal_x.block.json","key":"gA6vEZxSL8FXo9TJ99EevRKM3SNnMXkk"},{"path":"blocks/g/light_gray_p_horizontal_z.block.json","key":"dN6iVOHVBZtg7R5FwIRpBmXLlZiNynOf"},{"path":"blocks/g/light_gray_p_top_corner_x.block.json","key":"oO0prW3MGj4lgNGuV0GMeW6jrt6ExUQN"},{"path":"blocks/g/light_gray_p_top_corner_x_alt.block.json","key":"wF0N4Uvt3BKUT2PoasqcKZ7Byf4HGSxC"},{"path":"blocks/g/light_gray_p_top_corner_z.block.json","key":"cV6CtBEY7Z1EVrzF0VCNWFeuhdX2Gg89"},{"path":"blocks/g/light_gray_p_top_corner_z_alt.block.json","key":"pV5e8IItEpwhlt4K6dvdUPGxixU2RBlW"},{"path":"blocks/g/lime_p_bottom_corner_x.block.json","key":"gU86FA43efcMpoplz3rc6ozcq73uqEOi"},{"path":"blocks/g/lime_p_bottom_corner_x_alt.block.json","key":"vS01f1he8RpUGNSl2pU2RCP1nJuv50Wu"},{"path":"blocks/g/lime_p_bottom_corner_z.block.json","key":"pF6jUVZZZa7GOikz2cAymPu1Tc6UFxqc"},{"path":"blocks/g/lime_p_bottom_corner_z_alt.block.json","key":"iO81OKtyHIqeTz9SYjRmZL6FShikLNsK"},{"path":"blocks/g/lime_p_frame.block.json","key":"lO4jJNZNWg2mUUK7YbleavXmBJLziCwK"},{"path":"blocks/g/lime_p_frame_column.block.json","key":"iM19kjAxcGihqrUMctW9WH0yLnFyZWno"},{"path":"blocks/g/lime_p_horizontal_x.block.json","key":"cU7FdTmidQEenmFmXrcdmviidjK4pzQk"},{"path":"blocks/g/lime_p_horizontal_z.block.json","key":"qQ21bWdIVYpXt5AaVzuz7qe2vBNFCcYP"},{"path":"blocks/g/lime_p_top_corner_x.block.json","key":"qH0NJlihS0eel5O1v8wBc5Fe2qmOAMrP"},{"path":"blocks/g/lime_p_top_corner_x_alt.block.json","key":"bY5kifS0Y8AnqAAo5bvdYOe80uoHC2c2"},{"path":"blocks/g/lime_p_top_corner_z.block.json","key":"cH35wLvmZdtUyle4bnUZuvEdr9mwGsdU"},{"path":"blocks/g/lime_p_top_corner_z_alt.block.json","key":"jI9S1jziwHePXKZEkv36UTNawACTQqTF"},{"path":"blocks/g/magenta_p_bottom_corner_x.block.json","key":"nO48GRJvsdBRYdXwl27wB9anO4RMtgLO"},{"path":"blocks/g/magenta_p_bottom_corner_x_alt.block.json","key":"uS91RzUYxRomIwit9jzhmXg9te7bux95"},{"path":"blocks/g/magenta_p_bottom_corner_z.block.json","key":"fV39ectY3oIXORT5tobQt6P8UXFm3BSQ"},{"path":"blocks/g/magenta_p_bottom_corner_z_alt.block.json","key":"tX84A7SH8zqHBL3YRoYV6QRJa0ZhG6RE"},{"path":"blocks/g/magenta_p_frame.block.json","key":"vI3nxg1peedEyAGsiC5twGm24ffBLh0x"},{"path":"blocks/g/magenta_p_frame_column.block.json","key":"fN8AVz0G25xJwjb3lkxGUwU724U1MSJF"},{"path":"blocks/g/magenta_p_horizontal_x.block.json","key":"eW7XvLUup5lwrqRt3VaUuxYHx1VOZZMC"},{"path":"blocks/g/magenta_p_horizontal_z.block.json","key":"vR040FBdH4I5CPoGhK53LZMtsZoHljQg"},{"path":"blocks/g/magenta_p_top_corner_x.block.json","key":"bG5MbBCuWriNFM5ATQPnqWW8NuHrqUg5"},{"path":"blocks/g/magenta_p_top_corner_x_alt.block.json","key":"cR8SSpRcnu2Mqdf5WY77CWCxnulv5lKG"},{"path":"blocks/g/magenta_p_top_corner_z.block.json","key":"gZ8U4vU62GEycJfPS0aCasxblFobwznu"},{"path":"blocks/g/magenta_p_top_corner_z_alt.block.json","key":"tJ8f0AuzYPfpWFCv40cRfejjcCFFzgFm"},{"path":"blocks/g/orange_p_bottom_corner_x.block.json","key":"iL4CrEo509YavigvastRIURAPdd6OLia"},{"path":"blocks/g/orange_p_bottom_corner_x_alt.block.json","key":"dB9BcLC0wAuYVGZ3NXjkGpeExAZT5oaY"},{"path":"blocks/g/orange_p_bottom_corner_z.block.json","key":"fB0C9e5Z276L32ybi5eIo7W2TQhdnG5o"},{"path":"blocks/g/orange_p_bottom_corner_z_alt.block.json","key":"qV2pXI8eJsnrGjd7fMUU5KGPj6MuuxtG"},{"path":"blocks/g/orange_p_frame.block.json","key":"hV8q79lsf06j88LwScKeXK0sFkx3FRHb"},{"path":"blocks/g/orange_p_frame_column.block.json","key":"eO9EE8HsUaTc5fjfIVcVuffe3ZkkrfRk"},{"path":"blocks/g/orange_p_horizontal_x.block.json","key":"wR9rtWzzhNHtgkBmcZ3b7TYlKIulKE3c"},{"path":"blocks/g/orange_p_horizontal_z.block.json","key":"iT8ZFK16d5ejHuGHlRdOpPTkSilB9bSr"},{"path":"blocks/g/orange_p_top_corner_x.block.json","key":"sZ8lrnYf4q0JBA2hfaHE2NiGHXpK1qYS"},{"path":"blocks/g/orange_p_top_corner_x_alt.block.json","key":"pP8noXHACWedluFsUzj0mACcs0CaRGYB"},{"path":"blocks/g/orange_p_top_corner_z.block.json","key":"oH0CpkyB7TLUsiUIEzvldXVj2oQG1hYa"},{"path":"blocks/g/orange_p_top_corner_z_alt.block.json","key":"cH4sTGkAR34XidwHCU3RjiqRZbcP7dJn"},{"path":"blocks/g/pink_p_bottom_corner_x.block.json","key":"pK00bGrFbcLX3cLThn2LSXhSxCCvgrIl"},{"path":"blocks/g/pink_p_bottom_corner_x_alt.block.json","key":"xH08gvex5lRW8huxuhYaGWOVHmcbmhvO"},{"path":"blocks/g/pink_p_bottom_corner_z.block.json","key":"iJ5m1viwBbX51BHFma8FziIaQCGOZjjr"},{"path":"blocks/g/pink_p_bottom_corner_z_alt.block.json","key":"nU6VT57qNeQxqi5nqpdTnRohW74fjxL7"},{"path":"blocks/g/pink_p_frame.block.json","key":"tN5omW5WQXV8lIFgaBT0bruHvS5bVkuZ"},{"path":"blocks/g/pink_p_frame_column.block.json","key":"yV9EQWc9JUPeCov0cjsvAUCbHj2YkNF3"},{"path":"blocks/g/pink_p_horizontal_x.block.json","key":"iM2GKORnkHep7zxf3KtCqQqrqFlmySco"},{"path":"blocks/g/pink_p_horizontal_z.block.json","key":"bX4IENvqE1VXvUOZTuHLJqXq9HbkTzes"},{"path":"blocks/g/pink_p_top_corner_x.block.json","key":"bQ4OYtKvdeFoLBm97Q0egM7udR88ymxS"},{"path":"blocks/g/pink_p_top_corner_x_alt.block.json","key":"tG2dc6ETARVmG9kybtOXMSgILlCAJHCa"},{"path":"blocks/g/pink_p_top_corner_z.block.json","key":"hE2qRlNzXqTkPZrydubtuz2aXl1mRH76"},{"path":"blocks/g/pink_p_top_corner_z_alt.block.json","key":"oN5fqgCc4ev8owMtnCqqaiWNVnMH3hIU"},{"path":"blocks/g/purple_p_bottom_corner_x.block.json","key":"bP1JUMKWTdIbajLgHccoJtAn6qNY3jqt"},{"path":"blocks/g/purple_p_bottom_corner_x_alt.block.json","key":"rY4mSRoQL63n6VIZhVfp7MFe0WZm03U6"},{"path":"blocks/g/purple_p_bottom_corner_z.block.json","key":"fF21hyVi8rHGpJgueNO8RLmrP8p9bawf"},{"path":"blocks/g/purple_p_bottom_corner_z_alt.block.json","key":"sF1Rf0vsoPqLy13a4CyAkO24jTgh7sMQ"},{"path":"blocks/g/purple_p_frame.block.json","key":"nT773eqTpNkVgMLboWIXwjMzfG7FefV8"},{"path":"blocks/g/purple_p_frame_column.block.json","key":"tF7HGGVfsjAeIU6VKCT0HbvFgVmB6VqA"},{"path":"blocks/g/purple_p_horizontal_x.block.json","key":"oM5ILAGTKjbnFXdV33rcIpQ0eCRpUJ9N"},{"path":"blocks/g/purple_p_horizontal_z.block.json","key":"nK9eSKOz5aUKfT67tj8853nqUStcXvUi"},{"path":"blocks/g/purple_p_top_corner_x.block.json","key":"mN4PurvS5pRWEQnfSKs6X6WNUkFO2ckj"},{"path":"blocks/g/purple_p_top_corner_x_alt.block.json","key":"bY5AVgrLTTKToYrzqscdwxi1BCXauwGi"},{"path":"blocks/g/purple_p_top_corner_z.block.json","key":"rR5eucjYNAO6uNOBvmnYoPoUYe6a1sIN"},{"path":"blocks/g/purple_p_top_corner_z_alt.block.json","key":"jP6JUMwYEiPEXEwJwKyAWyO7hjnyQk1r"},{"path":"blocks/g/red_p_bottom_corner_x.block.json","key":"gO6EsNCWf991FNBG5xix9WwUZOolSR8O"},{"path":"blocks/g/red_p_bottom_corner_x_alt.block.json","key":"qK4GcelngAcLLuO87BesTgChtsBY72mw"},{"path":"blocks/g/red_p_bottom_corner_z.block.json","key":"eV6usGjLhH4wHWL54ivilzN2RYqHrVYT"},{"path":"blocks/g/red_p_bottom_corner_z_alt.block.json","key":"dV0hm9qYArHZBWxJxtQG8Ep7K7m3YVaM"},{"path":"blocks/g/red_p_frame.block.json","key":"aR3mxIzPc3SYVmIIqdAwfoTLnALHSE8S"},{"path":"blocks/g/red_p_frame_column.block.json","key":"sN1Z0Pn1z84GNjzylJTbjq9rvJU2EPgq"},{"path":"blocks/g/red_p_horizontal_x.block.json","key":"xR9Q5fb4S2NABqzLhGjaRVbXRqMZcunw"},{"path":"blocks/g/red_p_horizontal_z.block.json","key":"kQ4Rn3CZpIFAsWzMFAKPYk6rkxO6W2Q2"},{"path":"blocks/g/red_p_top_corner_x.block.json","key":"fF5OpQUH4zcScXrQwZclGao9HpjbSl4C"},{"path":"blocks/g/red_p_top_corner_x_alt.block.json","key":"oJ3cJHnYtj0Le41UWhb9VSco98B06HAl"},{"path":"blocks/g/red_p_top_corner_z.block.json","key":"gP08yTGzRdf04eOQj2Lwjq6OsVMiSXuk"},{"path":"blocks/g/red_p_top_corner_z_alt.block.json","key":"wR4X49ZtLoIBpSEHcXCZPtZxjnWxq0GR"},{"path":"blocks/g/white_p_bottom_corner_x.block.json","key":"eL6NGWalgpOQimVRpjLLkozHahrVU6QE"},{"path":"blocks/g/white_p_bottom_corner_x_alt.block.json","key":"bQ0VOIV8GCwNTq70Gsb29SvTCbWtbxH6"},{"path":"blocks/g/white_p_bottom_corner_z.block.json","key":"sF1k8NT8GTyunKTPP6CI7KgXxqqfSE6G"},{"path":"blocks/g/white_p_bottom_corner_z_alt.block.json","key":"xU0VOQxW93IsMU4rgZqPveex9wbiK1di"},{"path":"blocks/g/white_p_frame.block.json","key":"aL0juZXgWZhMot1jBTS2Unu4nZwjp2gI"},{"path":"blocks/g/white_p_frame_column.block.json","key":"lJ5bs26SaKrYzGclVXnNtipoe4ASh5BL"},{"path":"blocks/g/white_p_horizontal_x.block.json","key":"tA7glQWJ0Wcu3PVfMCtnk2lCGu5aYbf6"},{"path":"blocks/g/white_p_horizontal_z.block.json","key":"sO1YKC4yjcYIjbWaMbqu1WpT15U8OLne"},{"path":"blocks/g/white_p_top_corner_x.block.json","key":"aX8dANLBjP1xNwHgZwk3djryd78BOny7"},{"path":"blocks/g/white_p_top_corner_x_alt.block.json","key":"xE2ygiZ3O6XnTj0wnsFrwbglC3VJJjNH"},{"path":"blocks/g/white_p_top_corner_z.block.json","key":"oJ3ereK46aFZJKvjunJIMEceJTnRHO8g"},{"path":"blocks/g/white_p_top_corner_z_alt.block.json","key":"sJ9FK6qSPnQvJ9pZKgr4Zd203vMIBO9H"},{"path":"blocks/g/yellow_p_bottom_corner_x.block.json","key":"kY8HlCuqEfTGC7iqF8Bb0Hg2rSEaEep5"},{"path":"blocks/g/yellow_p_bottom_corner_x_alt.block.json","key":"xZ5vsGwJ1FJt8JCkIGtacYbzskIi1gZY"},{"path":"blocks/g/yellow_p_bottom_corner_z.block.json","key":"dH8tc8lI069Z88ffbeP9POiijh3Mqp3d"},{"path":"blocks/g/yellow_p_bottom_corner_z_alt.block.json","key":"kR1pjpfEsAFdIQcYKOo8dnSwFwsWBPOv"},{"path":"blocks/g/yellow_p_frame.block.json","key":"nH0y21AaQvwrVWd09mVEFUTnvoSCRoEj"},{"path":"blocks/g/yellow_p_frame_column.block.json","key":"cL3e8hLTnoENurkLyLjzxdwNfQWsXrfC"},{"path":"blocks/g/yellow_p_horizontal_x.block.json","key":"rF7LKMaHvdqNrI2laMKAdVTWN2HxtmSn"},{"path":"blocks/g/yellow_p_horizontal_z.block.json","key":"oV94134rZ6aVbCSsnYPQQltA2Uh3r7q4"},{"path":"blocks/g/yellow_p_top_corner_x.block.json","key":"nX5zWzgdVQVKTf96Qr7ubyokXlTrzEXT"},{"path":"blocks/g/yellow_p_top_corner_x_alt.block.json","key":"gF0szHYjUyXXH5OuE9OOuNKdx7vH78Ux"},{"path":"blocks/g/yellow_p_top_corner_z.block.json","key":"nG601PER7v3RtCuRegKIpFFoC98QofxI"},{"path":"blocks/g/yellow_p_top_corner_z_alt.block.json","key":"sU5n3lAEBenbjL06979lHnzVSJz4dEOK"},{"path":"blocks/portal_collision.block.json","key":"yO2WUZ0CEwXVr5pqUiXmRKEeXMf20ojl"},{"path":"entities/guide_book.behavior.json","key":"xA7Vpw2YM8QHfdkHiKrBhBMlWI5d2g4Q"},{"path":"entities/portal_loader.behavior.json","key":"aL65JQJdOn7leAOH2etJlEPIYAbQyCMT"},{"path":"entities/portal_marker.behavior.json","key":"vB3o2Bvpcszmmy5p5kS5AHrIGQFr1Wc1"},{"path":"loot_tables/spark/portals/guidebook.json","key":"pX7hTw5VZHymhe22PFbSAqrmvxOdLMLV"},{"path":"manifest.json"},{"path":"pack_icon.png"},{"path":"recipes/black_portal_frame.recipe.json","key":"dA34zRaSnGcKx0bfHxog10z4EUthQsQs"},{"path":"recipes/blue_portal_frame.recipe.json","key":"jV6qkJLAqjsCKe2YQhmotgyOB0FBhIUn"},{"path":"recipes/brown_portal_frame.recipe.json","key":"kH6MygIO5h7lTbVQCadYTTrN5Xmu3cuy"},{"path":"recipes/cyan_portal_frame.recipe.json","key":"jA8YsTuvBPcoCrJH8AkwbFKRsQNgqW1B"},{"path":"recipes/gray_portal_frame.recipe.json","key":"vG3YzFjFmHXrjLnLUXJ7M6IVJy7fvIM9"},{"path":"recipes/green_portal_frame.recipe.json","key":"oB4YmmbbWYmta2iATCpp3pitnFxwdIqb"},{"path":"recipes/guide_book.recipe.json","key":"tE6nn2vVqR49IKhziueO2puHXvzK200x"},{"path":"recipes/light_blue_portal_frame.recipe.json","key":"oE0BYxiUao7fZ6ckN65Gnc2Zo5VF7T6f"},{"path":"recipes/light_gray_portal_frame.recipe.json","key":"cJ1Tj7lRHtrxc2mgm6uqKql0iRspjgTH"},{"path":"recipes/lime_portal_frame.recipe.json","key":"mQ3NloR9Jh4JqOaGIIiMCtQFPhIWdXNw"},{"path":"recipes/magenta_portal_frame.recipe.json","key":"bC31MZFJC733MaE19t4sqCt43VjC1znr"},{"path":"recipes/orange_portal_frame.recipe.json","key":"sI9GplvzvLxPIH3oetJWGzktIoeiCxhx"},{"path":"recipes/pink_portal_frame.recipe.json","key":"oW8slGLNIv3Cxw3onI61enoGiYiJQ48q"},{"path":"recipes/purple_portal_frame.recipe.json","key":"vK921RuABQH8fFKBQkb1mLWMwOjpOPMm"},{"path":"recipes/red_portal_frame.recipe.json","key":"iC5HR77s6B8HSyAUTJ00OU2aAMoFpZBr"},{"path":"recipes/spark_portals_guide_book.json","key":"zW27nlJq5vfZfoJ6XKXoPF5fC7IEJlyU"},{"path":"recipes/white_portal_frame.recipe.json","key":"aI18as8xAsc8n7hk0dXs4mMN5WVk3U3o"},{"path":"recipes/yellow_portal_frame.recipe.json","key":"sC3A42lzmRGL9pHJhkyCHJ8bEgTfOKit"},{"path":"scripts/getOrCreateScoreboard.js","key":"fU9d9jfe1d88PT5jYvnSxElhnJupoJfz"},{"path":"scripts/guidebook.js","key":"gC95KV9thFHknNQlpV5FfVKl5CLv3b9I"},{"path":"scripts/main.js","key":"kP3V8AneOiGqoG8Ay0r58EkwPAgGJSbk"},{"path":"scripts/portal.js","key":"bC4RyrZtn4BhLvpfieXEf1YUI53qUdFG"},{"path":"scripts/stats.js","key":"yS08WAxdFi9QOU1JqX00CXm69niy6zu3"},{"path":"scripts/store.js","key":"bC1g8Z5ZMgHEhI0faUCwIAWJOpUUWfam"},{"path":"scripts/ui.js","key":"pV0a7TvjMVU2L9nBe5NLcVo1RSJ6oz1k"},{"path":"scripts/util/colorCodes.js","key":"sS1w3erxjLm5g8nBPYSmiSL3yxt1h8gm"},{"path":"scripts/util/getOrCreateScoreboard.js","key":"fN6Z9oBqmxB9ONYpThELFq5usONeR80b"},{"path":"scripts/util/vector3.js","key":"mP7Adszd3g9bZgPE6RrNyOBp1SGudNvQ"},{"path":"texts/en_US.lang"},{"path":"texts/languages.json"},{"path":"signatures.json","key":"zA5R73PQ11AUyBwsbCjAokrz4vfgcqyI"},{"path":"animations/"},{"path":"blocks/g/"},{"path":"blocks/"},{"path":"entities/"},{"path":"loot_tables/spark/portals/"},{"path":"recipes/"},{"path":"scripts/"},{"path":"scripts/util/"},{"path":"texts/"}]}