{
  "format_version": "1.8.0",
  "minecraft:attachable": {
    "description": {
      "identifier": "alchemistry_energy:gravity_leggings",
      "materials": {
        "default": "entity_emissive_alpha",
        "emissive": "entity_beam_additive",
        "enchanted": "armor_enchanted"
      },
      "textures": {
        "default": "textures/models/armor/gem_armor_2",
        "enchanted": "textures/misc/enchanted_item_glint"
      },
      "geometry": {
        "default": "geometry.alchemistryhd_armor.leggings"
      },
      "scripts": {
        "parent_setup": "variable.leg_layer_visible = 0.0;"
      },
      "render_controllers": [ "controller.render.armor" ]
    }
  }
}
