{
  "format_version": "1.12.0",
  "minecraft:geometry": [
    {
      "description": {
        "identifier": "geometry.fluffyalien_asn.level_emitter",
        "texture_width": 16,
        "texture_height": 16,
        "visible_bounds_width": 2,
        "visible_bounds_height": 2.5,
        "visible_bounds_offset": [0, 0.75, 0]
      },
      "bones": [
        {
          "name": "root",
          "pivot": [0, 0, 0]
        },
        {
          "name": "cable",
          "parent": "root",
          "pivot": [0, 0, 0]
        },
        {
          "name": "center",
          "parent": "cable",
          "pivot": [0, 0, 0],
          "cubes": [
            {
              "origin": [-3, 5, -3],
              "size": [6, 6, 6],
              "uv": {
                "north": { "uv": [4, 4], "uv_size": [6, 6] },
                "east": { "uv": [4, 4], "uv_size": [6, 6] },
                "south": { "uv": [4, 4], "uv_size": [6, 6] },
                "west": { "uv": [4, 4], "uv_size": [6, 6] },
                "up": { "uv": [4, 4], "uv_size": [6, 6] },
                "down": { "uv": [4, 4], "uv_size": [6, 6] }
              }
            }
          ]
        },
        {
          "name": "east",
          "parent": "cable",
          "pivot": [0, 0, 0],
          "cubes": [
            {
              "origin": [-8, 6, -2],
              "size": [5, 4, 4],
              "uv": {
                "north": { "uv": [4, 0], "uv_size": [5, 4] },
                "south": { "uv": [4, 0], "uv_size": [5, 4] },
                "west": { "uv": [4, 0], "uv_size": [5, 4] },
                "up": { "uv": [4, 0], "uv_size": [5, 4] },
                "down": { "uv": [4, 0], "uv_size": [5, 4] }
              }
            }
          ]
        },
        {
          "name": "south",
          "parent": "cable",
          "pivot": [0, 0, 0],
          "cubes": [
            {
              "origin": [-2, 6, 3],
              "size": [4, 4, 5],
              "uv": {
                "east": { "uv": [4, 0], "uv_size": [5, 4] },
                "west": { "uv": [4, 0], "uv_size": [5, 4] },
                "up": { "uv": [0, 0], "uv_size": [4, 5] },
                "down": { "uv": [0, 0], "uv_size": [4, 5] }
              }
            }
          ]
        },
        {
          "name": "west",
          "parent": "cable",
          "pivot": [0, 0, 0],
          "cubes": [
            {
              "origin": [3, 6, -2],
              "size": [5, 4, 4],
              "uv": {
                "north": { "uv": [4, 0], "uv_size": [5, 4] },
                "south": { "uv": [4, 0], "uv_size": [5, 4] },
                "up": { "uv": [4, 0], "uv_size": [5, 4] },
                "down": { "uv": [4, 0], "uv_size": [5, 4] }
              }
            }
          ]
        },
        {
          "name": "up",
          "parent": "cable",
          "pivot": [0, 0, 0],
          "cubes": [
            {
              "origin": [-2, 11, -2],
              "size": [4, 5, 4],
              "uv": {
                "north": { "uv": [0, 0], "uv_size": [4, 5] },
                "east": { "uv": [0, 0], "uv_size": [4, 5] },
                "south": { "uv": [0, 0], "uv_size": [4, 5] },
                "west": { "uv": [0, 0], "uv_size": [4, 5] }
              }
            }
          ]
        },
        {
          "name": "down",
          "parent": "cable",
          "pivot": [0, 0, 0],
          "cubes": [
            {
              "origin": [-2, 0, -2],
              "size": [4, 5, 4],
              "uv": {
                "north": { "uv": [0, 0], "uv_size": [4, 5] },
                "east": { "uv": [0, 0], "uv_size": [4, 5] },
                "south": { "uv": [0, 0], "uv_size": [4, 5] },
                "west": { "uv": [0, 0], "uv_size": [4, 5] }
              }
            }
          ]
        },
        {
          "name": "torch",
          "parent": "root",
          "pivot": [0, 0, 0],
          "cubes": [
            {
              "origin": [-1, 7, -7],
              "size": [2, 2, 4],
              "uv": {
                "north": { "uv": [2, 5], "uv_size": [2, 2] },
                "east": { "uv": [0, 5], "uv_size": [4, 2] },
                "west": { "uv": [4, 7], "uv_size": [-4, -2] },
                "up": { "uv": [2, 11], "uv_size": [-2, -4] },
                "down": { "uv": [0, 7], "uv_size": [2, 4] }
              }
            },
            {
              "origin": [-1, 7, -8],
              "size": [0, 2, 1],
              "uv": {
                "north": { "uv": [2, 7], "uv_size": [1, 1] },
                "east": { "uv": [2, 7], "uv_size": [1, 1] },
                "south": { "uv": [2, 7], "uv_size": [1, 1] },
                "west": { "uv": [2, 7], "uv_size": [1, 1] },
                "up": { "uv": [3, 8], "uv_size": [-1, -1] },
                "down": { "uv": [3, 8], "uv_size": [-1, -1] }
              }
            },
            {
              "origin": [1, 7, -8],
              "size": [0, 2, 1],
              "uv": {
                "north": { "uv": [2, 7], "uv_size": [1, 1] },
                "east": { "uv": [2, 7], "uv_size": [1, 1] },
                "south": { "uv": [2, 7], "uv_size": [1, 1] },
                "west": { "uv": [2, 7], "uv_size": [1, 1] },
                "up": { "uv": [3, 8], "uv_size": [-1, -1] },
                "down": { "uv": [3, 8], "uv_size": [-1, -1] }
              }
            },
            {
              "origin": [1, 9, -7],
              "size": [0, 1, 2],
              "uv": {
                "north": { "uv": [2, 7], "uv_size": [1, 1] },
                "east": { "uv": [2, 7], "uv_size": [1, 1] },
                "south": { "uv": [2, 7], "uv_size": [1, 1] },
                "west": { "uv": [2, 7], "uv_size": [1, 1] },
                "up": { "uv": [3, 8], "uv_size": [-1, -1] },
                "down": { "uv": [3, 8], "uv_size": [-1, -1] }
              }
            },
            {
              "origin": [-1, 9, -7],
              "size": [0, 1, 2],
              "uv": {
                "north": { "uv": [2, 7], "uv_size": [1, 1] },
                "east": { "uv": [2, 7], "uv_size": [1, 1] },
                "south": { "uv": [2, 7], "uv_size": [1, 1] },
                "west": { "uv": [2, 7], "uv_size": [1, 1] },
                "up": { "uv": [3, 8], "uv_size": [-1, -1] },
                "down": { "uv": [3, 8], "uv_size": [-1, -1] }
              }
            },
            {
              "origin": [-1, 6, -7],
              "size": [0, 1, 2],
              "uv": {
                "north": { "uv": [2, 7], "uv_size": [1, 1] },
                "east": { "uv": [2, 7], "uv_size": [1, 1] },
                "south": { "uv": [2, 7], "uv_size": [1, 1] },
                "west": { "uv": [2, 7], "uv_size": [1, 1] },
                "up": { "uv": [3, 8], "uv_size": [-1, -1] },
                "down": { "uv": [3, 8], "uv_size": [-1, -1] }
              }
            },
            {
              "origin": [1, 6, -7],
              "size": [0, 1, 2],
              "uv": {
                "north": { "uv": [2, 7], "uv_size": [1, 1] },
                "east": { "uv": [2, 7], "uv_size": [1, 1] },
                "south": { "uv": [2, 7], "uv_size": [1, 1] },
                "west": { "uv": [2, 7], "uv_size": [1, 1] },
                "up": { "uv": [3, 8], "uv_size": [-1, -1] },
                "down": { "uv": [3, 8], "uv_size": [-1, -1] }
              }
            },
            {
              "origin": [1, 9, -7],
              "size": [1, 0, 2],
              "uv": {
                "north": { "uv": [2, 7], "uv_size": [1, 1] },
                "east": { "uv": [2, 7], "uv_size": [1, 1] },
                "south": { "uv": [2, 7], "uv_size": [1, 1] },
                "west": { "uv": [2, 7], "uv_size": [1, 1] },
                "up": { "uv": [3, 8], "uv_size": [-1, -1] },
                "down": { "uv": [3, 8], "uv_size": [-1, -1] }
              }
            },
            {
              "origin": [-2, 9, -7],
              "size": [1, 0, 2],
              "uv": {
                "north": { "uv": [2, 7], "uv_size": [1, 1] },
                "east": { "uv": [2, 7], "uv_size": [1, 1] },
                "south": { "uv": [2, 7], "uv_size": [1, 1] },
                "west": { "uv": [2, 7], "uv_size": [1, 1] },
                "up": { "uv": [3, 8], "uv_size": [-1, -1] },
                "down": { "uv": [3, 8], "uv_size": [-1, -1] }
              }
            },
            {
              "origin": [1, 7, -7],
              "size": [1, 0, 2],
              "uv": {
                "north": { "uv": [2, 7], "uv_size": [1, 1] },
                "east": { "uv": [2, 7], "uv_size": [1, 1] },
                "south": { "uv": [2, 7], "uv_size": [1, 1] },
                "west": { "uv": [2, 7], "uv_size": [1, 1] },
                "up": { "uv": [3, 8], "uv_size": [-1, -1] },
                "down": { "uv": [3, 8], "uv_size": [-1, -1] }
              }
            },
            {
              "origin": [-2, 7, -7],
              "size": [1, 0, 2],
              "uv": {
                "north": { "uv": [2, 7], "uv_size": [1, 1] },
                "east": { "uv": [2, 7], "uv_size": [1, 1] },
                "south": { "uv": [2, 7], "uv_size": [1, 1] },
                "west": { "uv": [2, 7], "uv_size": [1, 1] },
                "up": { "uv": [3, 8], "uv_size": [-1, -1] },
                "down": { "uv": [3, 8], "uv_size": [-1, -1] }
              }
            },
            {
              "origin": [-1, 7, -8],
              "size": [2, 0, 1],
              "uv": {
                "north": { "uv": [2, 7], "uv_size": [1, 1] },
                "east": { "uv": [2, 7], "uv_size": [1, 1] },
                "south": { "uv": [2, 7], "uv_size": [1, 1] },
                "west": { "uv": [2, 7], "uv_size": [1, 1] },
                "up": { "uv": [3, 8], "uv_size": [-1, -1] },
                "down": { "uv": [3, 8], "uv_size": [-1, -1] }
              }
            },
            {
              "origin": [-1, 9, -8],
              "size": [2, 0, 1],
              "uv": {
                "north": { "uv": [2, 7], "uv_size": [1, 1] },
                "east": { "uv": [2, 7], "uv_size": [1, 1] },
                "south": { "uv": [2, 7], "uv_size": [1, 1] },
                "west": { "uv": [2, 7], "uv_size": [1, 1] },
                "up": { "uv": [3, 8], "uv_size": [-1, -1] },
                "down": { "uv": [3, 8], "uv_size": [-1, -1] }
              }
            }
          ]
        }
      ]
    }
  ]
}
