{
  "format_version": "1.12.0",
  "minecraft:geometry": [
    {
      "description": {
        "identifier": "geometry.fluffyalien_asn.storage_cable",
        "texture_width": 16,
        "texture_height": 16,
        "visible_bounds_width": 2,
        "visible_bounds_height": 2.5,
        "visible_bounds_offset": [0, 0.75, 0]
      },
      "bones": [
        {
          "name": "root",
          "pivot": [0, 0, 0]
        },
        {
          "name": "center",
          "parent": "root",
          "pivot": [0, 0, 0],
          "cubes": [
            {
              "origin": [-3, 5, -3],
              "size": [6, 6, 6],
              "uv": {
                "north": { "uv": [4, 4], "uv_size": [6, 6] },
                "east": { "uv": [4, 4], "uv_size": [6, 6] },
                "south": { "uv": [4, 4], "uv_size": [6, 6] },
                "west": { "uv": [4, 4], "uv_size": [6, 6] },
                "up": { "uv": [4, 4], "uv_size": [6, 6] },
                "down": { "uv": [4, 4], "uv_size": [6, 6] }
              }
            }
          ]
        },
        {
          "name": "north",
          "parent": "root",
          "pivot": [0, 0, 0],
          "cubes": [
            {
              "origin": [-2, 6, -8],
              "size": [4, 4, 5],
              "uv": {
                "east": { "uv": [4, 0], "uv_size": [5, 4] },
                "west": { "uv": [4, 0], "uv_size": [5, 4] },
                "up": { "uv": [0, 0], "uv_size": [4, 5] },
                "down": { "uv": [0, 0], "uv_size": [4, 5] }
              }
            }
          ]
        },
        {
          "name": "east",
          "parent": "root",
          "pivot": [0, 0, 0],
          "cubes": [
            {
              "origin": [-8, 6, -2],
              "size": [5, 4, 4],
              "uv": {
                "north": { "uv": [4, 0], "uv_size": [5, 4] },
                "south": { "uv": [4, 0], "uv_size": [5, 4] },
                "west": { "uv": [4, 0], "uv_size": [5, 4] },
                "up": { "uv": [4, 0], "uv_size": [5, 4] },
                "down": { "uv": [4, 0], "uv_size": [5, 4] }
              }
            }
          ]
        },
        {
          "name": "south",
          "parent": "root",
          "pivot": [0, 0, 0],
          "cubes": [
            {
              "origin": [-2, 6, 3],
              "size": [4, 4, 5],
              "uv": {
                "east": { "uv": [4, 0], "uv_size": [5, 4] },
                "west": { "uv": [4, 0], "uv_size": [5, 4] },
                "up": { "uv": [0, 0], "uv_size": [4, 5] },
                "down": { "uv": [0, 0], "uv_size": [4, 5] }
              }
            }
          ]
        },
        {
          "name": "west",
          "parent": "root",
          "pivot": [0, 0, 0],
          "cubes": [
            {
              "origin": [3, 6, -2],
              "size": [5, 4, 4],
              "uv": {
                "north": { "uv": [4, 0], "uv_size": [5, 4] },
                "south": { "uv": [4, 0], "uv_size": [5, 4] },
                "up": { "uv": [4, 0], "uv_size": [5, 4] },
                "down": { "uv": [4, 0], "uv_size": [5, 4] }
              }
            }
          ]
        },
        {
          "name": "up",
          "parent": "root",
          "pivot": [0, 0, 0],
          "cubes": [
            {
              "origin": [-2, 11, -2],
              "size": [4, 5, 4],
              "uv": {
                "north": { "uv": [0, 0], "uv_size": [4, 5] },
                "east": { "uv": [0, 0], "uv_size": [4, 5] },
                "south": { "uv": [0, 0], "uv_size": [4, 5] },
                "west": { "uv": [0, 0], "uv_size": [4, 5] }
              }
            }
          ]
        },
        {
          "name": "down",
          "parent": "root",
          "pivot": [0, 0, 0],
          "cubes": [
            {
              "origin": [-2, 0, -2],
              "size": [4, 5, 4],
              "uv": {
                "north": { "uv": [0, 0], "uv_size": [4, 5] },
                "east": { "uv": [0, 0], "uv_size": [4, 5] },
                "south": { "uv": [0, 0], "uv_size": [4, 5] },
                "west": { "uv": [0, 0], "uv_size": [4, 5] }
              }
            }
          ]
        }
      ]
    }
  ]
}
