{
  "format_version": "1.12.0",
  "minecraft:geometry": [
    {
      "description": {
        "identifier": "geometry.fluffyalien_asn.storage_interface",
        "texture_width": 16,
        "texture_height": 16,
        "visible_bounds_width": 2,
        "visible_bounds_height": 2.5,
        "visible_bounds_offset": [0, 0.75, 0]
      },
      "bones": [
        {
          "name": "root",
          "pivot": [0, 0, 0]
        },
        {
          "name": "cable",
          "parent": "root",
          "pivot": [0, 0, 0]
        },
        {
          "name": "center",
          "parent": "cable",
          "pivot": [0, 0, 0],
          "cubes": [
            {
              "origin": [-3, 5, -3],
              "size": [6, 6, 6],
              "uv": {
                "north": { "uv": [5, 0], "uv_size": [6, 6] },
                "east": { "uv": [5, 0], "uv_size": [6, 6] },
                "south": { "uv": [5, 0], "uv_size": [6, 6] },
                "west": { "uv": [5, 0], "uv_size": [6, 6] },
                "up": { "uv": [11, 6], "uv_size": [-6, -6] },
                "down": { "uv": [11, 6], "uv_size": [-6, -6] }
              }
            }
          ]
        },
        {
          "name": "north",
          "parent": "cable",
          "pivot": [0, 0, 0],
          "cubes": [
            {
              "origin": [-2, 6, -8],
              "size": [4, 4, 5],
              "uv": {
                "east": { "uv": [0, 0], "uv_size": [5, 4] },
                "west": { "uv": [0, 0], "uv_size": [5, 4] },
                "up": { "uv": [4, 9], "uv_size": [-4, -5] },
                "down": { "uv": [4, 9], "uv_size": [-4, -5] }
              }
            }
          ]
        },
        {
          "name": "east",
          "parent": "cable",
          "pivot": [0, 0, 0],
          "cubes": [
            {
              "origin": [-8, 6, -2],
              "size": [5, 4, 4],
              "uv": {
                "north": { "uv": [0, 0], "uv_size": [5, 4] },
                "south": { "uv": [0, 0], "uv_size": [5, 4] },
                "west": { "uv": [4, 0], "uv_size": [5, 4] },
                "up": { "uv": [5, 4], "uv_size": [-5, -4] },
                "down": { "uv": [5, 4], "uv_size": [-5, -4] }
              }
            }
          ]
        },
        {
          "name": "south",
          "parent": "cable",
          "pivot": [0, 0, 0],
          "cubes": [
            {
              "origin": [-2, 6, 3],
              "size": [4, 4, 3.5],
              "uv": {
                "east": { "uv": [0, 0], "uv_size": [4, 4] },
                "west": { "uv": [0, 0], "uv_size": [4, 4] },
                "up": { "uv": [4, 8], "uv_size": [-4, -4] },
                "down": { "uv": [4, 8], "uv_size": [-4, -4] }
              }
            }
          ]
        },
        {
          "name": "west",
          "parent": "cable",
          "pivot": [0, 0, 0],
          "cubes": [
            {
              "origin": [3, 6, -2],
              "size": [5, 4, 4],
              "uv": {
                "north": { "uv": [0, 0], "uv_size": [5, 4] },
                "south": { "uv": [0, 0], "uv_size": [5, 4] },
                "up": { "uv": [5, 4], "uv_size": [-5, -4] },
                "down": { "uv": [5, 4], "uv_size": [-5, -4] }
              }
            }
          ]
        },
        {
          "name": "up",
          "parent": "cable",
          "pivot": [0, 0, 0],
          "cubes": [
            {
              "origin": [-2, 11, -2],
              "size": [4, 5, 4],
              "uv": {
                "north": { "uv": [0, 4], "uv_size": [4, 5] },
                "east": { "uv": [0, 4], "uv_size": [4, 5] },
                "south": { "uv": [0, 4], "uv_size": [4, 5] },
                "west": { "uv": [0, 4], "uv_size": [4, 5] }
              }
            }
          ]
        },
        {
          "name": "down",
          "parent": "cable",
          "pivot": [0, 0, 0],
          "cubes": [
            {
              "origin": [-2, 0, -2],
              "size": [4, 5, 4],
              "uv": {
                "north": { "uv": [0, 4], "uv_size": [4, 5] },
                "east": { "uv": [0, 4], "uv_size": [4, 5] },
                "south": { "uv": [0, 4], "uv_size": [4, 5] },
                "west": { "uv": [0, 4], "uv_size": [4, 5] }
              }
            }
          ]
        },
        {
          "name": "monitor",
          "parent": "root",
          "pivot": [0, 0, 7.75]
        },
        {
          "name": "border",
          "parent": "monitor",
          "pivot": [0, 0, 7.75],
          "cubes": [
            {
              "origin": [4, 4, 6.5],
              "size": [1, 8, 1.5],
              "uv": {
                "north": { "uv": [0, 0], "uv_size": [1, 1] },
                "east": { "uv": [0, 0], "uv_size": [1, 1] },
                "south": { "uv": [0, 0], "uv_size": [1, 1] },
                "west": { "uv": [0, 0], "uv_size": [1, 1] }
              }
            },
            {
              "origin": [-5, 4, 6.5],
              "size": [1, 8, 1.5],
              "uv": {
                "north": { "uv": [0, 0], "uv_size": [1, 1] },
                "east": { "uv": [0, 0], "uv_size": [1, 1] },
                "south": { "uv": [0, 0], "uv_size": [1, 1] },
                "west": { "uv": [0, 0], "uv_size": [1, 1] }
              }
            },
            {
              "origin": [-5, 12, 6.5],
              "size": [10, 1, 1.5],
              "uv": {
                "north": { "uv": [0, 0], "uv_size": [1, 1] },
                "east": { "uv": [0, 0], "uv_size": [1, 1] },
                "south": { "uv": [0, 0], "uv_size": [1, 1] },
                "west": { "uv": [0, 0], "uv_size": [1, 1] },
                "up": { "uv": [1, 1], "uv_size": [-1, -1] },
                "down": { "uv": [1, 1], "uv_size": [-1, -1] }
              }
            },
            {
              "origin": [-5, 3, 6.5],
              "size": [10, 1, 1.5],
              "uv": {
                "north": { "uv": [0, 0], "uv_size": [1, 1] },
                "east": { "uv": [0, 0], "uv_size": [1, 1] },
                "south": { "uv": [0, 0], "uv_size": [1, 1] },
                "west": { "uv": [0, 0], "uv_size": [1, 1] },
                "up": { "uv": [1, 1], "uv_size": [-1, -1] },
                "down": { "uv": [1, 1], "uv_size": [-1, -1] }
              }
            }
          ]
        },
        {
          "name": "screen",
          "parent": "monitor",
          "pivot": [0, 0, 7.75],
          "cubes": [
            {
              "origin": [-4, 4, 6.5],
              "size": [8, 8, 1.25],
              "uv": {
                "north": { "uv": [0, 1], "uv_size": [1, 1] },
                "south": { "uv": [4, 4], "uv_size": [1, 1] }
              }
            }
          ]
        }
      ]
    }
  ]
}
