{
	"format_version": "1.12.0",
	"minecraft:geometry": [
		{
			"description": {
				"identifier": "geometry.sieve",
				"texture_width": 16,
				"texture_height": 16,
				"visible_bounds_width": 3,
				"visible_bounds_height": 2.5,
				"visible_bounds_offset": [
					0,
					0.75,
					0
				]
			},
			"bones": [
				{
					"name": "block_stage_1",
					"pivot": [
						0,
						0,
						0
					],
					"cubes": [
						{
							"origin": [
								-7,
								12,
								-7
							],
							"size": [
								14,
								4,
								14
							],
							"uv": {
								"north": {
									"uv": [
										1,
										0
									],
									"uv_size": [
										14,
										4
									],
									"material_instance": "block_type"
								},
								"east": {
									"uv": [
										1,
										0
									],
									"uv_size": [
										14,
										4
									],
									"material_instance": "block_type"
								},
								"south": {
									"uv": [
										1,
										0
									],
									"uv_size": [
										14,
										4
									],
									"material_instance": "block_type"
								},
								"west": {
									"uv": [
										1,
										0
									],
									"uv_size": [
										14,
										4
									],
									"material_instance": "block_type"
								},
								"up": {
									"uv": [
										15,
										15
									],
									"uv_size": [
										-14,
										-14
									],
									"material_instance": "block_type"
								},
								"down": {
									"uv": [
										15,
										15
									],
									"uv_size": [
										-14,
										-14
									],
									"material_instance": "block_type"
								}
							}
						}
					]
				},
				{
					"name": "block_stage_2",
					"pivot": [
						0,
						0,
						0
					],
					"cubes": [
						{
							"origin": [
								-7,
								12,
								-7
							],
							"size": [
								14,
								2,
								14
							],
							"uv": {
								"north": {
									"uv": [
										1,
										1
									],
									"uv_size": [
										14,
										2
									],
									"material_instance": "block_type"
								},
								"east": {
									"uv": [
										1,
										1
									],
									"uv_size": [
										14,
										2
									],
									"material_instance": "block_type"
								},
								"south": {
									"uv": [
										1,
										1
									],
									"uv_size": [
										14,
										2
									],
									"material_instance": "block_type"
								},
								"west": {
									"uv": [
										1,
										1
									],
									"uv_size": [
										14,
										2
									],
									"material_instance": "block_type"
								},
								"up": {
									"uv": [
										15,
										15
									],
									"uv_size": [
										-14,
										-14
									],
									"material_instance": "block_type"
								},
								"down": {
									"uv": [
										15,
										15
									],
									"uv_size": [
										-14,
										-14
									],
									"material_instance": "block_type"
								}
							}
						}
					]
				},
				{
					"name": "mesh",
					"pivot": [
						0,
						0,
						0
					],
					"cubes": [
						{
							"origin": [
								-7,
								13,
								-7
							],
							"size": [
								14,
								0,
								14
							],
							"uv": {
								"north": {
									"uv": [
										5.25,
										1.75
									],
									"uv_size": [
										1.75,
										0
									],
									"material_instance": "mesh"
								},
								"east": {
									"uv": [
										3.5,
										1.75
									],
									"uv_size": [
										1.75,
										0
									],
									"material_instance": "mesh"
								},
								"south": {
									"uv": [
										8.75,
										1.75
									],
									"uv_size": [
										1.75,
										0
									],
									"material_instance": "mesh"
								},
								"west": {
									"uv": [
										7,
										1.75
									],
									"uv_size": [
										1.75,
										0
									],
									"material_instance": "mesh"
								},
								"up": {
									"uv": [
										0,
										0
									],
									"uv_size": [
										16,
										16
									],
									"material_instance": "mesh"
								},
								"down": {
									"uv": [
										0,
										0
									],
									"uv_size": [
										0,
										0
									],
									"material_instance": "mesh"
								}
							}
						}
					]
				},
				{
					"name": "main",
					"pivot": [
						0,
						0,
						0
					],
					"cubes": [
						{
							"origin": [
								5,
								0,
								-7
							],
							"size": [
								2,
								15,
								2
							],
							"uv": {
								"north": {
									"uv": [
										13,
										1
									],
									"uv_size": [
										2,
										15
									]
								},
								"east": {
									"uv": [
										13,
										1
									],
									"uv_size": [
										2,
										15
									]
								},
								"south": {
									"uv": [
										1,
										1
									],
									"uv_size": [
										2,
										15
									]
								},
								"west": {
									"uv": [
										1,
										1
									],
									"uv_size": [
										2,
										15
									]
								},
								"up": {
									"uv": [
										15,
										15
									],
									"uv_size": [
										-2,
										-2
									]
								},
								"down": {
									"uv": [
										3,
										3
									],
									"uv_size": [
										-2,
										-2
									]
								}
							}
						},
						{
							"origin": [
								-7,
								0,
								-7
							],
							"size": [
								2,
								15,
								2
							],
							"uv": {
								"north": {
									"uv": [
										1,
										1
									],
									"uv_size": [
										2,
										15
									]
								},
								"east": {
									"uv": [
										13,
										1
									],
									"uv_size": [
										2,
										15
									]
								},
								"south": {
									"uv": [
										13,
										1
									],
									"uv_size": [
										2,
										15
									]
								},
								"west": {
									"uv": [
										1,
										1
									],
									"uv_size": [
										2,
										15
									]
								},
								"up": {
									"uv": [
										3,
										15
									],
									"uv_size": [
										-2,
										-2
									]
								},
								"down": {
									"uv": [
										16,
										3
									],
									"uv_size": [
										-2,
										-2
									]
								}
							}
						},
						{
							"origin": [
								5,
								0,
								5
							],
							"size": [
								2,
								15,
								2
							],
							"uv": {
								"north": {
									"uv": [
										13,
										1
									],
									"uv_size": [
										2,
										15
									]
								},
								"east": {
									"uv": [
										1,
										1
									],
									"uv_size": [
										2,
										15
									]
								},
								"south": {
									"uv": [
										1,
										1
									],
									"uv_size": [
										2,
										15
									]
								},
								"west": {
									"uv": [
										13,
										1
									],
									"uv_size": [
										2,
										15
									]
								},
								"up": {
									"uv": [
										15,
										3
									],
									"uv_size": [
										-2,
										-2
									]
								},
								"down": {
									"uv": [
										15,
										15
									],
									"uv_size": [
										-2,
										-2
									]
								}
							}
						},
						{
							"origin": [
								-7,
								0,
								5
							],
							"size": [
								2,
								15,
								2
							],
							"uv": {
								"north": {
									"uv": [
										1,
										4
									],
									"uv_size": [
										2,
										12
									]
								},
								"east": {
									"uv": [
										1,
										4
									],
									"uv_size": [
										2,
										12
									]
								},
								"south": {
									"uv": [
										13,
										4
									],
									"uv_size": [
										2,
										12
									]
								},
								"west": {
									"uv": [
										13,
										4
									],
									"uv_size": [
										2,
										12
									]
								},
								"up": {
									"uv": [
										3,
										3
									],
									"uv_size": [
										-2,
										-2
									]
								},
								"down": {
									"uv": [
										3,
										15
									],
									"uv_size": [
										-2,
										-2
									]
								}
							}
						},
						{
							"origin": [
								-7,
								12,
								7
							],
							"size": [
								14,
								3,
								1
							],
							"uv": {
								"north": {
									"uv": [
										1,
										1
									],
									"uv_size": [
										14,
										3
									]
								},
								"east": {
									"uv": [
										6.875,
										4.625
									],
									"uv_size": [
										0.125,
										0.375
									]
								},
								"south": {
									"uv": [
										1,
										1
									],
									"uv_size": [
										14,
										3
									]
								},
								"west": {
									"uv": [
										8.75,
										4.625
									],
									"uv_size": [
										0.125,
										0.375
									]
								},
								"up": {
									"uv": [
										7,
										4.5
									],
									"uv_size": [
										1.75,
										0.125
									]
								},
								"down": {
									"uv": [
										14.75,
										1
									],
									"uv_size": [
										-14,
										-1
									]
								}
							}
						},
						{
							"origin": [
								7,
								12,
								-8
							],
							"size": [
								1,
								3,
								16
							],
							"uv": {
								"north": {
									"uv": [
										15,
										1
									],
									"uv_size": [
										1,
										3
									]
								},
								"east": {
									"uv": [
										1,
										1
									],
									"uv_size": [
										14,
										3
									]
								},
								"south": {
									"uv": [
										1,
										1
									],
									"uv_size": [
										1,
										3
									]
								},
								"west": {
									"uv": [
										1,
										1
									],
									"uv_size": [
										14,
										3
									]
								},
								"up": {
									"uv": [
										16,
										15
									],
									"uv_size": [
										-1,
										-14
									]
								},
								"down": {
									"uv": [
										16,
										15
									],
									"uv_size": [
										-1,
										-14
									]
								}
							}
						},
						{
							"origin": [
								-7,
								12,
								-8
							],
							"size": [
								14,
								3,
								1
							],
							"uv": {
								"north": {
									"uv": [
										1,
										1
									],
									"uv_size": [
										14,
										3
									]
								},
								"east": {
									"uv": [
										0,
										6.75
									],
									"uv_size": [
										0.125,
										0.375
									]
								},
								"south": {
									"uv": [
										1,
										1
									],
									"uv_size": [
										14,
										3
									]
								},
								"west": {
									"uv": [
										1.875,
										6.75
									],
									"uv_size": [
										0.125,
										0.375
									]
								},
								"up": {
									"uv": [
										14.75,
										1
									],
									"uv_size": [
										-14,
										-1
									]
								},
								"down": {
									"uv": [
										14.75,
										1
									],
									"uv_size": [
										-14,
										-1
									]
								}
							}
						},
						{
							"origin": [
								-8,
								12,
								-8
							],
							"size": [
								1,
								3,
								16
							],
							"uv": {
								"north": {
									"uv": [
										0,
										1
									],
									"uv_size": [
										1,
										3
									]
								},
								"east": {
									"uv": [
										1,
										1
									],
									"uv_size": [
										14,
										3
									]
								},
								"south": {
									"uv": [
										9.125,
										7
									],
									"uv_size": [
										0.125,
										0.375
									]
								},
								"west": {
									"uv": [
										1,
										1
									],
									"uv_size": [
										14,
										3
									]
								},
								"up": {
									"uv": [
										1,
										15
									],
									"uv_size": [
										-1,
										-14
									]
								},
								"down": {
									"uv": [
										1,
										15
									],
									"uv_size": [
										-1,
										-14
									]
								}
							}
						}
					]
				}
			]
		}
	]
}