{
  "format_version": "1.8.0",
  "minecraft:attachable": {
    "description": {
      "identifier": "alchemistry_energy:dark_matter_chestplate",
      "materials": {
        "default": "armor",
        "enchanted": "armor_enchanted"
      },
      "textures": {
        "default": "textures/models/armor/new_dm_armor_1",
        "enchanted": "textures/misc/enchanted_item_glint"
      },
      "geometry": {
        "default": "geometry.alchemistryhd_armor.chestplate"
      },
      "scripts": {
        "parent_setup": "variable.chest_layer_visible = 0.0;",
        "scale": 2
      },
      "render_controllers": [ "controller.render.armor" ]
    }
  }
}
