{
 "resource_pack_name": "vatonage",
 "texture_name": "atlas.items",
 "texture_data": {
   "vatonage:common_totem_chest": {
     "textures": "textures/items/chests/common_totem"
   },
   "vatonage:uncommon_totem_chest": {
     "textures": "textures/items/chests/uncommon_totem"
   },
   "vatonage:legendary_totem_chest": {
     "textures": "textures/items/chests/legendary_totem"
   },
   "vatonage:rare_totem_chest": {
     "textures": "textures/items/chests/rare_totem"
   },
   "vatonage:mythical_totem_chest": {
     "textures": "textures/items/chests/mythical_totem"
   },
   "vatonage:totem_allay": {
     "textures": "textures/items/totems/totem_allay"
   },
   "vatonage:totem_axolotl": {
     "textures": "textures/items/totems/totem_axolotl"
   },
   "vatonage:totem_bat": {
     "textures": "textures/items/totems/totem_bat"
   },
   "vatonage:totem_bee": {
     "textures": "textures/items/totems/totem_bee"
   },
   "vatonage:totem_blaze": {
     "textures": "textures/items/totems/totem_blaze"
   },
   "vatonage:totem_cat": {
     "textures": "textures/items/totems/totem_cat"
   },
   "vatonage:totem_cave_spider": {
     "textures": "textures/items/totems/totem_cave_spider"
   },
   "vatonage:totem_chicken": {
     "textures": "textures/items/totems/totem_chicken"
   },
   "vatonage:totem_cod": {
     "textures": "textures/items/totems/totem_cod"
   },
   "vatonage:totem_cow": {
     "textures": "textures/items/totems/totem_cow"
   },
   "vatonage:totem_creeper": {
     "textures": "textures/items/totems/totem_creeper"
   },
   "vatonage:totem_dolphin": {
     "textures": "textures/items/totems/totem_dolphin"
   },
   "vatonage:totem_drowned": {
     "textures": "textures/items/totems/totem_drowned"
   },
   "vatonage:totem_elder_guardian": {
     "textures": "textures/items/totems/totem_elder_guardian"
   },
   "vatonage:totem_ender_dragon": {
     "textures": "textures/items/totems/totem_ender_dragon"
   },
   "vatonage:totem_enderman": {
     "textures": "textures/items/totems/totem_enderman"
   },
   "vatonage:totem_endermite": {
     "textures": "textures/items/totems/totem_endermite"
   },
   "vatonage:totem_fox": {
     "textures": "textures/items/totems/totem_fox"
   },
   "vatonage:totem_frog": {
     "textures": "textures/items/totems/totem_frog"
   },
   "vatonage:totem_ghast": {
     "textures": "textures/items/totems/totem_ghast"
   },
   "vatonage:totem_glow_squid": {
     "textures": "textures/items/totems/totem_glow_squid"
   },
   "vatonage:totem_goat": {
     "textures": "textures/items/totems/totem_goat"
   },
   "vatonage:totem_guardian": {
     "textures": "textures/items/totems/totem_guardian"
   },
   "vatonage:totem_hoglin": {
     "textures": "textures/items/totems/totem_hoglin"
   },
   "vatonage:totem_horse": {
     "textures": "textures/items/totems/totem_horse"
   },
   "vatonage:totem_husk": {
     "textures": "textures/items/totems/totem_husk"
   },
   "vatonage:totem_iron_golem": {
     "textures": "textures/items/totems/totem_iron_golem"
   },
   "vatonage:totem_llama": {
     "textures": "textures/items/totems/totem_llama"
   },
   "vatonage:totem_magma_cube": {
     "textures": "textures/items/totems/totem_magma_cube"
   },
   "vatonage:totem_mooshroom": {
     "textures": "textures/items/totems/totem_mooshroom"
   },
   "vatonage:totem_ocelot": {
     "textures": "textures/items/totems/totem_ocelot"
   },
   "vatonage:totem_panda": {
     "textures": "textures/items/totems/totem_panda"
   },
   "vatonage:totem_parrot": {
     "textures": "textures/items/totems/totem_parrot"
   },
   "vatonage:totem_phantom": {
     "textures": "textures/items/totems/totem_phantom"
   },
   "vatonage:totem_pig": {
     "textures": "textures/items/totems/totem_pig"
   },
   "vatonage:totem_piglin_brute": {
     "textures": "textures/items/totems/totem_piglin_brute"
   },
   "vatonage:totem_piglin": {
     "textures": "textures/items/totems/totem_piglin"
   },
   "vatonage:totem_pillager": {
     "textures": "textures/items/totems/totem_pillager"
   },
   "vatonage:totem_polar_bear": {
     "textures": "textures/items/totems/totem_polar_bear"
   },
   "vatonage:totem_pufferfish": {
     "textures": "textures/items/totems/totem_pufferfish"
   },
   "vatonage:totem_rabbit": {
     "textures": "textures/items/totems/totem_rabbit"
   },
   "vatonage:totem_ravager": {
     "textures": "textures/items/totems/totem_ravager"
   },
   "vatonage:totem_salmon": {
     "textures": "textures/items/totems/totem_salmon"
   },
   "vatonage:totem_sea_turtle": {
     "textures": "textures/items/totems/totem_sea_turtle"
   },
   "vatonage:totem_sheep": {
     "textures": "textures/items/totems/totem_sheep"
   },
   "vatonage:totem_shulker": {
     "textures": "textures/items/totems/totem_shulker"
   },
   "vatonage:totem_silverfish": {
     "textures": "textures/items/totems/totem_silverfish"
   },
   "vatonage:totem_skeleton_horse": {
     "textures": "textures/items/totems/totem_skeleton_horse"
   },
   "vatonage:totem_skeleton": {
     "textures": "textures/items/totems/totem_skeleton"
   },
   "vatonage:totem_slime": {
     "textures": "textures/items/totems/totem_slime"
   },
   "vatonage:totem_snow_golem": {
     "textures": "textures/items/totems/totem_snow_golem"
   },
   "vatonage:totem_spider": {
     "textures": "textures/items/totems/totem_spider"
   },
   "vatonage:totem_squid": {
     "textures": "textures/items/totems/totem_squid"
   },
   "vatonage:totem_stray": {
     "textures": "textures/items/totems/totem_stray"
   },
   "vatonage:totem_strider": {
     "textures": "textures/items/totems/totem_strider"
   },
   "vatonage:totem_tropical_fish": {
     "textures": "textures/items/totems/totem_tropical_fish"
   },
   "vatonage:totem_vex": {
     "textures": "textures/items/totems/totem_vex"
   },
   "vatonage:totem_villager": {
     "textures": "textures/items/totems/totem_villager"
   },
   "vatonage:totem_vindicator": {
     "textures": "textures/items/totems/totem_vindicator"
   },
   "vatonage:totem_wandering_trader": {
     "textures": "textures/items/totems/totem_wandering_trader"
   },
   "vatonage:totem_warden": {
     "textures": "textures/items/totems/totem_warden"
   },
   "vatonage:totem_witch": {
     "textures": "textures/items/totems/totem_witch"
   },
   "vatonage:totem_wither_skeleton": {
     "textures": "textures/items/totems/totem_wither_skeleton"
   },
   "vatonage:totem_wither": {
     "textures": "textures/items/totems/totem_wither"
   },
   "vatonage:totem_wolf": {
     "textures": "textures/items/totems/totem_wolf"
   },
   "vatonage:totem_zombie_piglin": {
     "textures": "textures/items/totems/totem_zombie_piglin"
   },
   "vatonage:totem_zombie_villager": {
     "textures": "textures/items/totems/totem_zombie_villager"
   },
   "vatonage:totem_zombie": {
     "textures": "textures/items/totems/totem_zombie"
   }
 }
}