{"format_version":"1.19.0","minecraft:client_entity":{"description":{"identifier":"spark_portals:guide_book","materials":{"default":"entity_alphatest"},"textures":{"page_0":"textures/spark/spportals/entity/guide_book/page_0","page_1_0":"textures/spark/spportals/entity/guide_book/page_1_0","page_1_1":"textures/spark/spportals/entity/guide_book/page_1_1","page_1_2":"textures/spark/spportals/entity/guide_book/page_1_2","page_1_3":"textures/spark/spportals/entity/guide_book/page_1_3","page_1_4":"textures/spark/spportals/entity/guide_book/page_1_4","page_1_5":"textures/spark/spportals/entity/guide_book/page_1_5","page_1_6":"textures/spark/spportals/entity/guide_book/page_1_6","page_1_7":"textures/spark/spportals/entity/guide_book/page_1_7","page_1_8":"textures/spark/spportals/entity/guide_book/page_1_8","page_1_9":"textures/spark/spportals/entity/guide_book/page_1_9","page_1_10":"textures/spark/spportals/entity/guide_book/page_1_10","page_1_11":"textures/spark/spportals/entity/guide_book/page_1_11","page_1_12":"textures/spark/spportals/entity/guide_book/page_1_12","page_1_13":"textures/spark/spportals/entity/guide_book/page_1_13","page_1_14":"textures/spark/spportals/entity/guide_book/page_1_14","page_1_15":"textures/spark/spportals/entity/guide_book/page_1_15","page_2":"textures/spark/spportals/entity/guide_book/page_2","page_3":"textures/spark/spportals/entity/guide_book/page_3","page_4":"textures/spark/spportals/entity/guide_book/page_4"},"geometry":{"default":"geometry.spark_portals.guide_book"},"animations":{"state":"controller.animation.spark_portals.guide_book.states","opened":"animation.spark_portals.guide_book.opened","flip_right":"animation.spark_portals.guide_book.page_flip1","flip_left":"animation.spark_portals.guide_book.page_flip2","open":"animation.spark_portals.guide_book.open","close":"animation.spark_portals.guide_book.close","orient_to_player":"animation.spark_portals.guide_book.target_player"},"sound_effects":{"open_sound":"sound.spark_portals.book_place","close_sound":"sound.spark_portals.book_close","turn_pages":"sound.spark_portals.book_flick_page"},"scripts":{"animate":["state","orient_to_player"],"pre_animation":["v.page_timer = math.mod(math.floor(q.time_stamp / 30), 16);"]},"spawn_egg":{"texture":"spark_portals_recipe_book","texture_index":0},"render_controllers":[{"controller.render.spark_portals.guide_book":"q.property('spark:page') != 1"},{"controller.render.spark_portals.guide_book.flip":"q.property('spark:page') == 1"}]}}}
