{"format_version":"1.19.0","minecraft:client_entity":{"description":{"identifier":"spark_portals:portal_marker","materials":{"opening":"spark_portals_portal_opening","glow":"spark_portals_entity_flat_additive","tint":"spark_portals_entity_flat_additive"},"textures":{"portal_black":"textures/spark/spportals/entity/portal_center/portal_black","portal_blue":"textures/spark/spportals/entity/portal_center/portal_blue","portal_brown":"textures/spark/spportals/entity/portal_center/portal_brown","portal_cyan":"textures/spark/spportals/entity/portal_center/portal_cyan","portal_gray":"textures/spark/spportals/entity/portal_center/portal_gray","portal_green":"textures/spark/spportals/entity/portal_center/portal_green","portal_light_blue":"textures/spark/spportals/entity/portal_center/portal_light_blue","portal_light_gray":"textures/spark/spportals/entity/portal_center/portal_light_gray","portal_lime":"textures/spark/spportals/entity/portal_center/portal_lime","portal_magenta":"textures/spark/spportals/entity/portal_center/portal_magenta","portal_orange":"textures/spark/spportals/entity/portal_center/portal_orange","portal_pink":"textures/spark/spportals/entity/portal_center/portal_pink","portal_purple":"textures/spark/spportals/entity/portal_center/portal_purple","portal_red":"textures/spark/spportals/entity/portal_center/portal_red","portal_white":"textures/spark/spportals/entity/portal_center/portal_white","portal_yellow":"textures/spark/spportals/entity/portal_center/portal_yellow","tint_black":"textures/spark/spportals/entity/portal_tint/portal_black","tint_blue":"textures/spark/spportals/entity/portal_tint/portal_blue","tint_brown":"textures/spark/spportals/entity/portal_tint/portal_brown","tint_cyan":"textures/spark/spportals/entity/portal_tint/portal_cyan","tint_gray":"textures/spark/spportals/entity/portal_tint/portal_gray","tint_green":"textures/spark/spportals/entity/portal_tint/portal_green","tint_light_blue":"textures/spark/spportals/entity/portal_tint/portal_light_blue","tint_light_gray":"textures/spark/spportals/entity/portal_tint/portal_light_gray","tint_lime":"textures/spark/spportals/entity/portal_tint/portal_lime","tint_magenta":"textures/spark/spportals/entity/portal_tint/portal_magenta","tint_orange":"textures/spark/spportals/entity/portal_tint/portal_orange","tint_pink":"textures/spark/spportals/entity/portal_tint/portal_pink","tint_purple":"textures/spark/spportals/entity/portal_tint/portal_purple","tint_red":"textures/spark/spportals/entity/portal_tint/portal_red","tint_white":"textures/spark/spportals/entity/portal_tint/portal_white","tint_yellow":"textures/spark/spportals/entity/portal_tint/portal_yellow","glow":"textures/spark/spportals/entity/portal_glow","glow_flat":"textures/spark/spportals/entity/portal_glow_flat","tint":"textures/spark/spportals/entity/portal_tint"},"geometry":{"default":"geometry.spark_portals_portal_opening","glow":"geometry.spark_portals.portal_glow","glow_flat":"geometry.spark_portals.portal_glow_flat","tint":"geometry.spark_portals.portal_tint"},"render_controllers":["controller.render.spark_pets.portal_opening","controller.render.spark_pets.portal_glow","controller.render.spark_pets.portal_glow_flat","controller.render.spark_pets.portal_tint"],"animations":{"state":"animation.spark_portals.portal.state","ambient_sound_animation":"animation.spark_portals.portal.ambient_sound"},"scripts":{"animate":["state","ambient_sound_animation"]},"particle_effects":{"fireflies":"spark_portals:fireflies"},"sound_effects":{"portal_passive":"sound.spark_portals.portal_passive"}}}}
