{
  "format_version": "1.10.0",
  "minecraft:attachable": {
    "description": {
      "identifier": "vatonage:drill",
      "materials": {
        "default": "entity_alphatest",
        "enchanted": "entity_alphatest_glint"
      },
      "textures": {
        "default": "textures/entity/drill",
        "enchanted": "textures/misc/enchanted_item_glint"
      },
      "geometry": {
        "default": "geometry.drill"
      },
      "animations": {
        "wield": "animation.drill.idle",
        "wield_first_person": "animation.drill.first"
      },
      "scripts": {
        "animate": [
          "wield",
          {
            "wield_first_person": "c.is_first_person"
          }
        ]
      },
      "render_controllers": [ "controller.render.item_default" ]
    }
  }
}
