{
    "format_version": "1.10.0",
    "minecraft:attachable": {
        "description": {
            "identifier": "vatonage:midnight_chestplate",
            "materials": {
                "default": "armor",
                "enchanted": "armor_enchanted",
		        "defaultx": "ender_dragon"
            },
            "textures": {
				"a": "textures/models/armor/midnight_armor_1",
				"b": "textures/models/armor/midnight_armor_2",
				"c": "textures/models/armor/midnight_armor_3",
				"d": "textures/models/armor/midnight_armor_4",
				"e": "textures/models/armor/midnight_armor_5",
				"f": "textures/models/armor/midnight_armor_5",
				"g": "textures/models/armor/midnight_armor_6",
				"h": "textures/models/armor/midnight_armor_7",
				"i": "textures/models/armor/midnight_armor_8",
				"j": "textures/models/armor/midnight_armor_10",
				"k": "textures/models/armor/midnight_armor_11",
				"l": "textures/models/armor/midnight_armor_12",
				"m": "textures/models/armor/midnight_armor_13",
				"n": "textures/models/armor/midnight_armor_14",
				"o": "textures/models/armor/midnight_armor_15",
				"p": "textures/models/armor/midnight_armor_16",
				"enchanted": "textures/misc/enchanted_item_glint"
            },
            "geometry": {
                "default": "geometry.midnight_armor.chestplate"
            },
            "scripts":{
                "parent_setup": "variable.chest_layer_visible = 0.0;"
            },
            "render_controllers": [
                "controller.render.graphenearmor"
            ]
        }
    }
}