{
	"format_version": "1.12.0",
	"minecraft:geometry": [
		{
			"description": {
				"identifier": "geometry.book",
				"texture_width": 64,
				"texture_height": 32,
				"visible_bounds_width": 3,
				"visible_bounds_height": 3,
				"visible_bounds_offset": [0, 0.5, 0]
			},
			"bones": [
				{
					"name": "root",
					"pivot": [0, 0, 0],
					"locators": {
						"glow": [0, 0, 0]
					}
				},
				{
					"name": "Book",
					"parent": "root",
					"pivot": [0, 0, 0],
					"cubes": [
						{
							"origin": [-1, 0, -5],
							"size": [2, 0.01, 10],
							"uv": {
								"north": {"uv": [12, 0], "uv_size": [2, 0]},
								"east": {"uv": [12, 0], "uv_size": [2, 0]},
								"south": {"uv": [12, 0], "uv_size": [2, 0]},
								"west": {"uv": [12, 0], "uv_size": [2, 0]},
								"up": {"uv": [14, 10], "uv_size": [-2, -10]},
								"down": {"uv": [14, 10], "uv_size": [-2, -10]}
							}
						}
					]
				},
				{
					"name": "page",
					"parent": "Book",
					"pivot": [1, 0, 0],
					"cubes": [
						{
							"origin": [1, 0, -5],
							"size": [6, 0.01, 10],
							"uv": {
								"north": {"uv": [0, 0], "uv_size": [6, 10]},
								"east": {"uv": [0, 0], "uv_size": [6, 10]},
								"south": {"uv": [0, 0], "uv_size": [6, 10]},
								"west": {"uv": [0, 0], "uv_size": [6, 10]},
								"up": {"uv": [6, 10], "uv_size": [-6, -10]},
								"down": {"uv": [28, 10], "uv_size": [-6, -10]}
							}
						},
						{
							"origin": [0.99, 0.1, -4],
							"size": [5, 1, 8],
							"uv": {
								"north": {"uv": [1, 10], "uv_size": [5, 1]},
								"east": {"uv": [0, 11], "uv_size": [1, 8]},
								"south": {"uv": [1, 10], "uv_size": [5, 1]},
								"west": {"uv": [0, 11], "uv_size": [1, 8]},
								"up": {"uv": [6, 19], "uv_size": [-5, -8]},
								"down": {"uv": [6, 19], "uv_size": [-5, -8]}
							}
						}
					]
				},
				{
					"name": "page_mo2",
					"parent": "page",
					"pivot": [1, 1, 0],
					"cubes": [
						{
							"origin": [0.99, 1.1, -4],
							"size": [5, 0.01, 8],
							"uv": {
								"north": {"uv": [1, 10], "uv_size": [5, 1]},
								"east": {"uv": [0, 11], "uv_size": [1, 8]},
								"south": {"uv": [1, 10], "uv_size": [5, 1]},
								"west": {"uv": [0, 11], "uv_size": [1, 8]},
								"up": {"uv": [24, 19], "uv_size": [-5, -8]},
								"down": {"uv": [24, 19], "uv_size": [-5, -8]}
							}
						}
					]
				},
				{
					"name": "page2",
					"parent": "Book",
					"pivot": [-1, 0, 0],
					"cubes": [
						{
							"origin": [-7, 0, -5],
							"size": [6, 0.01, 10],
							"uv": {
								"north": {"uv": [16, 0], "uv_size": [6, 10]},
								"east": {"uv": [16, 0], "uv_size": [6, 10]},
								"south": {"uv": [16, 0], "uv_size": [6, 10]},
								"west": {"uv": [16, 0], "uv_size": [6, 10]},
								"up": {"uv": [22, 10], "uv_size": [-6, -10]},
								"down": {"uv": [12, 10], "uv_size": [-6, -10]}
							}
						},
						{
							"origin": [-5.99, 0.1, -4],
							"size": [5, 1, 8],
							"uv": {
								"north": {"uv": [6, 10], "uv_size": [5, 1]},
								"east": {"uv": [12, 11], "uv_size": [1, 8]},
								"south": {"uv": [6, 10], "uv_size": [5, 1]},
								"west": {"uv": [12, 11], "uv_size": [1, 8]},
								"up": {"uv": [12, 19], "uv_size": [-5, -8]},
								"down": {"uv": [12, 19], "uv_size": [-5, -8]}
							}
						}
					]
				},
				{
					"name": "page_mo",
					"parent": "page2",
					"pivot": [-1, 1, 0],
					"cubes": [
						{
							"origin": [-6.01, 1.1, -4],
							"size": [5, 0.01, 8],
							"uv": {
								"north": {"uv": [1, 10], "uv_size": [5, 1]},
								"east": {"uv": [0, 11], "uv_size": [1, 8]},
								"south": {"uv": [1, 10], "uv_size": [5, 1]},
								"west": {"uv": [0, 11], "uv_size": [1, 8]},
								"up": {"uv": [18, 19], "uv_size": [-5, -8]},
								"down": {"uv": [18, 19], "uv_size": [-5, -8]}
							}
						}
					]
				}
			]
		}
	]
}