{
	"format_version": "1.12.0",
	"minecraft:geometry": [
		{
			"description": {
				"identifier": "geometry.chest",
				"texture_width": 64,
				"texture_height": 64,
				"visible_bounds_width": 2,
				"visible_bounds_height": 2.5,
				"visible_bounds_offset": [0, 0.75, 0]
			},
			"bones": [
				{
					"name": "chest",
					"pivot": [0, 8, 0],
					"rotation": [0, 0, -180],
					"cubes": [
						{"origin": [-7, 6, -7], "size": [14, 10, 14], "uv": [0, 19]}
					]
				},
				{
					"name": "top",
					"parent": "chest",
					"pivot": [0, 7, -7],
					"cubes": [
						{"origin": [-7, 2, -7], "size": [14, 5, 14], "uv": [0, 0]},
						{"origin": [-1, 5, 7], "size": [2, 4, 1], "uv": [0, 0]}
					]
				}
			]
		}
	]
}