{
	"format_version": "1.12.0",
	"minecraft:geometry": [
		{
			"description": {
				"identifier": "geometry.item_float",
				"texture_width": 64,
				"texture_height": 64,
				"visible_bounds_width": 2,
				"visible_bounds_height": 3.5,
				"visible_bounds_offset": [0, 1.25, 0]
			},
			"bones": [
				{
					"name": "root",
					"pivot": [0, 10, 0]
				},
				{
					"name": "body",
					"parent": "root",
					"pivot": [0, 10, 0]
				},
				{
					"name": "rightarm",
					"parent": "body",
					"pivot": [-5, 10, 0]
				},
				{
					"name": "point",
					"parent": "rightarm",
					"pivot": [-0.5, 1, 1]
				},
				{
					"name": "rightitem",
					"parent": "point",
					"pivot": [-0.5, 1, 1],
					"rotation": [-80, -10, -16]
				}
			]
		}
	]
}