{
	"format_version": "1.12.0",
	"minecraft:geometry": [
		{
			"description": {
				"identifier": "geometry.drill",
				"texture_width": 64,
				"texture_height": 64,
				"visible_bounds_width": 4,
				"visible_bounds_height": 3.5,
				"visible_bounds_offset": [0, 1.25, 0]
			},
			"bones": [
				{
					"name": "root",
					"pivot": [0, 0, 0]
				},
				{
					"name": "waist",
					"parent": "root",
					"pivot": [0, 12, 0]
				},
				{
					"name": "body",
					"parent": "waist",
					"pivot": [0, 24, 0]
				},
				{
					"name": "head",
					"parent": "body",
					"pivot": [0, 24, 0]
				},
				{
					"name": "hat",
					"parent": "head",
					"pivot": [0, 24, 0]
				},
				{
					"name": "cape",
					"parent": "body",
					"pivot": [0, 24, 3]
				},
				{
					"name": "leftArm",
					"parent": "body",
					"pivot": [5, 22, 0]
				},
				{
					"name": "leftSleeve",
					"parent": "leftArm",
					"pivot": [5, 22, 0]
				},
				{
					"name": "leftItem",
					"parent": "leftArm",
					"pivot": [6, 15, 1]
				},
				{
					"name": "rightArm",
					"parent": "body",
					"pivot": [-5, 22, 0],
					"rotation": [-55, 0, 0]
				},
				{
					"name": "rightSleeve",
					"parent": "rightArm",
					"pivot": [-5, 22, 0]
				},
				{
					"name": "rightItem",
					"parent": "rightArm",
					"pivot": [-6, 15, 1],
					"locators": {
						"lead_hold": [-6, 15, 1]
					}
				},
				{
					"name": "swordroot",
					"parent": "rightArm",
					"pivot": [-6, 15, 1],
					"cubes": [
						{"origin": [-7, 12.75, -2.75], "size": [2, 2, 6], "uv": [33, 17]},
						{"origin": [-7.5, 8, -4.5], "size": [3, 7, 2], "uv": [54, 0]},
						{"origin": [-9.5, 4, -3.5], "size": [6, 6, 7], "uv": [0, 0]},
						{"origin": [-10.5, 9, 2], "size": [7, 2, 2], "uv": [36, 0]},
						{"origin": [-12.5, 7, 2], "size": [2, 4, 2], "uv": [20, 15]},
						{"origin": [-12.5, 7, -1], "size": [2, 2, 3], "uv": [28, 17]},
						{"origin": [-8.5, -1, -2.5], "size": [4, 5, 4], "uv": [38, 4]},
						{"origin": [-9.5, 0, -3.5], "size": [5, 4, 1], "uv": [19, 0]},
						{"origin": [-7.5, 1, 3], "size": [3, 14, 2], "uv": [54, 0]}
					]
				},
				{
					"name": "bone7",
					"parent": "swordroot",
					"pivot": [-11.5, 8, -0.75],
					"cubes": [
						{"origin": [-12, 7.5, -1.25], "size": [1, 1, 1], "uv": [33, 13]}
					]
				},
				{
					"name": "bone6",
					"parent": "swordroot",
					"pivot": [-6.5, -6.5, -0.5],
					"cubes": [
						{"origin": [-7, -7, -1], "size": [1, 1, 1], "pivot": [-6.5, -7.5, -0.5], "rotation": [0, -90, 0], "uv": [27, 27]}
					]
				},
				{
					"name": "bone5",
					"parent": "swordroot",
					"pivot": [-6.5, -5.5, -0.5],
					"cubes": [
						{"origin": [-7.5, -6, -1.5], "size": [2, 1, 2], "pivot": [-6.5, -7.5, -0.5], "rotation": [0, -90, 0], "uv": [27, 29]}
					]
				},
				{
					"name": "bone4",
					"parent": "swordroot",
					"pivot": [-6.5, -4.5, -0.5],
					"cubes": [
						{"origin": [-8, -5, -2], "size": [3, 1, 3], "pivot": [-6.5, -7.5, -0.5], "rotation": [0, -90, 0], "uv": [18, 23]}
					]
				},
				{
					"name": "bone3",
					"parent": "swordroot",
					"pivot": [-6.5, -3.5, -0.5],
					"cubes": [
						{"origin": [-8.5, -4, -2.5], "size": [4, 1, 4], "pivot": [-6.5, -7.5, -0.5], "rotation": [0, -90, 0], "uv": [15, 28]}
					]
				},
				{
					"name": "bone2",
					"parent": "swordroot",
					"pivot": [-6.5, -2.5, -0.5],
					"cubes": [
						{"origin": [-9, -3, -3], "size": [5, 1, 5], "pivot": [-6.5, -7.5, -0.5], "rotation": [0, -90, 0], "uv": [0, 28]}
					]
				},
				{
					"name": "bone",
					"parent": "swordroot",
					"pivot": [-6.5, -1.5, -0.5],
					"cubes": [
						{"origin": [-9.5, -2, -3.5], "size": [6, 1, 6], "pivot": [-6.5, -1.5, -0.5], "rotation": [0, -90, 0], "uv": [0, 21]}
					]
				},
				{
					"name": "bone13",
					"parent": "swordroot",
					"pivot": [-7, 4.5, -3.25],
					"cubes": [
						{"origin": [-8.5, 1, -4], "size": [3, 7, 1], "uv": [0, 13]}
					]
				},
				{
					"name": "bone11",
					"parent": "bone13",
					"pivot": [-7, 7, -4],
					"cubes": [
						{"origin": [-7.5, 6.5, -4.5], "size": [1, 1, 1], "uv": [1, 3]}
					]
				},
				{
					"name": "bone10",
					"parent": "bone13",
					"pivot": [-7, 5.5, -4],
					"cubes": [
						{"origin": [-7.5, 5, -4.5], "size": [1, 1, 1], "uv": [1, 3]}
					]
				},
				{
					"name": "bone9",
					"parent": "bone13",
					"pivot": [-7, 4, -4],
					"cubes": [
						{"origin": [-7.5, 3.5, -4.5], "size": [1, 1, 1], "uv": [1, 3]}
					]
				},
				{
					"name": "bone8",
					"parent": "bone13",
					"pivot": [-7, 2.5, -4],
					"cubes": [
						{"origin": [-7.5, 2, -4.5], "size": [1, 1, 1], "uv": [1, 3]}
					]
				},
				{
					"name": "bone12",
					"parent": "swordroot",
					"pivot": [-3.75, 7.5, -2.41667],
					"cubes": [
						{"origin": [-2.75, 6.5, -7.5], "size": [3, 2, 3], "uv": [8, 15]},
						{"origin": [-1.75, 7, -4.5], "size": [1, 1, 3], "uv": [29, 4]},
						{"origin": [-3.75, 7, -2.5], "size": [2, 1, 1], "uv": [0, 0]}
					]
				},
				{
					"name": "jacket",
					"parent": "body",
					"pivot": [0, 24, 0]
				},
				{
					"name": "leftLeg",
					"parent": "root",
					"pivot": [1.9, 12, 0]
				},
				{
					"name": "leftPants",
					"parent": "leftLeg",
					"pivot": [1.9, 12, 0]
				},
				{
					"name": "rightLeg",
					"parent": "root",
					"pivot": [-1.9, 12, 0]
				},
				{
					"name": "rightPants",
					"parent": "rightLeg",
					"pivot": [-1.9, 12, 0]
				}
			]
		}
	]
}