{
	"format_version": "1.12.0",
	"minecraft:geometry": [
		{
			"description": {
				"identifier": "geometry.graphene_armor.chestplate",
				"texture_width": 128,
				"texture_height": 128,
				"visible_bounds_width": 6,
				"visible_bounds_height": 5,
				"visible_bounds_offset": [0, 1.5, 0]
			},
			"bones": [
				{
					"name": "root",
					"pivot": [0, 0, 0]
				},
				{
					"name": "waist",
					"parent": "root",
					"pivot": [0, 12, 0]
				},
				{
					"name": "body",
					"parent": "waist",
					"pivot": [0, 24, 0],
					"cubes": [
						{"origin": [-4, 12, -2], "size": [8, 12, 4], "uv": [88, 112]},
						{"origin": [-4.5, 11.6, -2.5], "size": [9, 13, 5], "uv": [57, 0]},
						{"origin": [-4, 12.25, -2], "size": [8, 12, 4], "inflate": 0.25, "uv": [72, 29]}
					]
				},
				{
					"name": "leftArm",
					"parent": "body",
					"pivot": [5, 22, 0],
					"cubes": [
						{"origin": [4, 12, -2], "size": [4, 12, 4], "uv": [112, 112], "mirror": true}
					]
				},
				{
					"name": "leftSleeve",
					"parent": "leftArm",
					"pivot": [5, 22, 0]
				},
				{
					"name": "leftItem",
					"parent": "leftArm",
					"pivot": [6, 15, 1]
				},
				{
					"name": "plech_left",
					"parent": "leftArm",
					"pivot": [-5, 22, 0],
					"cubes": [
						{"origin": [7, 11, -3], "size": [2, 3, 6], "uv": [78, 20], "mirror": true},
						{"origin": [7, 15, -3], "size": [2, 1, 6], "uv": [96, 0], "mirror": true},
						{"origin": [5, 11, -3], "size": [2, 2, 6], "uv": [112, 19], "mirror": true},
						{"origin": [8, 14, -1], "size": [1, 8, 2], "uv": [72, 18], "mirror": true},
						{"origin": [6, 22, -3], "size": [3, 3, 6], "inflate": 0.1, "uv": [100, 21], "mirror": true},
						{"origin": [4, 12, -2], "size": [4, 12, 4], "uv": [112, 112], "mirror": true},
						{"origin": [4, 12, -2], "size": [4, 12, 4], "inflate": 0.2, "uv": [112, 0], "mirror": true},
						{"origin": [4, 16, -2], "size": [2, 4, 4], "inflate": 0.4, "uv": [88, 11], "mirror": true},
						{"origin": [4, 16.5, -2], "size": [2, 3, 4], "inflate": 0.3, "uv": [88, 19], "mirror": true},
						{"origin": [4, 24, -1], "size": [2, 1, 2], "uv": [88, 8], "mirror": true},
						{"origin": [6, 22, -3], "size": [3, 3, 6], "uv": [100, 11], "mirror": true}
					]
				},
				{
					"name": "bone3",
					"parent": "plech_left",
					"pivot": [8, 19.5, -1],
					"cubes": [
						{"origin": [7, 20, -3], "size": [2, 1, 2], "inflate": 0.1, "uv": [106, 0], "mirror": true},
						{"origin": [7, 19, -3], "size": [2, 1, 2], "uv": [98, 11], "mirror": true},
						{"origin": [7, 18, -3], "size": [2, 1, 2], "inflate": 0.1, "uv": [120, 16], "mirror": true}
					]
				},
				{
					"name": "bone4",
					"parent": "plech_left",
					"pivot": [8, 19.5, 1],
					"rotation": [180, 0, 0],
					"cubes": [
						{"origin": [7, 20, -1], "size": [2, 1, 2], "inflate": 0.1, "uv": [106, 0], "mirror": true},
						{"origin": [7, 19, -1], "size": [2, 1, 2], "uv": [98, 11], "mirror": true},
						{"origin": [7, 18, -1], "size": [2, 1, 2], "inflate": 0.1, "uv": [120, 16], "mirror": true}
					]
				},
				{
					"name": "rightArm",
					"parent": "body",
					"pivot": [-5, 22, 0]
				},
				{
					"name": "rightSleeve",
					"parent": "rightArm",
					"pivot": [-5, 22, 0]
				},
				{
					"name": "rightItem",
					"parent": "rightArm",
					"pivot": [-6, 15, 1],
					"locators": {
						"lead_hold": [-6, 15, 1]
					}
				},
				{
					"name": "swordroot",
					"parent": "rightArm",
					"pivot": [0, 15, 12]
				},
				{
					"name": "cp_body",
					"parent": "swordroot",
					"pivot": [0, 26.5, 12]
				},
				{
					"name": "cp_chest",
					"parent": "cp_body",
					"pivot": [0, 28.75, 12]
				},
				{
					"name": "tail",
					"parent": "cp_chest",
					"pivot": [0, 29, 23]
				},
				{
					"name": "c_head",
					"parent": "cp_body",
					"pivot": [0, 32, 10]
				},
				{
					"name": "plech_right",
					"parent": "rightArm",
					"pivot": [5, 22, 0],
					"cubes": [
						{"origin": [-9, 11, -3], "size": [2, 3, 6], "uv": [78, 20]},
						{"origin": [-9, 15, -3], "size": [2, 1, 6], "uv": [96, 0]},
						{"origin": [-7, 11, -3], "size": [2, 2, 6], "uv": [112, 19]},
						{"origin": [-9, 14, -1], "size": [1, 8, 2], "uv": [72, 18]},
						{"origin": [-9, 22, -3], "size": [3, 3, 6], "inflate": 0.1, "uv": [100, 21]},
						{"origin": [-8, 12, -2], "size": [4, 12, 4], "uv": [112, 112]},
						{"origin": [-8, 12, -2], "size": [4, 12, 4], "inflate": 0.2, "uv": [112, 0]},
						{"origin": [-6, 16, -2], "size": [2, 4, 4], "inflate": 0.4, "uv": [88, 11]},
						{"origin": [-6, 16.5, -2], "size": [2, 3, 4], "inflate": 0.3, "uv": [88, 19]},
						{"origin": [-6, 24, -1], "size": [2, 1, 2], "uv": [88, 8]},
						{"origin": [-9, 22, -3], "size": [3, 3, 6], "uv": [100, 11]}
					]
				},
				{
					"name": "bone",
					"parent": "plech_right",
					"pivot": [-8, 19.5, -1],
					"cubes": [
						{"origin": [-9, 20, -3], "size": [2, 1, 2], "inflate": 0.1, "uv": [106, 0]},
						{"origin": [-9, 19, -3], "size": [2, 1, 2], "uv": [98, 11]},
						{"origin": [-9, 18, -3], "size": [2, 1, 2], "inflate": 0.1, "uv": [120, 16]}
					]
				},
				{
					"name": "bone2",
					"parent": "plech_right",
					"pivot": [-8, 19.5, 1],
					"rotation": [180, 0, 0],
					"cubes": [
						{"origin": [-9, 20, -1], "size": [2, 1, 2], "inflate": 0.1, "uv": [106, 0]},
						{"origin": [-9, 19, -1], "size": [2, 1, 2], "uv": [98, 11]},
						{"origin": [-9, 18, -1], "size": [2, 1, 2], "inflate": 0.1, "uv": [120, 16]}
					]
				}
			]
		}
	]
}