{
	"format_version": "1.12.0",
	"minecraft:geometry": [
		{
			"description": {
				"identifier": "geometry.midnight_armor.boots",
				"texture_width": 128,
				"texture_height": 128,
				"visible_bounds_width": 6,
				"visible_bounds_height": 5,
				"visible_bounds_offset": [0, 1.5, 0]
			},
			"bones": [
				{
					"name": "root",
					"pivot": [0, 0, 0]
				},
				{
					"name": "waist",
					"parent": "root",
					"pivot": [0, 12, 0]
				},
				{
					"name": "leftLeg",
					"parent": "root",
					"pivot": [1.9, 12, 0]
				},
				{
					"name": "leftPants",
					"parent": "leftLeg",
					"pivot": [1.9, 12, 0]
				},
				{
					"name": "boot_left",
					"parent": "leftLeg",
					"pivot": [-5, 22, 0],
					"cubes": [
						{"origin": [-0.5, 0, -2.5], "size": [5, 3, 5], "inflate": 0.2, "uv": [0, 0], "mirror": true},
						{"origin": [-0.5, 2, -2.5], "size": [5, 2, 5], "uv": [20, 0], "mirror": true},
						{"origin": [-0.5, 0, -2.5], "size": [5, 3, 5], "inflate": 0.18, "uv": [47, 11], "mirror": true}
					]
				},
				{
					"name": "rightLeg",
					"parent": "root",
					"pivot": [-1.9, 12, 0]
				},
				{
					"name": "rightPants",
					"parent": "rightLeg",
					"pivot": [-1.9, 12, 0]
				},
				{
					"name": "boot_right",
					"parent": "rightLeg",
					"pivot": [5, 22, 0],
					"cubes": [
						{"origin": [-4.5, 0, -2.5], "size": [5, 3, 5], "inflate": 0.2, "uv": [0, 0]},
						{"origin": [-4.5, 2, -2.5], "size": [5, 2, 5], "uv": [20, 0]},
						{"origin": [-4.5, 0, -2.5], "size": [5, 3, 5], "inflate": 0.18, "uv": [47, 11]}
					]
				}
			]
		}
	]
}