{
	"format_version": "1.12.0",
	"minecraft:geometry": [
		{
			"description": {
				"identifier": "geometry.midnight_armor.chestplate",
				"texture_width": 128,
				"texture_height": 128,
				"visible_bounds_width": 6,
				"visible_bounds_height": 5,
				"visible_bounds_offset": [0, 1.5, 0]
			},
			"bones": [
				{
					"name": "root",
					"pivot": [0, 0, 0]
				},
				{
					"name": "waist",
					"parent": "root",
					"pivot": [0, 12, 0]
				},
				{
					"name": "body",
					"parent": "waist",
					"pivot": [0, 24, 0],
					"cubes": [
						{"origin": [-4, 12, -2], "size": [8, 12, 4], "inflate": 0.32, "uv": [72, 33]},
						{"origin": [-0.5, 15, 1.8], "size": [1, 8, 1], "inflate": 0.1, "uv": [47, 33]}
					]
				},
				{
					"name": "leftArm",
					"parent": "body",
					"pivot": [5, 22, 0]
				},
				{
					"name": "leftSleeve",
					"parent": "leftArm",
					"pivot": [5, 22, 0]
				},
				{
					"name": "leftItem",
					"parent": "leftArm",
					"pivot": [6, 15, 1]
				},
				{
					"name": "t_sh_left",
					"parent": "leftArm",
					"pivot": [-5, 22, 0],
					"cubes": [
						{"origin": [4, 12, -2], "size": [4, 12, 4], "inflate": 0.3, "uv": [112, 0], "mirror": true},
						{"origin": [3.5, 11.75, -2.5], "size": [5, 3, 5], "inflate": 0.2, "uv": [86, 0], "mirror": true},
						{"origin": [3.5, 11.75, -2.5], "size": [5, 3, 5], "inflate": 0.18, "uv": [62, 14], "mirror": true},
						{"origin": [6, 19.75, -3], "size": [4, 1, 6], "uv": [80, 8], "mirror": true},
						{"origin": [10.3, 15.25, -3], "size": [0, 6, 6], "uv": [100, 2], "mirror": true},
						{"origin": [10.1, 15.25, -3], "size": [0, 6, 6], "uv": [100, 8], "mirror": true},
						{"origin": [6, 17.75, -3], "size": [4, 1, 6], "uv": [80, 8], "mirror": true},
						{"origin": [6, 15.75, -3], "size": [4, 1, 6], "uv": [80, 8], "mirror": true}
					]
				},
				{
					"name": "bone2",
					"parent": "t_sh_left",
					"pivot": [7, 24, 0],
					"rotation": [0, 0, -15],
					"cubes": [
						{"origin": [5, 21, -2.5], "size": [4, 6, 5], "inflate": 0.1, "uv": [0, 8], "mirror": true},
						{"origin": [5, 21, -2.5], "size": [4, 6, 5], "uv": [52, 0], "mirror": true}
					]
				},
				{
					"name": "rightArm",
					"parent": "body",
					"pivot": [-5, 22, 0]
				},
				{
					"name": "rightSleeve",
					"parent": "rightArm",
					"pivot": [-5, 22, 0]
				},
				{
					"name": "rightItem",
					"parent": "rightArm",
					"pivot": [-6, 15, 1],
					"locators": {
						"lead_hold": [-6, 15, 1]
					}
				},
				{
					"name": "swordroot",
					"parent": "rightArm",
					"pivot": [0, 15, 12]
				},
				{
					"name": "cp_body",
					"parent": "swordroot",
					"pivot": [0, 26.5, 12]
				},
				{
					"name": "cp_chest",
					"parent": "cp_body",
					"pivot": [0, 28.75, 12]
				},
				{
					"name": "tail",
					"parent": "cp_chest",
					"pivot": [0, 29, 23]
				},
				{
					"name": "c_head",
					"parent": "cp_body",
					"pivot": [0, 32, 10]
				},
				{
					"name": "t_sh_right",
					"parent": "rightArm",
					"pivot": [5, 22, 0],
					"cubes": [
						{"origin": [-8, 12, -2], "size": [4, 12, 4], "inflate": 0.3, "uv": [112, 0]},
						{"origin": [-8.5, 11.75, -2.5], "size": [5, 3, 5], "inflate": 0.2, "uv": [86, 0]},
						{"origin": [-8.5, 11.75, -2.5], "size": [5, 3, 5], "inflate": 0.18, "uv": [62, 14]},
						{"origin": [-10, 19.75, -3], "size": [4, 1, 6], "uv": [80, 8]},
						{"origin": [-10.3, 15.25, -3], "size": [0, 6, 6], "uv": [100, 2]},
						{"origin": [-10.1, 15.25, -3], "size": [0, 6, 6], "uv": [100, 8]},
						{"origin": [-10, 17.75, -3], "size": [4, 1, 6], "uv": [80, 8]},
						{"origin": [-10, 15.75, -3], "size": [4, 1, 6], "uv": [80, 8]}
					]
				},
				{
					"name": "bone",
					"parent": "t_sh_right",
					"pivot": [-7, 24, 0],
					"rotation": [0, 0, 15],
					"cubes": [
						{"origin": [-9, 21, -2.5], "size": [4, 6, 5], "inflate": 0.1, "uv": [0, 8]},
						{"origin": [-9, 21, -2.5], "size": [4, 6, 5], "uv": [52, 0]}
					]
				},
				{
					"name": "jacket",
					"parent": "body",
					"pivot": [0, 24, 0]
				},
				{
					"name": "bone5",
					"parent": "body",
					"pivot": [0, 15, 2.75],
					"cubes": [
						{"origin": [-0.5, 15, 1.8], "size": [1, 1, 1], "uv": [52, 39]}
					]
				},
				{
					"name": "bone7",
					"parent": "body",
					"pivot": [0, 14, 2.75],
					"cubes": [
						{"origin": [-1, 14, 2.05], "size": [2, 1, 1], "uv": [52, 42]},
						{"origin": [-1, 16, 2.05], "size": [2, 1, 1], "uv": [52, 42]},
						{"origin": [-1, 20.5, 2.05], "size": [2, 1, 1], "uv": [52, 42]},
						{"origin": [-1, 22.5, 2.05], "size": [2, 1, 1], "uv": [52, 42]},
						{"origin": [-1, 18.25, 2.05], "size": [2, 1, 1], "uv": [52, 42]},
						{"origin": [1, 22.5, 3.05], "size": [2, 1, 0], "pivot": [1, 19, 3.05], "rotation": [0, 25, 0], "uv": [57, 38]},
						{"origin": [1, 20.5, 3.05], "size": [2, 1, 0], "pivot": [1, 19, 3.05], "rotation": [0, 25, 0], "uv": [57, 38]},
						{"origin": [1, 18.25, 3.05], "size": [2, 1, 0], "pivot": [1, 18.75, 3.05], "rotation": [0, 25, 0], "uv": [57, 38]},
						{"origin": [1, 16, 3.05], "size": [2, 1, 0], "pivot": [1, 18.5, 3.05], "rotation": [0, 25, 0], "uv": [57, 38]},
						{"origin": [1, 14, 3.05], "size": [2, 1, 0], "pivot": [1, 18.5, 3.05], "rotation": [0, 25, 0], "uv": [57, 38]},
						{"origin": [-3, 22.5, 3.05], "size": [2, 1, 0], "pivot": [-1, 19, 3.05], "rotation": [0, -25, 0], "uv": [57, 38], "mirror": true},
						{"origin": [-3, 20.5, 3.05], "size": [2, 1, 0], "pivot": [-1, 19, 3.05], "rotation": [0, -25, 0], "uv": [57, 38], "mirror": true},
						{"origin": [-3, 18.25, 3.05], "size": [2, 1, 0], "pivot": [-1, 18.75, 3.05], "rotation": [0, -25, 0], "uv": [57, 38], "mirror": true},
						{"origin": [-3, 16, 3.05], "size": [2, 1, 0], "pivot": [-1, 18.5, 3.05], "rotation": [0, -25, 0], "uv": [57, 38], "mirror": true},
						{"origin": [-3, 14, 3.05], "size": [2, 1, 0], "pivot": [-1, 18.5, 3.05], "rotation": [0, -25, 0], "uv": [57, 38], "mirror": true}
					]
				},
				{
					"name": "bone6",
					"parent": "body",
					"pivot": [-2, 20.75, -2.75],
					"cubes": [
						{"origin": [-4, 16.25, -3], "size": [2, 2, 0], "pivot": [-2, 17.25, -3], "rotation": [0, 10, 0], "uv": [62, 41]},
						{"origin": [-2, 16.25, -3], "size": [4, 2, 0], "uv": [63, 38]},
						{"origin": [2, 16.25, -3], "size": [2, 2, 0], "pivot": [2, 17.25, -3], "rotation": [0, -10, 0], "uv": [67, 41], "mirror": true},
						{"origin": [2, 18.75, -3], "size": [2, 2, 0], "pivot": [2, 19.75, -3], "rotation": [0, -10, 0], "uv": [67, 41], "mirror": true},
						{"origin": [-2, 18.75, -3], "size": [4, 2, 0], "uv": [63, 38]},
						{"origin": [-4, 18.75, -3], "size": [2, 2, 0], "pivot": [-2, 19.75, -3], "rotation": [0, 10, 0], "uv": [62, 41]},
						{"origin": [-4, 21.25, -3], "size": [2, 2, 0], "pivot": [-2, 22.25, -3], "rotation": [0, 10, 0], "uv": [62, 41]},
						{"origin": [-2, 21.25, -3], "size": [4, 2, 0], "uv": [63, 38]},
						{"origin": [2, 21.25, -3], "size": [2, 2, 0], "pivot": [2, 22.25, -3], "rotation": [0, -10, 0], "uv": [67, 41], "mirror": true},
						{"origin": [-2, 17.75, -2.75], "size": [4, 4, 0], "uv": [58, 44]},
						{"origin": [2, 17.75, -2.75], "size": [2, 4, 0], "pivot": [2, 20.75, -2.75], "rotation": [0, -10, 0], "uv": [67, 44], "mirror": true},
						{"origin": [-4, 17.75, -2.75], "size": [2, 4, 0], "pivot": [-2, 20.75, -2.75], "rotation": [0, 10, 0], "uv": [67, 44]}
					]
				}
			]
		}
	]
}