{
	"format_version": "1.12.0",
	"minecraft:geometry": [
		{
			"description": {
				"identifier": "geometry.modular_tool_sword",
				"texture_width": 128,
				"texture_height": 128,
				"visible_bounds_width": 5,
				"visible_bounds_height": 6,
				"visible_bounds_offset": [0, 1, 0]
			},
			"bones": [
				{
					"name": "rightItem",
					"pivot": [0, 0, 0],
					"rotation": [0, 90, 0]
				},
				{
					"name": "Espada",
					"parent": "rightItem",
					"pivot": [0, 0, 0]
				},
				{
					"name": "bone6",
					"parent": "Espada",
					"pivot": [0, 19, 0],
					"cubes": [
						{"origin": [-1, 34, -2], "size": [2, 10, 4], "uv": [0, 0]}
					]
				},
				{
					"name": "Coronha",
					"parent": "Espada",
					"pivot": [0, 19, 6],
					"cubes": [
						{"origin": [-1.4, 18, 1], "size": [2.75, 3, 8], "uv": [59, 30]},
						{"origin": [0, 19, 1], "size": [0, 6, 15], "uv": [20, 9]}
					]
				},
				{
					"name": "Coronha2",
					"parent": "Espada",
					"pivot": [0, 19, -6],
					"cubes": [
						{"origin": [-1.4, 18, -9], "size": [2.75, 3, 8], "uv": [55, 55]},
						{"origin": [0, 19, -16], "size": [0, 6, 15], "uv": [20, 3]}
					]
				},
				{
					"name": "bone7",
					"parent": "Espada",
					"pivot": [0, 19, 0],
					"cubes": [
						{"origin": [-1.25, 43, -1], "size": [2.5, 4, 4], "pivot": [0, 46, 0], "rotation": [-45, 0, 0], "uv": [28, 65]}
					]
				},
				{
					"name": "bone5",
					"parent": "Espada",
					"pivot": [0, 19, 0],
					"cubes": [
						{"origin": [-1.25, 19, -3], "size": [2.5, 15, 6], "uv": [47, 42]}
					]
				},
				{
					"name": "Cabo",
					"parent": "rightItem",
					"pivot": [0, 0, 0]
				},
				{
					"name": "bone",
					"parent": "Cabo",
					"pivot": [0, 0, 0],
					"cubes": [
						{"origin": [-1.5, 7, -1.5], "size": [3, 12, 3], "uv": [16, 61]}
					]
				},
				{
					"name": "bone3",
					"parent": "Cabo",
					"pivot": [-2, 18, -2.5],
					"cubes": [
						{"origin": [-1, 17, -3.5], "size": [2, 2, 2], "uv": [20, 0]}
					]
				},
				{
					"name": "bone4",
					"parent": "Cabo",
					"pivot": [2, 18, 2.5],
					"cubes": [
						{"origin": [-1, 17, 1.5], "size": [2, 2, 2], "uv": [20, 4]}
					]
				},
				{
					"name": "bone12",
					"parent": "Cabo",
					"pivot": [0, 0, 0],
					"cubes": [
						{"origin": [-1.5, 20, -1.5], "size": [3, 4, 3], "uv": [51, 66]}
					]
				},
				{
					"name": "Norm",
					"parent": "rightItem",
					"pivot": [0, 0, 0],
					"cubes": [
						{"origin": [-2.5, 0, -2.5], "size": [5, 7, 5], "uv": [23, 49]},
						{"origin": [-2, 1, -2], "size": [4, 5, 4], "uv": [60, 0]},
						{"origin": [0, -2, 2.5], "size": [0, 9, 4], "uv": [0, 17]},
						{"origin": [0, -2, -5.5], "size": [0, 9, 4], "uv": [0, 32]}
					]
				}
			]
		}
	]
}