{
	"format_version": "1.12.0",
	"minecraft:geometry": [
		{
			"description": {
				"identifier": "geometry.modular_all",
				"texture_width": 128,
				"texture_height": 128,
				"visible_bounds_width": 3,
				"visible_bounds_height": 5,
				"visible_bounds_offset": [0, 1.5, 0]
			},
			"bones": [
				{
					"name": "rightItem",
					"pivot": [0, 0, 0]
				},
				{
					"name": "Enxada",
					"parent": "rightItem",
					"pivot": [0, 20, 0]
				},
				{
					"name": "bone23",
					"parent": "Enxada",
					"pivot": [0, 20, 0]
				},
				{
					"name": "bone24",
					"parent": "bone23",
					"pivot": [0, 20, 0],
					"cubes": [
						{"origin": [-2, 19, -7], "size": [4, 4, 10], "uv": [42, 3]}
					]
				},
				{
					"name": "bone25",
					"parent": "bone23",
					"pivot": [0, 20, 0],
					"cubes": [
						{"origin": [-3, 18, -14], "size": [6, 3, 10], "uv": [20, 0]}
					]
				},
				{
					"name": "Pa",
					"parent": "rightItem",
					"pivot": [0, 0, 0]
				},
				{
					"name": "bone21",
					"parent": "Pa",
					"pivot": [0, 0, 0],
					"cubes": [
						{"origin": [-1, 19, -3], "size": [2, 9, 6], "uv": [0, 54]}
					]
				},
				{
					"name": "bone22",
					"parent": "Pa",
					"pivot": [0, 0, 0],
					"cubes": [
						{"origin": [0, 27, -3], "size": [0, 3, 6], "uv": [0, 12]}
					]
				},
				{
					"name": "Machado",
					"parent": "rightItem",
					"pivot": [0, 0, 0]
				},
				{
					"name": "bone20",
					"parent": "Machado",
					"pivot": [0, 0, 0],
					"cubes": [
						{"origin": [-1.5, 23.9408, -10.81948], "size": [3, 6, 11], "pivot": [0, 24.9408, -4.81948], "rotation": [67.5, 0, 0], "uv": [0, 37]}
					]
				},
				{
					"name": "bone17",
					"parent": "Machado",
					"pivot": [0, 0, 0],
					"cubes": [
						{"origin": [-2.5, 19, 1.5], "size": [5, 8, 7], "pivot": [0, 23.5, 4.5], "rotation": [-45, 0, 0], "uv": [43, 23]}
					]
				},
				{
					"name": "bone16",
					"parent": "Machado",
					"pivot": [0, 0, 0],
					"cubes": [
						{"origin": [-2, 19, -7.5], "size": [4, 7, 11], "uv": [23, 30]}
					]
				},
				{
					"name": "bone19",
					"parent": "Machado",
					"pivot": [0, 0, 0],
					"cubes": [
						{"origin": [-1, 16.39752, -11.11558], "size": [2, 6, 7], "pivot": [0, 19.39752, -7.11558], "rotation": [102.5, 0, 0], "uv": [36, 56]}
					]
				},
				{
					"name": "Picareta",
					"parent": "rightItem",
					"pivot": [0, 0, 0]
				},
				{
					"name": "bone8",
					"parent": "Picareta",
					"pivot": [0, 0, 0]
				},
				{
					"name": "bone9",
					"parent": "bone8",
					"pivot": [0, 0, 0],
					"cubes": [
						{"origin": [-2, 19, 0], "size": [4, 4, 4], "uv": [63, 41]}
					]
				},
				{
					"name": "bone10",
					"parent": "bone8",
					"pivot": [0, 0, 0],
					"cubes": [
						{"origin": [-2, 19, -4], "size": [4, 4, 4], "uv": [60, 17]}
					]
				},
				{
					"name": "bone11",
					"parent": "Picareta",
					"pivot": [0, 0, 0]
				},
				{
					"name": "bone13",
					"parent": "bone11",
					"pivot": [0, 0, 0],
					"cubes": [
						{"origin": [-1.5, 20, 2], "size": [3, 4, 14], "pivot": [0, 22, 4], "rotation": [-20, 0, 0], "uv": [0, 18]}
					]
				},
				{
					"name": "bone14",
					"parent": "bone11",
					"pivot": [0, 0, 0],
					"cubes": [
						{"origin": [-1.5, 20, -16], "size": [3, 4, 14], "pivot": [0, 22, -4], "rotation": [15, 0, 0], "uv": [0, 0]}
					]
				},
				{
					"name": "Espada",
					"parent": "rightItem",
					"pivot": [0, 0, 0]
				},
				{
					"name": "bone6",
					"parent": "Espada",
					"pivot": [0, 19, 0],
					"cubes": [
						{"origin": [-1, 34, -2], "size": [2, 10, 4], "uv": [0, 0]}
					]
				},
				{
					"name": "Coronha",
					"parent": "Espada",
					"pivot": [0, 19, 6],
					"cubes": [
						{"origin": [-1.4, 18, 1], "size": [2.75, 3, 8], "uv": [59, 30]},
						{"origin": [0, 19, 1], "size": [0, 6, 15], "uv": [20, 9]}
					]
				},
				{
					"name": "Coronha2",
					"parent": "Espada",
					"pivot": [0, 19, -6],
					"cubes": [
						{"origin": [-1.4, 18, -9], "size": [2.75, 3, 8], "uv": [55, 55]},
						{"origin": [0, 19, -16], "size": [0, 6, 15], "uv": [20, 3]}
					]
				},
				{
					"name": "bone7",
					"parent": "Espada",
					"pivot": [0, 19, 0],
					"cubes": [
						{"origin": [-1.25, 43, -1], "size": [2.5, 4, 4], "pivot": [0, 46, 0], "rotation": [-45, 0, 0], "uv": [28, 65]}
					]
				},
				{
					"name": "bone5",
					"parent": "Espada",
					"pivot": [0, 19, 0],
					"cubes": [
						{"origin": [-1.25, 19, -3], "size": [2.5, 15, 6], "uv": [47, 42]}
					]
				},
				{
					"name": "Cabo",
					"parent": "rightItem",
					"pivot": [0, 0, 0]
				},
				{
					"name": "bone",
					"parent": "Cabo",
					"pivot": [0, 0, 0],
					"cubes": [
						{"origin": [-1.5, 7, -1.5], "size": [3, 12, 3], "uv": [16, 61]}
					]
				},
				{
					"name": "bone3",
					"parent": "Cabo",
					"pivot": [-2, 18, -2.5],
					"cubes": [
						{"origin": [-1, 17, -3.5], "size": [2, 2, 2], "uv": [20, 0]}
					]
				},
				{
					"name": "bone4",
					"parent": "Cabo",
					"pivot": [2, 18, 2.5],
					"cubes": [
						{"origin": [-1, 17, 1.5], "size": [2, 2, 2], "uv": [20, 4]}
					]
				},
				{
					"name": "bone12",
					"parent": "Cabo",
					"pivot": [0, 0, 0],
					"cubes": [
						{"origin": [-1.5, 20, -1.5], "size": [3, 4, 3], "uv": [51, 66]}
					]
				},
				{
					"name": "Norm",
					"parent": "rightItem",
					"pivot": [0, 0, 0],
					"cubes": [
						{"origin": [-2.5, 0, -2.5], "size": [5, 7, 5], "uv": [23, 49]},
						{"origin": [-2, 1, -2], "size": [4, 5, 4], "uv": [60, 0]},
						{"origin": [0, -2, 2.5], "size": [0, 9, 4], "uv": [0, 17]},
						{"origin": [0, -2, -5.5], "size": [0, 9, 4], "uv": [0, 32]}
					]
				}
			]
		}
	]
}