{
	"format_version": "1.12.0",
	"minecraft:geometry": [
		{
			"description": {
				"identifier": "geometry.radiation_tank",
				"texture_width": 64,
				"texture_height": 64,
				"visible_bounds_width": 2,
				"visible_bounds_height": 2.5,
				"visible_bounds_offset": [0, 0.75, 0]
			},
			"bones": [
				{
					"name": "bb_main",
					"pivot": [0, 0, 0],
					"cubes": [
						{
							"origin": [-6, 0, -6],
							"size": [12, 16, 12],
							"uv": {
								"north": {"uv": [0, 0], "uv_size": [12, 16]},
								"east": {"uv": [12, 0], "uv_size": [12, 16]},
								"south": {"uv": [0, 16], "uv_size": [12, 16]},
								"west": {"uv": [12, 16], "uv_size": [12, 16]},
								"up": {"uv": [24, 0], "uv_size": [12, 12]},
								"down": {"uv": [24, 24], "uv_size": [12, -12]}
							}
						}
					]
				}
			]
		}
	]
}