{
  "format_version": "1.16.0",
  "minecraft:geometry": [
    {
      "description": {
        "identifier": "geometry.vatonage_basic.tutorial_book",
        "texture_width": 128,
        "texture_height": 128,
        "visible_bounds_width": 10,
        "visible_bounds_height": 9,
        "visible_bounds_offset": [0, 0.5, 0]
      },
      "bones": [
        {
          "name": "root_item",
          "pivot": [0, 0, 0],
          "binding": "q.item_slot_to_bone_name(c.item_slot)"
        },
        {
          "name": "view_first_person",
          "parent": "root_item",
          "pivot": [0, 7, -3],
          "binding": "'head'"
        },
        {
          "name": "beam",
          "parent": "view_first_person",
          "pivot": [0, 8, -4],
          "rotation": [-90, 0, 0],
          "cubes": [
            {
              "origin": [-1, 7, -13],
              "size": [2, 1, 18],
              "uv": {
                "north": { "uv": [108, 127], "uv_size": [2, 1] },
                "east": { "uv": [108, 127], "uv_size": [18, 1] },
                "south": { "uv": [108, 127], "uv_size": [2, 1] },
                "west": { "uv": [108, 127], "uv_size": [18, 1] },
                "up": { "uv": [126, 110], "uv_size": [2, 18] },
                "down": { "uv": [126, 128], "uv_size": [2, -18] }
              }
            }
          ]
        },
        {
          "name": "right_half",
          "parent": "view_first_person",
          "pivot": [0, 8, -3],
          "rotation": [-90, 0, 0],
          "cubes": [
            {
              "origin": [-2, 6.7, -11.925],
              "size": [1, 1, 17.875],
              "uv": {
                "north": { "uv": [126, 125], "uv_size": [-1, 1] },
                "east": { "uv": [125, 126], "uv_size": [-17, 1] },
                "south": { "uv": [125, 126], "uv_size": [-1, 1] },
                "west": { "uv": [125, 126], "uv_size": [-13, 1] },
                "up": { "uv": [125, 127], "uv_size": [1, -17] },
                "down": { "uv": [125, 114], "uv_size": [1, 13] }
              }
            },
            {
              "origin": [-12, 7, -12],
              "size": [12, 1, 18],
              "uv": {
                "north": { "uv": [85, 127], "uv_size": [12, 1] },
                "east": { "uv": [83, 125], "uv_size": [18, 1] },
                "south": { "uv": [85, 127], "uv_size": [12, 1] },
                "west": { "uv": [83, 125], "uv_size": [18, 1] },
                "up": { "uv": [101, 108], "uv_size": [12, 18] },
                "down": { "uv": [113, 126], "uv_size": [12, -18] }
              }
            },
            {
              "origin": [-11.5, 8, -12],
              "size": [11.5, 1, 18],
              "uv": {
                "north": { "uv": [110, 107], "uv_size": [-11.5, 1] },
                "east": { "uv": [110, 107], "uv_size": [18, 1] },
                "south": { "uv": [98.5, 107], "uv_size": [11.5, 1] },
                "west": { "uv": [110, 107], "uv_size": [18, 1] },
                "up": { "uv": [128, 100.5], "uv_size": [-63.85, -100.5] },
                "down": { "uv": [37.25, 128], "uv_size": [3.75, 0] }
              }
            },
            {
              "origin": [-10, 8.5, -2],
              "size": [3, 0, 3],
              "pivot": [-8.25, 8.5, 2.5],
              "rotation": [0, 42.5, 0],
              "uv": {
                "north": { "uv": [72, 127.75], "uv_size": [3, 0] },
                "east": { "uv": [72, 127.75], "uv_size": [3, 0] },
                "south": { "uv": [72, 127.75], "uv_size": [3, 0] },
                "west": { "uv": [72, 127.75], "uv_size": [3, 0] },
                "up": { "uv": [98, 122], "uv_size": [3, 3] },
                "down": { "uv": [64.5, 128], "uv_size": [3, -3] }
              }
            },
            {
              "origin": [-7, 8.25, -11],
              "size": [3, 0, 3],
              "pivot": [-5.25, 8.25, -2.5],
              "rotation": [0, 42.5, 0],
              "uv": {
                "north": { "uv": [22.75, 128], "uv_size": [3, 0] },
                "east": { "uv": [22.75, 128], "uv_size": [3, 0] },
                "south": { "uv": [22.75, 128], "uv_size": [3, 0] },
                "west": { "uv": [22.75, 128], "uv_size": [3, 0] },
                "up": { "uv": [98, 122], "uv_size": [3, 3] },
                "down": { "uv": [37, 128], "uv_size": [3, -3] }
              }
            }
          ]
        },
        {
          "name": "side_corner3",
          "parent": "right_half",
          "pivot": [0, 7, -3],
          "cubes": [
            {
              "origin": [-12.25, 7, 4],
              "size": [1, 1, 2],
              "inflate": 0.1,
              "uv": {
                "north": { "uv": [127, 123], "uv_size": [1, 1] },
                "east": { "uv": [126, 127], "uv_size": [2, 1] },
                "south": { "uv": [124.75, 127], "uv_size": [1, 1] },
                "west": { "uv": [126, 127], "uv_size": [2, 1] },
                "up": { "uv": [127, 125], "uv_size": [1, 2] },
                "down": { "uv": [127, 127], "uv_size": [1, -2] }
              }
            },
            {
              "origin": [-11.05, 7, 5],
              "size": [1, 1, 1],
              "inflate": 0.1,
              "uv": {
                "north": { "uv": [127, 111], "uv_size": [1, 1] },
                "east": { "uv": [108.25, 127], "uv_size": [1, 1] },
                "south": { "uv": [127, 112], "uv_size": [1, 1] },
                "west": { "uv": [109.25, 127], "uv_size": [1, 1] },
                "up": { "uv": [127, 113], "uv_size": [1, 1] },
                "down": { "uv": [110.25, 128], "uv_size": [1, -1] }
              }
            }
          ]
        },
        {
          "name": "side_corner4",
          "parent": "right_half",
          "pivot": [0, 7, -3],
          "cubes": [
            {
              "origin": [-12.25, 7, -12],
              "size": [1, 1, 2],
              "inflate": 0.1,
              "uv": {
                "north": { "uv": [127, 113], "uv_size": [1, 1] },
                "east": { "uv": [126, 127], "uv_size": [2, 1] },
                "south": { "uv": [108, 127], "uv_size": [1, 1] },
                "west": { "uv": [126, 127], "uv_size": [2, 1] },
                "up": { "uv": [127, 125], "uv_size": [1, 2] },
                "down": { "uv": [127, 126.75], "uv_size": [1, -2] }
              }
            },
            {
              "origin": [-11.05, 7, -12],
              "size": [1, 1, 1],
              "inflate": 0.1,
              "uv": {
                "north": { "uv": [127, 116.75], "uv_size": [1, 1] },
                "east": { "uv": [121.75, 127], "uv_size": [1, 1] },
                "south": { "uv": [127, 114.25], "uv_size": [1, 1] },
                "west": { "uv": [122.75, 127], "uv_size": [1, 1] },
                "up": { "uv": [127, 112], "uv_size": [1, 1] },
                "down": { "uv": [123.75, 128], "uv_size": [1, -1] }
              }
            }
          ]
        },
        {
          "name": "left_half",
          "parent": "view_first_person",
          "pivot": [0, 8, -3],
          "rotation": [-90, 0, 0],
          "cubes": [
            {
              "origin": [0, 7, -12],
              "size": [12, 1, 18],
              "uv": {
                "north": { "uv": [85, 127], "uv_size": [12, 1] },
                "east": { "uv": [83, 125], "uv_size": [18, 1] },
                "south": { "uv": [85, 127], "uv_size": [12, 1] },
                "west": { "uv": [83, 125], "uv_size": [18, 1] },
                "up": { "uv": [101, 108], "uv_size": [12, 18] },
                "down": { "uv": [113, 126], "uv_size": [12, -18] }
              }
            },
            {
              "origin": [1, 6.7, -11.925],
              "size": [1, 1, 17.875],
              "uv": {
                "north": { "uv": [124, 126], "uv_size": [1, 1] },
                "east": { "uv": [108, 126], "uv_size": [17, 1] },
                "south": { "uv": [125, 125], "uv_size": [1, 1] },
                "west": { "uv": [112, 126], "uv_size": [13, 1] },
                "up": { "uv": [125, 110], "uv_size": [1, 17] },
                "down": { "uv": [125, 127], "uv_size": [1, -13] }
              }
            },
            {
              "origin": [0, 8, -12],
              "size": [11.5, 1, 18],
              "uv": {
                "north": { "uv": [98.5, 107], "uv_size": [11.5, 1] },
                "east": { "uv": [110, 107], "uv_size": [18, 1] },
                "south": { "uv": [110, 107], "uv_size": [-11.5, 1] },
                "west": { "uv": [110, 107], "uv_size": [18, 1] },
                "up": { "uv": [64, 100.5], "uv_size": [-64, -100.5] },
                "down": { "uv": [12.25, 128], "uv_size": [11.5, 0] }
              }
            },
            {
              "origin": [4.5, 8.5, 2],
              "size": [3, 0, 3],
              "pivot": [5.75, 8.5, 6.5],
              "rotation": [0, -42.5, 0],
              "uv": {
                "north": { "uv": [94, 126.5], "uv_size": [3, 0] },
                "east": { "uv": [94, 126.5], "uv_size": [3, 0] },
                "south": { "uv": [94, 126.5], "uv_size": [3, 0] },
                "west": { "uv": [94, 126.5], "uv_size": [3, 0] },
                "up": { "uv": [98, 122], "uv_size": [3, 3] },
                "down": { "uv": [60.75, 128], "uv_size": [21.5, 0] }
              }
            },
            {
              "origin": [4, 8.25, -11],
              "size": [3, 0, 3],
              "pivot": [5.25, 8.25, -2.5],
              "rotation": [0, -42.5, 0],
              "uv": {
                "north": { "uv": [94, 126.5], "uv_size": [3, 0] },
                "east": { "uv": [94, 126.5], "uv_size": [3, 0] },
                "south": { "uv": [94, 126.5], "uv_size": [3, 0] },
                "west": { "uv": [94, 126.5], "uv_size": [3, 0] },
                "up": { "uv": [98, 122], "uv_size": [3, 3] },
                "down": { "uv": [98, 125], "uv_size": [3, -3] }
              }
            }
          ]
        },
        {
          "name": "side_corner",
          "parent": "left_half",
          "pivot": [0, 7, -3],
          "cubes": [
            {
              "origin": [11.25, 7, 4],
              "size": [1, 1, 2],
              "inflate": 0.1,
              "uv": {
                "north": { "uv": [116.5, 127], "uv_size": [1, 1] },
                "east": { "uv": [123.75, 127], "uv_size": [2, 1] },
                "south": { "uv": [120.5, 127], "uv_size": [1, 1] },
                "west": { "uv": [123.75, 127], "uv_size": [2, 1] },
                "up": { "uv": [127, 126], "uv_size": [1, 2] },
                "down": { "uv": [127, 128], "uv_size": [1, -2] }
              }
            },
            {
              "origin": [10.05, 7, 5],
              "size": [1, 1, 1],
              "inflate": 0.1,
              "uv": {
                "north": { "uv": [127, 119.5], "uv_size": [1, 1] },
                "east": { "uv": [120, 127], "uv_size": [1, 1] },
                "south": { "uv": [127, 120.5], "uv_size": [1, 1] },
                "west": { "uv": [121, 127], "uv_size": [1, 1] },
                "up": { "uv": [122, 127], "uv_size": [1, 1] },
                "down": { "uv": [123, 128], "uv_size": [1, -1] }
              }
            }
          ]
        },
        {
          "name": "side_corner2",
          "parent": "left_half",
          "pivot": [0, 7, -3],
          "cubes": [
            {
              "origin": [11.25, 7, -12],
              "size": [1, 1, 2],
              "inflate": 0.1,
              "uv": {
                "north": { "uv": [119.75, 127], "uv_size": [1, 1] },
                "east": { "uv": [121.5625, 127], "uv_size": [2, 1] },
                "south": { "uv": [127, 125], "uv_size": [1, 1] },
                "west": { "uv": [123.5625, 127], "uv_size": [2, 1] },
                "up": { "uv": [126, 126], "uv_size": [1, 2] },
                "down": { "uv": [127, 128], "uv_size": [1, -2] }
              }
            },
            {
              "origin": [10.05, 7, -12],
              "size": [1, 1, 1],
              "inflate": 0.1,
              "uv": {
                "north": { "uv": [125, 127], "uv_size": [1, 1] },
                "east": { "uv": [126.9375, 126], "uv_size": [1, 1] },
                "south": { "uv": [127, 127], "uv_size": [1, 1] },
                "west": { "uv": [127, 113.75], "uv_size": [1, 1] },
                "up": { "uv": [127, 114.75], "uv_size": [1, 1] },
                "down": { "uv": [127, 116.75], "uv_size": [1, -1] }
              }
            }
          ]
        },
        {
          "name": "page_that_turns",
          "parent": "view_first_person",
          "pivot": [0, 8, -2.05],
          "rotation": [-90, 0, 0],
          "cubes": [
            {
              "origin": [-11.5, 8, -11.05],
              "size": [11.5, 0, 18],
              "uv": {
                "north": { "uv": [0, 0], "uv_size": [11.5, 0] },
                "east": { "uv": [0, 0], "uv_size": [18, 0] },
                "south": { "uv": [0, 0], "uv_size": [11.5, 0] },
                "west": { "uv": [0, 0], "uv_size": [18, 0] },
                "up": { "uv": [127.5, 100.5], "uv_size": [-63.5, -100.5] },
                "down": { "uv": [64, 0], "uv_size": [-64, 100.5] }
              }
            }
          ]
        },
        {
          "name": "view_third_person",
          "parent": "root_item",
          "pivot": [0, 7, -1],
          "binding": "'rightitem'",
          "locators": {
            "_null_placeholder": [0, 10.76927, -25.0673]
          }
        },
        {
          "name": "beam2",
          "parent": "view_third_person",
          "pivot": [0, 10.76927, -25.0673],
          "rotation": [-90, 0, 0],
          "cubes": [
            {
              "origin": [-1, 9.76927, -34.0673],
              "size": [2, 1, 18],
              "uv": {
                "north": { "uv": [108, 127], "uv_size": [2, 1] },
                "east": { "uv": [108, 127], "uv_size": [18, 1] },
                "south": { "uv": [108, 127], "uv_size": [2, 1] },
                "west": { "uv": [108, 127], "uv_size": [18, 1] },
                "up": { "uv": [126, 110], "uv_size": [2, 18] },
                "down": { "uv": [126, 128], "uv_size": [2, -18] }
              }
            }
          ]
        },
        {
          "name": "right_half2",
          "parent": "view_third_person",
          "pivot": [0, 10.76927, -24.0673],
          "rotation": [-90, 20, 0],
          "cubes": [
            {
              "origin": [-2.05, 9.49427, -32.8173],
              "size": [1, 1, 17.65],
              "uv": {
                "north": { "uv": [126, 125], "uv_size": [-1, 1] },
                "east": { "uv": [125, 126], "uv_size": [-17, 1] },
                "south": { "uv": [125, 126], "uv_size": [-1, 1] },
                "west": { "uv": [125, 126], "uv_size": [-13, 1] },
                "up": { "uv": [125, 127], "uv_size": [1, -17] },
                "down": { "uv": [125, 114], "uv_size": [1, 13] }
              }
            },
            {
              "origin": [-12, 9.76927, -33.0673],
              "size": [12, 1, 18],
              "uv": {
                "north": { "uv": [85, 127], "uv_size": [12, 1] },
                "east": { "uv": [83, 125], "uv_size": [18, 1] },
                "south": { "uv": [85, 127], "uv_size": [12, 1] },
                "west": { "uv": [83, 125], "uv_size": [18, 1] },
                "up": { "uv": [101, 108], "uv_size": [12, 18] },
                "down": { "uv": [113, 126], "uv_size": [12, -18] }
              }
            },
            {
              "origin": [-11.5, 10.76927, -33.0673],
              "size": [11.5, 1, 18],
              "uv": {
                "north": { "uv": [98.5, 107], "uv_size": [11.5, 1] },
                "east": { "uv": [110, 107], "uv_size": [18, 1] },
                "south": { "uv": [98.5, 107], "uv_size": [11.5, 1] },
                "west": { "uv": [110, 107], "uv_size": [18, 1] },
                "up": { "uv": [128, 100.5], "uv_size": [-63.85, -100.5] },
                "down": { "uv": [37.25, 128], "uv_size": [3.75, 0] }
              }
            },
            {
              "origin": [-10, 11.26927, -23.0673],
              "size": [3, 0, 3],
              "pivot": [-8.25, 11.26927, -18.5673],
              "rotation": [0, 42.5, 0],
              "uv": {
                "north": { "uv": [72, 127.75], "uv_size": [3, 0] },
                "east": { "uv": [72, 127.75], "uv_size": [3, 0] },
                "south": { "uv": [72, 127.75], "uv_size": [3, 0] },
                "west": { "uv": [72, 127.75], "uv_size": [3, 0] },
                "up": { "uv": [98, 122], "uv_size": [3, 3] },
                "down": { "uv": [64.5, 128], "uv_size": [3, -3] }
              }
            },
            {
              "origin": [-7, 11.01927, -32.0673],
              "size": [3, 0, 3],
              "pivot": [-5.25, 11.01927, -23.5673],
              "rotation": [0, 42.5, 0],
              "uv": {
                "north": { "uv": [22.75, 128], "uv_size": [3, 0] },
                "east": { "uv": [22.75, 128], "uv_size": [3, 0] },
                "south": { "uv": [22.75, 128], "uv_size": [3, 0] },
                "west": { "uv": [22.75, 128], "uv_size": [3, 0] },
                "up": { "uv": [98, 122], "uv_size": [3, 3] },
                "down": { "uv": [37, 128], "uv_size": [3, -3] }
              }
            }
          ]
        },
        {
          "name": "side_corner7",
          "parent": "right_half2",
          "pivot": [0, 9.76927, -24.0673],
          "cubes": [
            {
              "origin": [-12.25, 9.76927, -17.0673],
              "size": [1, 1, 2],
              "inflate": 0.1,
              "uv": {
                "north": { "uv": [127, 123], "uv_size": [1, 1] },
                "east": { "uv": [126, 127], "uv_size": [2, 1] },
                "south": { "uv": [124.75, 127], "uv_size": [1, 1] },
                "west": { "uv": [126, 127], "uv_size": [2, 1] },
                "up": { "uv": [127, 125], "uv_size": [1, 2] },
                "down": { "uv": [127, 127], "uv_size": [1, -2] }
              }
            },
            {
              "origin": [-11.05, 9.76927, -16.0673],
              "size": [1, 1, 1],
              "inflate": 0.1,
              "uv": {
                "north": { "uv": [127, 111], "uv_size": [1, 1] },
                "east": { "uv": [108.25, 127], "uv_size": [1, 1] },
                "south": { "uv": [127, 112], "uv_size": [1, 1] },
                "west": { "uv": [109.25, 127], "uv_size": [1, 1] },
                "up": { "uv": [127, 113], "uv_size": [1, 1] },
                "down": { "uv": [110.25, 128], "uv_size": [1, -1] }
              }
            }
          ]
        },
        {
          "name": "side_corner8",
          "parent": "right_half2",
          "pivot": [0, 9.76927, -24.0673],
          "cubes": [
            {
              "origin": [-12.25, 9.76927, -33.0673],
              "size": [1, 1, 2],
              "inflate": 0.1,
              "uv": {
                "north": { "uv": [127, 113], "uv_size": [1, 1] },
                "east": { "uv": [126, 127], "uv_size": [2, 1] },
                "south": { "uv": [108, 127], "uv_size": [1, 1] },
                "west": { "uv": [126, 127], "uv_size": [2, 1] },
                "up": { "uv": [127, 125], "uv_size": [1, 2] },
                "down": { "uv": [127, 126.75], "uv_size": [1, -2] }
              }
            },
            {
              "origin": [-11.05, 9.76927, -33.0673],
              "size": [1, 1, 1],
              "inflate": 0.1,
              "uv": {
                "north": { "uv": [127, 116.75], "uv_size": [1, 1] },
                "east": { "uv": [121.75, 127], "uv_size": [1, 1] },
                "south": { "uv": [127, 114.25], "uv_size": [1, 1] },
                "west": { "uv": [122.75, 127], "uv_size": [1, 1] },
                "up": { "uv": [127, 112], "uv_size": [1, 1] },
                "down": { "uv": [123.75, 128], "uv_size": [1, -1] }
              }
            }
          ]
        },
        {
          "name": "left_half2",
          "parent": "view_third_person",
          "pivot": [0, 10.76927, -24.0673],
          "rotation": [-90, -20, 0],
          "cubes": [
            {
              "origin": [0, 9.76927, -33.0673],
              "size": [12, 1, 18],
              "uv": {
                "north": { "uv": [85, 127], "uv_size": [12, 1] },
                "east": { "uv": [83, 125], "uv_size": [18, 1] },
                "south": { "uv": [85, 127], "uv_size": [12, 1] },
                "west": { "uv": [83, 125], "uv_size": [18, 1] },
                "up": { "uv": [101, 108], "uv_size": [12, 18] },
                "down": { "uv": [125, 126], "uv_size": [-12, -18] }
              }
            },
            {
              "origin": [1.05, 9.49427, -32.8173],
              "size": [1, 1, 17.65],
              "uv": {
                "north": { "uv": [124, 126], "uv_size": [1, 1] },
                "east": { "uv": [108, 126], "uv_size": [17, 1] },
                "south": { "uv": [125, 125], "uv_size": [1, 1] },
                "west": { "uv": [108, 126], "uv_size": [17, 1] },
                "up": { "uv": [125, 110], "uv_size": [1, 17] },
                "down": { "uv": [125, 127], "uv_size": [1, -17] }
              }
            },
            {
              "origin": [0, 10.76927, -33.0673],
              "size": [11.5, 1, 18],
              "uv": {
                "north": { "uv": [98.5, 107], "uv_size": [11.5, 1] },
                "east": { "uv": [110, 107], "uv_size": [18, 1] },
                "south": { "uv": [98.5, 107], "uv_size": [11.5, 1] },
                "west": { "uv": [110, 107], "uv_size": [18, 1] },
                "up": { "uv": [64, 100.5], "uv_size": [-64, -100.5] },
                "down": { "uv": [12.25, 128], "uv_size": [11.5, 0] }
              }
            },
            {
              "origin": [4.5, 11.26927, -19.0673],
              "size": [3, 0, 3],
              "pivot": [5.75, 11.26927, -14.5673],
              "rotation": [0, -42.5, 0],
              "uv": {
                "north": { "uv": [94, 126.5], "uv_size": [3, 0] },
                "east": { "uv": [94, 126.5], "uv_size": [3, 0] },
                "south": { "uv": [94, 126.5], "uv_size": [3, 0] },
                "west": { "uv": [94, 126.5], "uv_size": [3, 0] },
                "up": { "uv": [98, 122], "uv_size": [3, 3] },
                "down": { "uv": [60.75, 128], "uv_size": [21.5, 0] }
              }
            },
            {
              "origin": [4, 11.01927, -32.0673],
              "size": [3, 0, 3],
              "pivot": [5.25, 11.01927, -23.5673],
              "rotation": [0, -42.5, 0],
              "uv": {
                "north": { "uv": [94, 126.5], "uv_size": [3, 0] },
                "east": { "uv": [94, 126.5], "uv_size": [3, 0] },
                "south": { "uv": [94, 126.5], "uv_size": [3, 0] },
                "west": { "uv": [94, 126.5], "uv_size": [3, 0] },
                "up": { "uv": [98, 122], "uv_size": [3, 3] },
                "down": { "uv": [98, 125], "uv_size": [3, -3] }
              }
            }
          ]
        },
        {
          "name": "side_corner5",
          "parent": "left_half2",
          "pivot": [0, 9.76927, -24.0673],
          "cubes": [
            {
              "origin": [11.25, 9.76927, -17.0673],
              "size": [1, 1, 2],
              "inflate": 0.1,
              "uv": {
                "north": { "uv": [116.5, 127], "uv_size": [1, 1] },
                "east": { "uv": [123.75, 127], "uv_size": [2, 1] },
                "south": { "uv": [120.5, 127], "uv_size": [1, 1] },
                "west": { "uv": [123.75, 127], "uv_size": [2, 1] },
                "up": { "uv": [127, 126], "uv_size": [1, 2] },
                "down": { "uv": [127, 128], "uv_size": [1, -2] }
              }
            },
            {
              "origin": [10.05, 9.76927, -16.0673],
              "size": [1, 1, 1],
              "inflate": 0.1,
              "uv": {
                "north": { "uv": [127, 119.5], "uv_size": [1, 1] },
                "east": { "uv": [120, 127], "uv_size": [1, 1] },
                "south": { "uv": [127, 120.5], "uv_size": [1, 1] },
                "west": { "uv": [121, 127], "uv_size": [1, 1] },
                "up": { "uv": [122, 127], "uv_size": [1, 1] },
                "down": { "uv": [123, 128], "uv_size": [1, -1] }
              }
            }
          ]
        },
        {
          "name": "side_corner6",
          "parent": "left_half2",
          "pivot": [0, 9.76927, -24.0673],
          "cubes": [
            {
              "origin": [11.25, 9.76927, -33.0673],
              "size": [1, 1, 2],
              "inflate": 0.1,
              "uv": {
                "north": { "uv": [119.75, 127], "uv_size": [1, 1] },
                "east": { "uv": [121.5625, 127], "uv_size": [2, 1] },
                "south": { "uv": [127, 125], "uv_size": [1, 1] },
                "west": { "uv": [123.5625, 127], "uv_size": [2, 1] },
                "up": { "uv": [126, 126], "uv_size": [1, 2] },
                "down": { "uv": [127, 128], "uv_size": [1, -2] }
              }
            },
            {
              "origin": [10.05, 9.76927, -33.0673],
              "size": [1, 1, 1],
              "inflate": 0.1,
              "uv": {
                "north": { "uv": [125, 127], "uv_size": [1, 1] },
                "east": { "uv": [126.9375, 126], "uv_size": [1, 1] },
                "south": { "uv": [127, 127], "uv_size": [1, 1] },
                "west": { "uv": [127, 113.75], "uv_size": [1, 1] },
                "up": { "uv": [127, 114.75], "uv_size": [1, 1] },
                "down": { "uv": [127, 116.75], "uv_size": [1, -1] }
              }
            }
          ]
        },
        {
          "name": "page_that_turns2",
          "parent": "view_third_person",
          "pivot": [0, 10.76927, -23.1173],
          "rotation": [-90, 20, 0],
          "cubes": [
            {
              "origin": [-11.5, 10.76927, -32.1173],
              "size": [11.5, 0, 18],
              "uv": {
                "north": { "uv": [0, 0], "uv_size": [11.5, 0] },
                "east": { "uv": [0, 0], "uv_size": [18, 0] },
                "south": { "uv": [0, 0], "uv_size": [11.5, 0] },
                "west": { "uv": [0, 0], "uv_size": [18, 0] },
                "up": { "uv": [127.5, 100.5], "uv_size": [-63.5, -100.5] },
                "down": { "uv": [64, 0], "uv_size": [-64, 100.5] }
              }
            }
          ]
        }
      ]
    }
  ]
}
